transaction_id,timestamp,description,amount,currency,transaction_type,transaction_category,transaction_classification,merchant_name,running_balance_amount,running_balance_currency,meta_bank_transaction_id,meta_provider_category,meta_counterpart_sort_code,meta_counterpart_account_number
5812ce7b3cb27040f0d07a4a0fe322b5,2021-12-28T00:00:00Z,TSB CLEVELEYS,420.0,GBP,CREDIT,CASH,,,-640.42,GBP,,CSH,,
3782c89a7b1abd48cebdae8b58c99df6,2021-12-28T00:00:00Z,AMAZON INT'L,-36.59,GBP,DEBIT,PURCHASE,,,-677.01,GBP,,DEB,,
e955aaab4e01d5497c0222763ef6a808,2021-12-28T00:00:00Z,RETURNED DD,40.0,GBP,CREDIT,CREDIT,,,-637.01,GBP,,DEP,,
4e7cb06b6b829cdb68bd427b07bd6b55,2021-12-28T00:00:00Z,MR JOHN SMITH,-32.72,GBP,DEBIT,TRANSFER,,,-669.73,GBP,,TFR,,
47f4052b35fca8c7e5edd4a4417f3894,2021-12-28T00:00:00Z,WORKING TAX CREDIT,22.42,GBP,CREDIT,CREDIT,,,-647.31,GBP,,BGC,,
f1e387acc6152bd769f553305f916229,2021-12-27T00:00:00Z,MS JANE DOE,-7.93,GBP,DEBIT,TRANSFER,,,-655.24,GBP,,TFR,,
fd0f799d082a314b453583e2c4e4b105,2021-12-27T00:00:00Z,CIRCLE UK TRADING REFUND,50.59,GBP,CREDIT,CREDIT,,,-604.65,GBP,,DEP,,
871a73014ae5e259b26edf8c2d347822,2021-12-27T00:00:00Z,MS JANE DOE,15.86,GBP,CREDIT,TRANSFER,,,-588.79,GBP,,TFR,,
1dee02a1ec85dd9b9a7e049863321864,2021-12-27T00:00:00Z,DVLA LICENSE,-20.56,GBP,DEBIT,DIRECT_DEBIT,,,-609.35,GBP,,DD,,
5754f1143394866ec13a6f9b0f2dda5e,2021-12-27T00:00:00Z,E&L INSURANCE,-2.99,GBP,DEBIT,DIRECT_DEBIT,,,-612.34,GBP,,DD,,
45ba910111d646e41148bf0d1ff5b547,2021-12-27T00:00:00Z,TESCO ONLINE SHOPPING,-23.62,GBP,DEBIT,DIRECT_DEBIT,,,-635.96,GBP,,DD,,
518d698a7e5ff815371fd3ccad52f2d3,2021-12-27T00:00:00Z,PAYPAL EBAY,-7.56,GBP,DEBIT,PURCHASE,,,-643.52,GBP,,DEB,,
fc4604fd56fc2512aa117af58f163841,2021-12-25T00:00:00Z,CASHBACK,70.0,GBP,CREDIT,CASH,,,-573.52,GBP,,CSH,,
de3fbc5a3cd06b0be3541b2619fc6cf4,2021-12-25T00:00:00Z,MENS HEALTH SUBSCRIPTION,-24.5,GBP,DEBIT,DIRECT_DEBIT,,,-598.02,GBP,,DD,,
7f4ffe6d63c967adbc1d6b8fab0f1fcc,2021-12-25T00:00:00Z,OUTGOING DD,-10.0,GBP,DEBIT,DIRECT_DEBIT,,,-608.02,GBP,,DD,,
71fa2c11c1f632db354a9c81d62ec312,2021-12-25T00:00:00Z,SAVE THE CHANGE,-0.41,GBP,DEBIT,BILL_PAYMENT,,,-608.43,GBP,,BP,,
49eb356e5f0b16e8501bda8c5b79dbf7,2021-12-25T00:00:00Z,AMAZON PLC,-36.59,GBP,DEBIT,PURCHASE,,,-645.02,GBP,,DEB,,
d67ff07f41eeeafd4a6e9819de5442f4,2021-12-25T00:00:00Z,SAVE THE CHANGE,-0.5,GBP,DEBIT,BILL_PAYMENT,,,-645.52,GBP,,BP,,
df053a6702941a9c55cd7f282ad42e07,2021-12-25T00:00:00Z,WWW.BINGO.COM,-10.5,GBP,DEBIT,PURCHASE,,,-656.02,GBP,,DEB,,
2a5989df8ddcf258bdcf6416f701818c,2021-12-23T00:00:00Z,MORSES CLUB LTD,-30.0,GBP,DEBIT,PURCHASE,,,-626.02,GBP,,DEB,,
4eb2ef78fb60f1253dda2854621046b0,2021-12-23T00:00:00Z,ANYVAN LTD,32.5,GBP,CREDIT,CREDIT,,,-593.52,GBP,,FPI,,
5bf244719a82219e5e3c51f5fbc91dd8,2021-12-23T00:00:00Z,LNK ATM WITHDRAWAL,-100.0,GBP,DEBIT,ATM,,,-693.52,GBP,,CPT,,
cbd2663a23d643fc97aa4e33359f56db,2021-12-23T00:00:00Z,SAVE THE CHANGE,-1.57,GBP,DEBIT,BILL_PAYMENT,,,-695.09,GBP,,BP,,
a1da8e839f8eb18256fd29ece14dd5ca,2021-12-23T00:00:00Z,WWW.METROBANK.COM,-20.0,GBP,DEBIT,PURCHASE,,,-715.09,GBP,,DEB,,
d1d63438b0d3c4070bcf0da4857a50b5,2021-12-22T00:00:00Z,AMAZON INT'L,-5.0,GBP,DEBIT,PURCHASE,,,-720.09,GBP,,DEB,,
ba7d2f664a132200b7d3f979f5275545,2021-12-22T00:00:00Z,SAVE THE CHANGE,-0.01,GBP,DEBIT,BILL_PAYMENT,,,-720.1,GBP,,BP,,
9d7b6117d2d4fe15cb13d59eb3970f89,2021-12-22T00:00:00Z,TESCO MOBILE LTD,-39.25,GBP,DEBIT,PURCHASE,,,-759.35,GBP,,DEB,,
f1ec594cea1d2f52e5ffb3a3364bf0c6,2021-12-22T00:00:00Z,PAYPAL WWW.EBAY.COM,-36.59,GBP,DEBIT,PURCHASE,,,-795.94,GBP,,DEB,,
737e25610c190d4f2c33e10517afa9b4,2021-12-22T00:00:00Z,OAKAM LIMITED,-36.59,GBP,DEBIT,PURCHASE,,,-832.53,GBP,,DEB,,
d2a1af6355fcbb9b41678f2b53bf1a28,2021-12-20T00:00:00Z,REGENDA REDWING,-150.0,GBP,DEBIT,PURCHASE,,,-982.53,GBP,,DEB,,
3941ba78a66b907d47219458ec42b42a,2021-12-20T00:00:00Z,WORKING TAX CREDIT,22.42,GBP,CREDIT,CREDIT,,,-960.11,GBP,,BGC,,
b969ae7ae73edc7e9e1df71ea8ce41d9,2021-12-20T00:00:00Z,PARKRETAIL.CO.UK,-550.0,GBP,DEBIT,PURCHASE,,,-1510.11,GBP,,DEB,,
8b7be79065fd5ea8fc3d9960d8c85c50,2021-12-20T00:00:00Z,CHILD TAX CREDIT,345.13,GBP,CREDIT,CREDIT,,,-1164.98,GBP,,BGC,,
15b1d69bb2551b16cd5d90ec70a87a99,2021-12-19T00:00:00Z,AMAZON PRIME,-7.99,GBP,DEBIT,PURCHASE,,,-1172.97,GBP,,DEB,,
982ad6460b4850ea80cd2cda2a6bb777,2021-12-19T00:00:00Z,CLEVELEYS.COM,1450.42,GBP,CREDIT,CREDIT,,,277.45,GBP,,DEP,,
472dcd596edc717fa8ea7e1229b00f01,2021-12-18T00:00:00Z,CIRCLE UK TRADING,82.21,GBP,CREDIT,CREDIT,,,359.66,GBP,,FPI,,
8920226f8e12cc00f962a43e8bb56de0,2021-12-17T00:00:00Z,MR JOHN SMITH,137.6,GBP,CREDIT,CREDIT,,,497.26,GBP,,BGC,,
b9c57a05de268793339d2e0214f73824,2021-12-17T00:00:00Z,AA INSURANCE,-12.73,GBP,DEBIT,DIRECT_DEBIT,,,484.53,GBP,,DD,,
142be0e272fee89895ba47962a126652,2021-12-17T00:00:00Z,AXA WEALTH LTD,-40.0,GBP,DEBIT,DIRECT_DEBIT,,,444.53,GBP,,DD,,
aa27a2f6adbbb528714e47be28c31111,2021-12-17T00:00:00Z,MORRISONS PETROL,-20.0,GBP,DEBIT,PURCHASE,,,424.53,GBP,,DEB,,
5c7369fab507aa7aceda93ac8d1b7169,2021-12-17T00:00:00Z,SAVE THE CHANGE,-0.63,GBP,DEBIT,BILL_PAYMENT,,,423.9,GBP,,BP,,
e1384b159adeada55ab295388c812c9a,2021-12-17T00:00:00Z,TAILSCOM,-6.37,GBP,DEBIT,PURCHASE,,,417.53,GBP,,DEB,,
92e4f55c2dcb580c468469388ac1f7ba,2021-12-15T00:00:00Z,ASDA STOES LTD,-32.0,GBP,DEBIT,PURCHASE,,,385.53,GBP,,DEB,,
3bed707e147aeefd1a228ecaa12fedd1,2021-12-15T00:00:00Z,SAVE THE CHANGE,-0.55,GBP,DEBIT,BILL_PAYMENT,,,384.98,GBP,,BP,,
d94d08245dfc3c2c12b9d020088adf56,2021-12-15T00:00:00Z,AMAZON BLACK FRIDAY,-15.45,GBP,DEBIT,PURCHASE,,,369.53,GBP,,DEB,,
ba49c0a57fae832ccdb72273f05b88be,2021-12-15T00:00:00Z,SAVE THE CHANGE,-0.5,GBP,DEBIT,BILL_PAYMENT,,,369.03,GBP,,BP,,
1e8f521ad88d50b3d131f723852e6c85,2021-12-15T00:00:00Z,TESCO EXTRA,-3.59,GBP,DEBIT,PURCHASE,,,365.44,GBP,,DEB,,
66dd46dd81c2738c019a6d109688eea7,2021-12-15T00:00:00Z,PAYPAL EBAY,-10.0,GBP,DEBIT,PURCHASE,,,355.44,GBP,,DEB,,
4dbf8a1d12cd3f853abf851c278da382,2021-12-14T00:00:00Z,PAYPAL BETFRED,-2.0,GBP,DEBIT,PURCHASE,,,353.44,GBP,,DEB,,
6056e05e5c298b76f86983ba2ad7a71d,2021-12-14T00:00:00Z,MT SECURETRADE LIM,-20.5,GBP,DEBIT,PURCHASE,,,332.94,GBP,,DEB,,
48789e3836a0c0293d92b8dc6e60d2b0,2021-12-14T00:00:00Z,MT SECURETRADE LIM,43.5,GBP,CREDIT,PURCHASE,,,376.44,GBP,,DEB,,
8577121a4325c930f6d31324cc097f36,2021-12-12T00:00:00Z,SAVE THE CHANGE,-0.41,GBP,DEBIT,BILL_PAYMENT,,,376.03,GBP,,BP,,
30ff4c42a79a446fefdf43443aa0d233,2021-12-12T00:00:00Z,AA MEMBERSHIP,-23.11,GBP,DEBIT,DIRECT_DEBIT,,,352.92,GBP,,DD,,
8d31bea3e70a632f5d523bd7a4444364,2021-12-11T00:00:00Z,CIRCLE UK TRADING,50.0,GBP,CREDIT,CREDIT,,,402.92,GBP,,FPI,,
ebc07473cd0eae2492e90e46fcb46ccd,2021-12-11T00:00:00Z,MS JANE DOE,50.0,GBP,CREDIT,TRANSFER,,,452.92,GBP,,TFR,,
7fb833f37b64aa637e419b5082a6c8f2,2021-12-11T00:00:00Z,WORKING TAX CREDIT,22.42,GBP,CREDIT,CREDIT,,,475.34,GBP,,BGC,,
e9a04a624cedc07d87e45a670ee23470,2021-12-11T00:00:00Z,BUTLINS HOLIDAYS,-17.0,GBP,DEBIT,PURCHASE,,,458.34,GBP,,DEB,,
58bedd7d3436a330784f4ae75558ed0d,2021-12-10T00:00:00Z,AXA WEALTH LTD,-40.0,GBP,DEBIT,DIRECT_DEBIT,,,418.34,GBP,,DD,,
f5e00b79619d2876ba0d70556d740615,2021-12-10T00:00:00Z,ASDA STORES LTD,-5.0,GBP,DEBIT,PURCHASE,,,413.34,GBP,,DEB,,
e0aa76efb19f802ece51f52394756935,2021-12-10T00:00:00Z,RETURNED DD,40.0,GBP,CREDIT,CREDIT,,,453.34,GBP,,DEP,,
e0d35c5f64b7e636711505391e11ff6c,2021-12-10T00:00:00Z,CIRCLE UK TRADING,50.36,GBP,CREDIT,CREDIT,,,503.7,GBP,,FPI,,
7ec7a592a89502e0d5f236a5a8523ba2,2021-12-10T00:00:00Z,OUTGOING DD,-30.0,GBP,DEBIT,DIRECT_DEBIT,,,473.7,GBP,,DD,,
cd34666b8cec40e42c05eadae63f5782,2021-12-10T00:00:00Z,EDF ENERGY,-24.5,GBP,DEBIT,BILL_PAYMENT,,,449.2,GBP,,BP,,
4766360f681ec079c11687f8e5b9a8eb,2021-12-09T00:00:00Z,DVLA LICENCE,-23.62,GBP,DEBIT,DIRECT_DEBIT,,,425.58,GBP,,DD,,
0669c3595ed2c877bc16dfc2c93bd144,2021-12-09T00:00:00Z,DVLA TAX,-20.56,GBP,DEBIT,DIRECT_DEBIT,,,405.02,GBP,,DD,,
1e062153f4e4ef28768aae11aa257e34,2021-12-09T00:00:00Z,SAVE THE CHANGE,-0.41,GBP,DEBIT,BILL_PAYMENT,,,404.61,GBP,,BP,,
72bee23256db3a6f46bd529c52ef0653,2021-12-09T00:00:00Z,MS JANE DOE,70.0,GBP,CREDIT,TRANSFER,,,474.61,GBP,,TFR,,
c0e60f7a265efc628d390031f74c544d,2021-12-08T00:00:00Z,SAVE THE CHANGE,-0.01,GBP,DEBIT,BILL_PAYMENT,,,474.6,GBP,,BP,,
cff369fc3c37d5f77d780f632c260260,2021-12-08T00:00:00Z,WORKING TAX CREDIT,22.42,GBP,CREDIT,CREDIT,,,497.02,GBP,,BGC,,
8ccdd61f93985098e6e3a204200409f6,2021-12-08T00:00:00Z,CREDITREPORTSERVIC,-14.99,GBP,DEBIT,PURCHASE,,,482.03,GBP,,DEB,,
69b8efb1103c4bddfb42c07143fc9471,2021-12-08T00:00:00Z,REGENDA REDWING RE,-100.0,GBP,DEBIT,PURCHASE,,,382.03,GBP,,DEB,,
e2d4c5191eb29f792cb893985ee19ecb,2021-12-08T00:00:00Z,BROADWAY GAMING LT CD 0315,-10.0,GBP,DEBIT,PURCHASE,,,372.03,GBP,,DEB,,
e755b5fcd6622d15ccf13f3e9506c30e,2021-12-08T00:00:00Z,SAVE THE CHANGE,-0.69,GBP,DEBIT,BILL_PAYMENT,,,371.34,GBP,,BP,,
13822b2a80857a4edd56d2eb73c20073,2021-12-08T00:00:00Z,SAVE THE CHANGE,-1.04,GBP,DEBIT,BILL_PAYMENT,,,370.3,GBP,,BP,,
0ea6b3c3a9fa823e85388780df89f2b2,2021-12-08T00:00:00Z,BOOKER LIMITED BLA,-24.31,GBP,DEBIT,PURCHASE,,,345.99,GBP,,DEB,,
2245b8d74a9cd3aad48cc785d8601110,2021-12-07T00:00:00Z,EE & T-MOBILE,-82.37,GBP,DEBIT,PURCHASE,,,263.62,GBP,,DEB,,
63193627939c08fa6033bfd23fa11150,2021-12-07T00:00:00Z,SAVE THE CHANGE,-1.15,GBP,DEBIT,BILL_PAYMENT,,,262.47,GBP,,BP,,
1427cfa0d86abbdca18e355657b75c5a,2021-12-07T00:00:00Z,MS JANE DOE,-70.0,GBP,DEBIT,TRANSFER,,,192.47,GBP,,TFR,,
70f466b8e9606f36cffa60504e0246bd,2021-12-07T00:00:00Z,18db38 Betropolis LTD LC Betropolis,-10.0,GBP,DEBIT,PURCHASE,,,45.1,GBP,,DEB,,
81f5f10a6231e6fb234a93f358caeb3c,2021-12-06T00:00:00Z,TESCO MOBILE LTD,-28.25,GBP,DEBIT,PURCHASE,,,164.22,GBP,,DEB,,
3224ba7c7a9c321ecd2e87f1b0c3ae7d,2021-12-06T00:00:00Z,WORKING TAX CREDIT,22.42,GBP,CREDIT,CREDIT,,,186.64,GBP,,BGC,,
593e5389906a90dd8e0a46fd1126955f,2021-12-06T00:00:00Z,W M MORRISONS PLC,-12.89,GBP,DEBIT,PURCHASE,,,173.75,GBP,,DEB,,
f90670ba113ff01be4fa1b8ea911072b,2021-12-06T00:00:00Z,TESCO MOBILE LTD,-50.0,GBP,DEBIT,PURCHASE,,,123.75,GBP,,DEB,,
a23fffe236454e2846d2495e300c888d,2021-12-06T00:00:00Z,HOME BARGAINS FLEE,-9.71,GBP,DEBIT,PURCHASE,,,114.04,GBP,,DEB,,
2552f808fb50ad44ac146775319f0c13,2021-12-06T00:00:00Z,CHILD TAX CREDIT,346.35,GBP,CREDIT,CREDIT,,,460.39,GBP,,BGC,,
a98eb2ae4aa66b1c7fda30404e02d18c,2021-12-06T00:00:00Z,MR JOHN SMITH,137.6,GBP,CREDIT,CREDIT,,,597.99,GBP,,BGC,,
6f18af2ec9cd23ff832e2f319e454581,2021-12-06T00:00:00Z,MS JANE DOE,61.89,GBP,CREDIT,TRANSFER,,,659.88,GBP,,TFR,,
59dc5105ceda079bc8ee40ca12ba6863,2021-12-06T00:00:00Z,SAVE THE CHANGE,-0.01,GBP,DEBIT,BILL_PAYMENT,,,659.87,GBP,,BP,,
829abb3c008975c58a740efe5383af29,2021-12-06T00:00:00Z,AMAZON PRIME,-5.0,GBP,DEBIT,PURCHASE,,,654.87,GBP,,DEB,,
d74b173c8f87b3cf8759a9e6d476cb94,2021-12-05T00:00:00Z,LNK ATM WITHDRAWAL,-60.0,GBP,DEBIT,ATM,,,594.87,GBP,,CPT,,
21429c01a850f3578a922b5bb6250b35,2021-12-05T00:00:00Z,SAVE THE CHANGE,-1.89,GBP,DEBIT,BILL_PAYMENT,,,592.98,GBP,,BP,,
6f074086b9e6298409c14c8b0d320428,2021-12-05T00:00:00Z,THE INSURANCE EMPO,-5.79,GBP,DEBIT,DIRECT_DEBIT,,,587.19,GBP,,DD,,
55b77fbadd6c34885e722016f52a635c,2021-12-05T00:00:00Z,AMAZON PRIME,-7.99,GBP,DEBIT,PURCHASE,,,579.2,GBP,,DEB,,
1c60d7ca60b80ecdf99b5e84571011e1,2021-12-05T00:00:00Z,VANQUIS BANK,-23.15,GBP,DEBIT,PURCHASE,,,556.05,GBP,,DEB,,
2dda7855c8049abed5d1368085248994,2021-12-05T00:00:00Z,AA INSURANCE,-12.73,GBP,DEBIT,DIRECT_DEBIT,,,543.32,GBP,,DD,,
96dd94e222c401c6821c53a9687fe8e8,2021-12-05T00:00:00Z,WWW.TAILS.COM,-6.37,GBP,DEBIT,PURCHASE,,,536.95,GBP,,DEB,,
3d17013579601c2e85574dcfa907e430,2021-12-05T00:00:00Z,ANNATAR,-20.0,GBP,DEBIT,PURCHASE,,,516.95,GBP,,DEB,,
f63c9af34629311c8500346d818c2623,2021-12-04T00:00:00Z,ANNATAR LIMITED,10.0,GBP,CREDIT,PURCHASE,,,526.95,GBP,,DEB,,
9eae843b85a1b62f800d692d9def87d7,2021-12-04T00:00:00Z,ANYVAN LTD,70.0,GBP,CREDIT,CREDIT,,,596.95,GBP,,FPI,,
a414f1e01567de2963b7b86764e42554,2021-12-04T00:00:00Z,ANYVAN LTD,59.17,GBP,CREDIT,CREDIT,,,656.12,GBP,,FPI,,
b1853c0f6c86c01440147df905fe293b,2021-12-04T00:00:00Z,LNK ATM LONDON,-20.0,GBP,DEBIT,ATM,,,636.12,GBP,,CPT,,
8c2d5401005a7f6bba1c3ed80305a0e3,2021-12-04T00:00:00Z,LAPTOP DIRECT LTD.,-5.0,GBP,DEBIT,PURCHASE,,,631.12,GBP,,DEB,,
d3e6bc471d43b0ababad24cdf8bbb096,2021-12-04T00:00:00Z,ANIMAL FRIENDS LTD,-3.07,GBP,DEBIT,DIRECT_DEBIT,,,628.05,GBP,,DD,,
b49adaa5315ace7e55a9bbb3f8cc0138,2021-12-04T00:00:00Z,LNK ATM WITHDRAWAL,-100.0,GBP,DEBIT,ATM,,,528.05,GBP,,CPT,,
10bdad092e4317627e169965f02cab69,2021-12-04T00:00:00Z,MR JOHN SMITH,100.0,GBP,CREDIT,TRANSFER,,,628.05,GBP,,TFR,,
6eb1377a415befeef14e1645229f02c6,2021-12-04T00:00:00Z,INTUIT LIMITED,-3.59,GBP,DEBIT,DIRECT_DEBIT,,,624.46,GBP,,DD,,
676f7f3e2874eec4b4523a94f79adfa6,2021-12-04T00:00:00Z,PAYPAL EBAY,25.0,GBP,CREDIT,PURCHASE,,,649.46,GBP,,DEB,,
892421bb6b05820f24ae31b0fc013921,2021-12-04T00:00:00Z,RENT,-130.0,GBP,DEBIT,BILL_PAYMENT,,,519.46,GBP,,BP,,
d5c95b19c0023c3e1cb85b07d8a37af3,2021-12-03T00:00:00Z,MS JANE DOE,0.89,GBP,CREDIT,TRANSFER,,,520.35,GBP,,TFR,,
53fe5cf12281a973e1101c8674cfd6dd,2021-12-03T00:00:00Z,SAVE THE CHANGE,-0.41,GBP,DEBIT,BILL_PAYMENT,,,519.94,GBP,,BP,,
f7cd173d3f53cb665fe119f1d9724fef,2021-12-03T00:00:00Z,MS JANE DOE,130.0,GBP,CREDIT,TRANSFER,,,649.94,GBP,,TFR,,
a46a89416cf0f4476c81fee361a49d7f,2021-12-03T00:00:00Z,MR JOHN SMITH,7.0,GBP,CREDIT,TRANSFER,,,656.94,GBP,,TFR,,
a387f0589c8959770119f46491811c24,2021-12-03T00:00:00Z,AA MEMBERSHIP,-23.11,GBP,DEBIT,DIRECT_DEBIT,,,633.83,GBP,,DD,,
26c2b9b66109c5da2e5268149ac0e842,2021-12-03T00:00:00Z,VIRGIN GAMES,35.49,GBP,CREDIT,PURCHASE,,,669.32,GBP,,DEB,,
3c0e6de1d13ff672965015b63e6e4b9f,2021-12-03T00:00:00Z,SAVE THE CHANGE,-0.01,GBP,DEBIT,BILL_PAYMENT,,,669.31,GBP,,BP,,
2f2dbe783e328e4f90c2edff908033ef,2021-12-03T00:00:00Z,GOOGLE PLAY STORE,-2.99,GBP,DEBIT,PURCHASE,,,666.32,GBP,,DEB,,
0dc3bbeb8f4a320fac4da0fdc814d39a,2021-12-03T00:00:00Z,TESCO EXTRA,-30.0,GBP,DEBIT,PURCHASE,,,636.32,GBP,,DEB,,
eb4fc5c357f9e5d5b3948c3af95ca69a,2021-12-03T00:00:00Z,RETURNED DIRECT DEBIT,40.0,GBP,CREDIT,CREDIT,,,676.32,GBP,,DEP,,
110306ea71dfdd1b3af80183ed7e3838,2021-12-03T00:00:00Z,LNK ATM LONDON,-40.0,GBP,DEBIT,ATM,,,636.32,GBP,,CPT,,
59a77af6f3c6957578cb2e811ea6a8b4,2021-12-03T00:00:00Z,WWW.ASDA.COM,-5.0,GBP,DEBIT,PURCHASE,,,631.32,GBP,,DEB,,
7a2de648b3e43644ac64ee5d85c7be4a,2021-12-02T00:00:00Z,MR JOHN SMITH,30.0,GBP,CREDIT,TRANSFER,,,661.32,GBP,,TFR,,
5787db01d9326cc3f2322c4167630a8c,2021-12-02T00:00:00Z,LNK ATM LONDON,-30.0,GBP,DEBIT,ATM,,,631.32,GBP,,CPT,,
1d25107d951459ac22b08d6f98aae282,2021-12-02T00:00:00Z,MR JOHN SMITH,10.0,GBP,CREDIT,TRANSFER,,,641.32,GBP,,TFR,,
e5fdcf28002c1740a649fad9060fa7d0,2021-12-02T00:00:00Z,SAVE THE CHANGE,-0.59,GBP,DEBIT,BILL_PAYMENT,,,640.73,GBP,,BP,,
a58412fcdbba037d03f8a60d35acc763,2021-12-01T00:00:00Z,TALKTALK TELECOM,-46.82,GBP,DEBIT,PURCHASE,,,593.91,GBP,,DEB,,
8e0b8111a6103438f323315ecfcba16d,2021-12-01T00:00:00Z,ACCOUNT OVERDRAFT FEE,-0.01,GBP,DEBIT,BILL_PAYMENT,,,593.9,GBP,,BP,,
5c340debdf054ef6ae76cfa01d6f4421,2021-12-01T00:00:00Z,MR JOHN SMITH,-227.0,GBP,DEBIT,TRANSFER,,,366.9,GBP,,TFR,,
f201a0e265bc1e4538e06c8ab136f4bc,2021-12-01T00:00:00Z,TESCO,-39.99,GBP,DEBIT,PURCHASE,,,326.91,GBP,,DEB,,
d5240072243211e36a5d6f2b39f4c225,2021-12-01T00:00:00Z,REVOLUT,-0.01,GBP,DEBIT,PURCHASE,,,326.9,GBP,,DEB,,
b6fb932fc823df06eb4603210fff164f,2021-12-01T00:00:00Z,CENTRA,-0.01,GBP,DEBIT,PURCHASE,,,326.89,GBP,,DEB,,
768f2f7c4e11a8ebbccc6daae5742c08,2021-12-01T00:00:00Z,DUNNES STORES,-0.01,GBP,DEBIT,PURCHASE,,,326.88,GBP,,DEB,,
7c3745c9ca2bc9e541887c79b4ded0b0,2021-12-01T00:00:00Z,SPAR,-0.01,GBP,DEBIT,PURCHASE,,,326.87,GBP,,DEB,,
c2902ad64cac3acc171ef835b09c67b6,2021-12-01T00:00:00Z,SPAR,-0.01,GBP,DEBIT,PURCHASE,,,326.86,GBP,,DEB,,
8700e3648bf2eac5b0a09253b04e7ea4,2021-12-01T00:00:00Z,SUPERVALUE,-0.01,GBP,DEBIT,PURCHASE,,,326.85,GBP,,DEB,,
67087e1bf65b77222cde06b49f545fdc,2021-12-01T00:00:00Z,LIDL,-0.01,GBP,DEBIT,PURCHASE,,,326.84,GBP,,DEB,,
5b6a7be7d36af577fbf8c20c00716003,2021-12-01T00:00:00Z,APLLEGREEN,-0.01,GBP,DEBIT,PURCHASE,,,326.83,GBP,,DEB,,
81674f921541f047f5433813fec5736b,2021-12-01T00:00:00Z,MCDONALD'S,-0.01,GBP,DEBIT,PURCHASE,,,326.82,GBP,,DEB,,
5dae5ef06c8c3935db2b4e93f4c075b4,2021-12-01T00:00:00Z,HARVEY NORMAN,-0.01,GBP,DEBIT,PURCHASE,,,326.81,GBP,,DEB,,
ca6d70a85d2bc2ae2309f19b7bae7e4c,2021-12-01T00:00:00Z,ULSTER BANK,-0.01,GBP,DEBIT,PURCHASE,,,326.8,GBP,,DEB,,
6e8587aa115f18dfb105544f2231d5ca,2021-12-01T00:00:00Z,CIRCLE K,-0.01,GBP,DEBIT,PURCHASE,,,326.79,GBP,,DEB,,
b7bca50069547d22224f7a04fac59278,2021-12-01T00:00:00Z,BET365,-0.01,GBP,DEBIT,PURCHASE,,,326.78,GBP,,DEB,,
d9f3fc1b2ab1c9a7b48fe0be93579f1a,2021-12-01T00:00:00Z,ACCOUNT OVERDRAFT FEE,-0.01,GBP,DEBIT,BILL_PAYMENT,,,326.77,GBP,,BP,,
aa8f219b8c1ed6f569e3354e1e59da28,2021-12-01T00:00:00Z,Sainsbury's,-23.99,GBP,DEBIT,PURCHASE,,,302.78,GBP,,DEB,,
3d3cb9087a989c421d602e8cf781a5fb,2021-12-01T00:00:00Z,MR JOHN SMITH,-20.91,GBP,DEBIT,TRANSFER,,,282.78,GBP,,TFR,,
914cd196a588925cc2f5ce3af23ecd67,2021-12-01T00:00:00Z,NUDE FINANCE,-10.0,GBP,DEBIT,PURCHASE,,,272.78,GBP,,DEB,,
79d91fc0215d75cfa8629b74907735ba,2021-12-01T00:00:00Z,E.ON NEXT,-10.0,GBP,DEBIT,PURCHASE,,,262.78,GBP,,DEB,,
5d4c09029746fc97788f2e31521c0693,2021-12-01T00:00:00Z,L&G INSURANCE,-10.0,GBP,DEBIT,PURCHASE,,,252.78,GBP,,DEB,,
f8cdf75a14ee50b514046ee533e136fc,2021-12-01T00:00:00Z,HALIFAX,-10.0,GBP,DEBIT,PURCHASE,,,242.78,GBP,,DEB,,
b763ae949d13fb397602eca7e59a6586,2021-12-01T00:00:00Z,OVO ENERGY,-10.0,GBP,DEBIT,PURCHASE,,,232.78,GBP,,DEB,,
192189df3a15f392afe21acbc9482cbe,2021-11-28T00:00:00Z,TSB CLEVELEYS,420.0,GBP,CREDIT,CASH,,,-640.42,GBP,,CSH,,
ab6bc4f008d2c1b135ac28abeaec4778,2021-11-28T00:00:00Z,AMAZON INT'L,-36.59,GBP,DEBIT,PURCHASE,,,-677.01,GBP,,DEB,,
07fab745a0b69b5ff786ddcac8a00404,2021-11-28T00:00:00Z,RETURNED DD,40.0,GBP,CREDIT,CREDIT,,,-637.01,GBP,,DEP,,
601acfca30ec47f24732039c2d052ca8,2021-11-28T00:00:00Z,MR JOHN SMITH,-32.72,GBP,DEBIT,TRANSFER,,,-669.73,GBP,,TFR,,
8db95b7794914698ef7a5144eb742efc,2021-11-28T00:00:00Z,WORKING TAX CREDIT,22.42,GBP,CREDIT,CREDIT,,,-647.31,GBP,,BGC,,
5b2349e8f41160511bce071badcf8e7c,2021-11-27T00:00:00Z,MS JANE DOE,-7.93,GBP,DEBIT,TRANSFER,,,-655.24,GBP,,TFR,,
27acb7a66632e84cce463dc7dbb73c99,2021-11-27T00:00:00Z,CIRCLE UK TRADING REFUND,50.59,GBP,CREDIT,CREDIT,,,-604.65,GBP,,DEP,,
1dfc8de881a2bd95e82191887ae34943,2021-11-27T00:00:00Z,MS JANE DOE,15.86,GBP,CREDIT,TRANSFER,,,-588.79,GBP,,TFR,,
3ed64e3c63e28fd6cf2fd24fe74dfa14,2021-11-27T00:00:00Z,DVLA LICENSE,-20.56,GBP,DEBIT,DIRECT_DEBIT,,,-609.35,GBP,,DD,,
d1267d0c3db73adead5478bb0c53b600,2021-11-27T00:00:00Z,E&L INSURANCE,-2.99,GBP,DEBIT,DIRECT_DEBIT,,,-612.34,GBP,,DD,,
18d4a2e157d2aeed1947870d93d80bd8,2021-11-27T00:00:00Z,TESCO ONLINE SHOPPING,-23.62,GBP,DEBIT,DIRECT_DEBIT,,,-635.96,GBP,,DD,,
4e2c1ed2e04b97dba993c5dc165528af,2021-11-27T00:00:00Z,PAYPAL EBAY,-7.56,GBP,DEBIT,PURCHASE,,,-643.52,GBP,,DEB,,
f5b6c02db05ce24d449001869091be11,2021-11-25T00:00:00Z,CASHBACK,70.0,GBP,CREDIT,CASH,,,-573.52,GBP,,CSH,,
367280e7116209c70b4a02628f99a418,2021-11-25T00:00:00Z,MENS HEALTH SUBSCRIPTION,-24.5,GBP,DEBIT,DIRECT_DEBIT,,,-598.02,GBP,,DD,,
9443544959a72b2c1b39961c8f3588af,2021-11-25T00:00:00Z,OUTGOING DD,-10.0,GBP,DEBIT,DIRECT_DEBIT,,,-608.02,GBP,,DD,,
6d750ec5360b96c9f30936bf5a94fe60,2021-11-25T00:00:00Z,SAVE THE CHANGE,-0.41,GBP,DEBIT,BILL_PAYMENT,,,-608.43,GBP,,BP,,
c0f8e16268a5118d46bad8d90d5f87c3,2021-11-25T00:00:00Z,AMAZON PLC,-36.59,GBP,DEBIT,PURCHASE,,,-645.02,GBP,,DEB,,
55e09f17238455f5fc952b186a653309,2021-11-25T00:00:00Z,SAVE THE CHANGE,-0.5,GBP,DEBIT,BILL_PAYMENT,,,-645.52,GBP,,BP,,
8cfd4cb4f97e9f227663e60eb7b058dc,2021-11-25T00:00:00Z,WWW.BINGO.COM,-10.5,GBP,DEBIT,PURCHASE,,,-656.02,GBP,,DEB,,
8c43951524fa02ec064fc9bbebeefc3a,2021-11-23T00:00:00Z,MORSES CLUB LTD,-30.0,GBP,DEBIT,PURCHASE,,,-626.02,GBP,,DEB,,
db3d18fca5ebe43eaf6414b8be8190ff,2021-11-23T00:00:00Z,ANYVAN LTD,32.5,GBP,CREDIT,CREDIT,,,-593.52,GBP,,FPI,,
3c90545c8d0539c74d925991d6c51e8d,2021-11-23T00:00:00Z,LNK ATM WITHDRAWAL,-100.0,GBP,DEBIT,ATM,,,-693.52,GBP,,CPT,,
79c960d1add29a7c4e5086ea861a0c98,2021-11-23T00:00:00Z,SAVE THE CHANGE,-1.57,GBP,DEBIT,BILL_PAYMENT,,,-695.09,GBP,,BP,,
6bb76f0b1269398c7b2487b8112bf572,2021-11-23T00:00:00Z,WWW.METROBANK.COM,-20.0,GBP,DEBIT,PURCHASE,,,-715.09,GBP,,DEB,,
b0ad54247732c3b16cf4222fcef2e996,2021-11-22T00:00:00Z,AMAZON INT'L,-5.0,GBP,DEBIT,PURCHASE,,,-720.09,GBP,,DEB,,
2a08af2a9011a96c7ba9baeb123f5ad5,2021-11-22T00:00:00Z,SAVE THE CHANGE,-0.01,GBP,DEBIT,BILL_PAYMENT,,,-720.1,GBP,,BP,,
8f80af7c5696927441fbe17196bc6f20,2021-11-22T00:00:00Z,TESCO MOBILE LTD,-39.25,GBP,DEBIT,PURCHASE,,,-759.35,GBP,,DEB,,
32826624ce09affc83d2b3d267892cb3,2021-11-22T00:00:00Z,PAYPAL WWW.EBAY.COM,-36.59,GBP,DEBIT,PURCHASE,,,-795.94,GBP,,DEB,,
efa43b3a4da0ff73176c8dd1393f7723,2021-11-22T00:00:00Z,OAKAM LIMITED,-36.59,GBP,DEBIT,PURCHASE,,,-832.53,GBP,,DEB,,
924e18b160c224730c8866ea325d2ed4,2021-11-20T00:00:00Z,REGENDA REDWING,-150.0,GBP,DEBIT,PURCHASE,,,-982.53,GBP,,DEB,,
39418fcdb0b87c703719a2cab47fe0bd,2021-11-20T00:00:00Z,WORKING TAX CREDIT,22.42,GBP,CREDIT,CREDIT,,,-960.11,GBP,,BGC,,
108d37f874e1e6e8168b42bd7e767f3f,2021-11-20T00:00:00Z,PARKRETAIL.CO.UK,-550.0,GBP,DEBIT,PURCHASE,,,-1510.11,GBP,,DEB,,
5d3dc047e2579363ee3d08773e944392,2021-11-20T00:00:00Z,CHILD TAX CREDIT,345.13,GBP,CREDIT,CREDIT,,,-1164.98,GBP,,BGC,,
a07208cf3a67457288e8d7388197b7f2,2021-11-19T00:00:00Z,AMAZON PRIME,-7.99,GBP,DEBIT,PURCHASE,,,-1172.97,GBP,,DEB,,
32ea522ab91df4862df4151198ce48b7,2021-11-19T00:00:00Z,CLEVELEYS.COM,1450.42,GBP,CREDIT,CREDIT,,,277.45,GBP,,DEP,,
115bb6d555c45e7f346604ae6866f0ad,2021-11-18T00:00:00Z,CIRCLE UK TRADING,82.21,GBP,CREDIT,CREDIT,,,359.66,GBP,,FPI,,
9dd31b76de3199d51eb970d81b0b6d86,2021-11-17T00:00:00Z,MR JOHN SMITH,137.6,GBP,CREDIT,CREDIT,,,497.26,GBP,,BGC,,
1aba4d0202cb06d77af74e091b104de0,2021-11-17T00:00:00Z,AA INSURANCE,-12.73,GBP,DEBIT,DIRECT_DEBIT,,,484.53,GBP,,DD,,
a300cd4991bb12f79130ce02f14998b5,2021-11-17T00:00:00Z,AXA WEALTH LTD,-40.0,GBP,DEBIT,DIRECT_DEBIT,,,444.53,GBP,,DD,,
2b217df879d7110ef4103bdb43d09140,2021-11-17T00:00:00Z,MORRISONS PETROL,-20.0,GBP,DEBIT,PURCHASE,,,424.53,GBP,,DEB,,
1891b985a71150a8fac222544a062d82,2021-11-17T00:00:00Z,SAVE THE CHANGE,-0.63,GBP,DEBIT,BILL_PAYMENT,,,423.9,GBP,,BP,,
8513a23a29c3caf209cb55ec6991a72a,2021-11-17T00:00:00Z,TAILSCOM,-6.37,GBP,DEBIT,PURCHASE,,,417.53,GBP,,DEB,,
bc6606185a7f9c6f4e4f6feccb6b7cfd,2021-11-15T00:00:00Z,ASDA STOES LTD,-32.0,GBP,DEBIT,PURCHASE,,,385.53,GBP,,DEB,,
c30169dbf35f4fc2d25b49309dbc5ac1,2021-11-15T00:00:00Z,SAVE THE CHANGE,-0.55,GBP,DEBIT,BILL_PAYMENT,,,384.98,GBP,,BP,,
cb9870b833e537224fe14b24031892bf,2021-11-15T00:00:00Z,AMAZON BLACK FRIDAY,-15.45,GBP,DEBIT,PURCHASE,,,369.53,GBP,,DEB,,
009e3eccaba52084441c5310bccc7215,2021-11-15T00:00:00Z,SAVE THE CHANGE,-0.5,GBP,DEBIT,BILL_PAYMENT,,,369.03,GBP,,BP,,
2fc1799195bcee26fec3e50427912ca7,2021-11-15T00:00:00Z,TESCO EXTRA,-3.59,GBP,DEBIT,PURCHASE,,,365.44,GBP,,DEB,,
9045bd38f6bd9a4d1bfde875c556f564,2021-11-15T00:00:00Z,PAYPAL EBAY,-10.0,GBP,DEBIT,PURCHASE,,,355.44,GBP,,DEB,,
01db231dd06e7f91ecfdb6ec93761c0c,2021-11-14T00:00:00Z,PAYPAL BETFRED,-2.0,GBP,DEBIT,PURCHASE,,,353.44,GBP,,DEB,,
826d1c5fc4e61db77fd708f5548f177e,2021-11-14T00:00:00Z,MT SECURETRADE LIM,-20.5,GBP,DEBIT,PURCHASE,,,332.94,GBP,,DEB,,
5fdd1dcc249cdcd97a46bb058810e328,2021-11-14T00:00:00Z,MT SECURETRADE LIM,43.5,GBP,CREDIT,PURCHASE,,,376.44,GBP,,DEB,,
6453b4b91d4a64eed1ea1ea81bfe4653,2021-11-12T00:00:00Z,SAVE THE CHANGE,-0.41,GBP,DEBIT,BILL_PAYMENT,,,376.03,GBP,,BP,,
46197f008c1490e43fa0ab2741cfd17a,2021-11-12T00:00:00Z,AA MEMBERSHIP,-23.11,GBP,DEBIT,DIRECT_DEBIT,,,352.92,GBP,,DD,,
a6f6128137441a6cc88c524805c52fb2,2021-11-11T00:00:00Z,CIRCLE UK TRADING,50.0,GBP,CREDIT,CREDIT,,,402.92,GBP,,FPI,,
71482345d4deb2af823d39f4606a48a2,2021-11-11T00:00:00Z,MS JANE DOE,50.0,GBP,CREDIT,TRANSFER,,,452.92,GBP,,TFR,,
8e527f4d32a3d8c305e63b49e9087607,2021-11-11T00:00:00Z,WORKING TAX CREDIT,22.42,GBP,CREDIT,CREDIT,,,475.34,GBP,,BGC,,
09a0a776822ba81929410240fcbb9bf5,2021-11-11T00:00:00Z,BUTLINS HOLIDAYS,-17.0,GBP,DEBIT,PURCHASE,,,458.34,GBP,,DEB,,
6297f8ca2e731bd8dcfd00f4b3f89b6b,2021-11-10T00:00:00Z,AXA WEALTH LTD,-40.0,GBP,DEBIT,DIRECT_DEBIT,,,418.34,GBP,,DD,,
a9479cccc07b5b9b11862eb610f93954,2021-11-10T00:00:00Z,ASDA STORES LTD,-5.0,GBP,DEBIT,PURCHASE,,,413.34,GBP,,DEB,,
1686288f9c34fe5a951f79bb73df2052,2021-11-10T00:00:00Z,RETURNED DD,40.0,GBP,CREDIT,CREDIT,,,453.34,GBP,,DEP,,
f4bbba3014de2f6d6069784054cd8bbd,2021-11-10T00:00:00Z,CIRCLE UK TRADING,50.36,GBP,CREDIT,CREDIT,,,503.7,GBP,,FPI,,
a5a38ca9e15b6414203c68944c748f1e,2021-11-10T00:00:00Z,OUTGOING DD,-30.0,GBP,DEBIT,DIRECT_DEBIT,,,473.7,GBP,,DD,,
cd61274f360b1d08e456f95fdd8539f7,2021-11-10T00:00:00Z,EDF ENERGY,-24.5,GBP,DEBIT,BILL_PAYMENT,,,449.2,GBP,,BP,,
84396ff22bdbe1c418613dc6910b8724,2021-11-09T00:00:00Z,DVLA LICENCE,-23.62,GBP,DEBIT,DIRECT_DEBIT,,,425.58,GBP,,DD,,
6b9a168e9b4b3f58939487de8b1c46c3,2021-11-09T00:00:00Z,DVLA TAX,-20.56,GBP,DEBIT,DIRECT_DEBIT,,,405.02,GBP,,DD,,
d59617e733a68a80a45a7b38c404d7f4,2021-11-09T00:00:00Z,SAVE THE CHANGE,-0.41,GBP,DEBIT,BILL_PAYMENT,,,404.61,GBP,,BP,,
bf2542489179b44915c6669cb55d5098,2021-11-09T00:00:00Z,MS JANE DOE,70.0,GBP,CREDIT,TRANSFER,,,474.61,GBP,,TFR,,
981beb620079396e5d066b5c9d109f47,2021-11-08T00:00:00Z,SAVE THE CHANGE,-0.01,GBP,DEBIT,BILL_PAYMENT,,,474.6,GBP,,BP,,
f128e5f582a4103ac01d2dfbd82fb9b9,2021-11-08T00:00:00Z,WORKING TAX CREDIT,22.42,GBP,CREDIT,CREDIT,,,497.02,GBP,,BGC,,
658247f8730a30342040eec0d13da80a,2021-11-08T00:00:00Z,CREDITREPORTSERVIC,-14.99,GBP,DEBIT,PURCHASE,,,482.03,GBP,,DEB,,
e59548c5ffdcbd241072b03be0ce9348,2021-11-08T00:00:00Z,REGENDA REDWING RE,-100.0,GBP,DEBIT,PURCHASE,,,382.03,GBP,,DEB,,
7f11c200805bb869cb8b634610d10d51,2021-11-08T00:00:00Z,BROADWAY GAMING LT CD 0315,-10.0,GBP,DEBIT,PURCHASE,,,372.03,GBP,,DEB,,
a0cd02f1958257484bd1cc090043de29,2021-11-08T00:00:00Z,SAVE THE CHANGE,-0.69,GBP,DEBIT,BILL_PAYMENT,,,371.34,GBP,,BP,,
3e67eb16dcd27605bca07b9dc9a5fbd1,2021-11-08T00:00:00Z,SAVE THE CHANGE,-1.04,GBP,DEBIT,BILL_PAYMENT,,,370.3,GBP,,BP,,
7f1e50c1fcbe0ce9410b409b03c79178,2021-11-08T00:00:00Z,BOOKER LIMITED BLA,-24.31,GBP,DEBIT,PURCHASE,,,345.99,GBP,,DEB,,
c4823d8e2e9a4e7d1c5d6f268ea4c923,2021-11-07T00:00:00Z,EE & T-MOBILE,-82.37,GBP,DEBIT,PURCHASE,,,263.62,GBP,,DEB,,
34582fb808cb1f09f34cab2d6ca0e7ff,2021-11-07T00:00:00Z,SAVE THE CHANGE,-1.15,GBP,DEBIT,BILL_PAYMENT,,,262.47,GBP,,BP,,
ecbace9ea922c7900a38c8ef918393c9,2021-11-07T00:00:00Z,MS JANE DOE,-70.0,GBP,DEBIT,TRANSFER,,,192.47,GBP,,TFR,,
eda83dea8b5d152934a8d1f9b05d5852,2021-11-07T00:00:00Z,18db38 Betropolis LTD LC Betropolis,-10.0,GBP,DEBIT,PURCHASE,,,45.1,GBP,,DEB,,
7967a04ee280ff500fdabee8ac561c84,2021-11-06T00:00:00Z,TESCO MOBILE LTD,-28.25,GBP,DEBIT,PURCHASE,,,164.22,GBP,,DEB,,
585d5aaf07c23d15f45b3d271eba859d,2021-11-06T00:00:00Z,WORKING TAX CREDIT,22.42,GBP,CREDIT,CREDIT,,,186.64,GBP,,BGC,,
a0a87bf9eac1909551b487e5c3c44dde,2021-11-06T00:00:00Z,W M MORRISONS PLC,-12.89,GBP,DEBIT,PURCHASE,,,173.75,GBP,,DEB,,
643e14038684d48e5cefca1580a223ce,2021-11-06T00:00:00Z,TESCO MOBILE LTD,-50.0,GBP,DEBIT,PURCHASE,,,123.75,GBP,,DEB,,
7765eac4bad10aaa68bb35164e3c510f,2021-11-06T00:00:00Z,HOME BARGAINS FLEE,-9.71,GBP,DEBIT,PURCHASE,,,114.04,GBP,,DEB,,
e4a96509d3349c5ef48cca8586ec8ffa,2021-11-06T00:00:00Z,CHILD TAX CREDIT,346.35,GBP,CREDIT,CREDIT,,,460.39,GBP,,BGC,,
0c2107e9cfa732fc9ddaccd956e3ca4d,2021-11-06T00:00:00Z,MR JOHN SMITH,137.6,GBP,CREDIT,CREDIT,,,597.99,GBP,,BGC,,
9df96f3a43482796016c9f7eff4b1fbc,2021-11-06T00:00:00Z,MS JANE DOE,61.89,GBP,CREDIT,TRANSFER,,,659.88,GBP,,TFR,,
4690f708f798ce4f25376da3eaf85b97,2021-11-06T00:00:00Z,SAVE THE CHANGE,-0.01,GBP,DEBIT,BILL_PAYMENT,,,659.87,GBP,,BP,,
8efafd6f470a2a51888ae19d07523ad8,2021-11-06T00:00:00Z,AMAZON PRIME,-5.0,GBP,DEBIT,PURCHASE,,,654.87,GBP,,DEB,,
6de8de263a23c43896b5094f8a8319e2,2021-11-05T00:00:00Z,LNK ATM WITHDRAWAL,-60.0,GBP,DEBIT,ATM,,,594.87,GBP,,CPT,,
a74bd61d3b351f799f2fd65ab941d0ad,2021-11-05T00:00:00Z,SAVE THE CHANGE,-1.89,GBP,DEBIT,BILL_PAYMENT,,,592.98,GBP,,BP,,
f29333a27410145fc09cf9d7c6ace17d,2021-11-05T00:00:00Z,THE INSURANCE EMPO,-5.79,GBP,DEBIT,DIRECT_DEBIT,,,587.19,GBP,,DD,,
7c8ffe8ac2307a5691b59e4e77925e28,2021-11-05T00:00:00Z,AMAZON PRIME,-7.99,GBP,DEBIT,PURCHASE,,,579.2,GBP,,DEB,,
873c8fb1ffe58b8ca54e02706ab661bd,2021-11-05T00:00:00Z,VANQUIS BANK,-23.15,GBP,DEBIT,PURCHASE,,,556.05,GBP,,DEB,,
814d9ce2791789e826a943ccf077fa61,2021-11-05T00:00:00Z,AA INSURANCE,-12.73,GBP,DEBIT,DIRECT_DEBIT,,,543.32,GBP,,DD,,
cf121cbb42af4da3c91f38e9e936b364,2021-11-05T00:00:00Z,WWW.TAILS.COM,-6.37,GBP,DEBIT,PURCHASE,,,536.95,GBP,,DEB,,
51923bba90cbc6f5ebfd7eee2575dc81,2021-11-05T00:00:00Z,ANNATAR,-20.0,GBP,DEBIT,PURCHASE,,,516.95,GBP,,DEB,,
c6aed1f5f581ecd3ccc0e6bf5b59178f,2021-11-04T00:00:00Z,ANNATAR LIMITED,10.0,GBP,CREDIT,PURCHASE,,,526.95,GBP,,DEB,,
a77bd5aa7f96930b6e8a8a101f8a8d8d,2021-11-04T00:00:00Z,ANYVAN LTD,70.0,GBP,CREDIT,CREDIT,,,596.95,GBP,,FPI,,
963557d3e6f48e28df0ed06400b0484d,2021-11-04T00:00:00Z,ANYVAN LTD,59.17,GBP,CREDIT,CREDIT,,,656.12,GBP,,FPI,,
cd7c70d26119138a5da4981be7adc4c0,2021-11-04T00:00:00Z,LNK ATM LONDON,-20.0,GBP,DEBIT,ATM,,,636.12,GBP,,CPT,,
e27d6d8d8f6081b33820c731a2b7f402,2021-11-04T00:00:00Z,LAPTOP DIRECT LTD.,-5.0,GBP,DEBIT,PURCHASE,,,631.12,GBP,,DEB,,
bc00742bfbd0e271b3b32fc2185d04fe,2021-11-04T00:00:00Z,ANIMAL FRIENDS LTD,-3.07,GBP,DEBIT,DIRECT_DEBIT,,,628.05,GBP,,DD,,
1bf5ab6dd671d8f812ea417a6ea6b866,2021-11-04T00:00:00Z,LNK ATM WITHDRAWAL,-100.0,GBP,DEBIT,ATM,,,528.05,GBP,,CPT,,
7b61f715da2ebbd146e355a24ff7f270,2021-11-04T00:00:00Z,MR JOHN SMITH,100.0,GBP,CREDIT,TRANSFER,,,628.05,GBP,,TFR,,
e7e8eb63710e23177d160f9b0e1f43fe,2021-11-04T00:00:00Z,INTUIT LIMITED,-3.59,GBP,DEBIT,DIRECT_DEBIT,,,624.46,GBP,,DD,,
611be93ef0060b00b0c02965e9f3319c,2021-11-04T00:00:00Z,PAYPAL EBAY,25.0,GBP,CREDIT,PURCHASE,,,649.46,GBP,,DEB,,
df58b568f47aeb26a586abd5f32d0dfb,2021-11-04T00:00:00Z,RENT,-130.0,GBP,DEBIT,BILL_PAYMENT,,,519.46,GBP,,BP,,
de566598ce85995fef3033cbf1fb223c,2021-11-03T00:00:00Z,MS JANE DOE,0.89,GBP,CREDIT,TRANSFER,,,520.35,GBP,,TFR,,
3bef8e7f5fd89c47d295964ad5a921bb,2021-11-03T00:00:00Z,SAVE THE CHANGE,-0.41,GBP,DEBIT,BILL_PAYMENT,,,519.94,GBP,,BP,,
40d3dd32451c4fbb1e51f02898ce38e9,2021-11-03T00:00:00Z,MS JANE DOE,130.0,GBP,CREDIT,TRANSFER,,,649.94,GBP,,TFR,,
a3f9e5da50f3baee06a6eb94a2c4216c,2021-11-03T00:00:00Z,MR JOHN SMITH,7.0,GBP,CREDIT,TRANSFER,,,656.94,GBP,,TFR,,
14dcfb3960177a0409f273068f3e110b,2021-11-03T00:00:00Z,AA MEMBERSHIP,-23.11,GBP,DEBIT,DIRECT_DEBIT,,,633.83,GBP,,DD,,
4c505b4107aafab308dce78028ae0b16,2021-11-03T00:00:00Z,VIRGIN GAMES,35.49,GBP,CREDIT,PURCHASE,,,669.32,GBP,,DEB,,
20a98cf39a85ffdcfd7d5b5f920fb2ac,2021-11-03T00:00:00Z,SAVE THE CHANGE,-0.01,GBP,DEBIT,BILL_PAYMENT,,,669.31,GBP,,BP,,
22aea17d4059bd133d378aa4fa59c631,2021-11-03T00:00:00Z,GOOGLE PLAY STORE,-2.99,GBP,DEBIT,PURCHASE,,,666.32,GBP,,DEB,,
83bb30adddfb1180974fa2c2310f72e9,2021-11-03T00:00:00Z,TESCO EXTRA,-30.0,GBP,DEBIT,PURCHASE,,,636.32,GBP,,DEB,,
5a9e81dc16319bb8e80c0425ffee27f5,2021-11-03T00:00:00Z,RETURNED DIRECT DEBIT,40.0,GBP,CREDIT,CREDIT,,,676.32,GBP,,DEP,,
f150533a89c0a642a7e7fae0888d2a44,2021-11-03T00:00:00Z,LNK ATM LONDON,-40.0,GBP,DEBIT,ATM,,,636.32,GBP,,CPT,,
4e57fd1dce3d4428511834972ba577ca,2021-11-03T00:00:00Z,WWW.ASDA.COM,-5.0,GBP,DEBIT,PURCHASE,,,631.32,GBP,,DEB,,
b79c389a158b331a73d778da4dc09c73,2021-11-02T00:00:00Z,MR JOHN SMITH,30.0,GBP,CREDIT,TRANSFER,,,661.32,GBP,,TFR,,
484206c028462888ad967eaa0ebd108e,2021-11-02T00:00:00Z,LNK ATM LONDON,-30.0,GBP,DEBIT,ATM,,,631.32,GBP,,CPT,,
3033f5f1a84bfdafc2a722090430d8b2,2021-11-02T00:00:00Z,MR JOHN SMITH,10.0,GBP,CREDIT,TRANSFER,,,641.32,GBP,,TFR,,
10b13f632ab33a9d20d39def88f59a4a,2021-11-02T00:00:00Z,SAVE THE CHANGE,-0.59,GBP,DEBIT,BILL_PAYMENT,,,640.73,GBP,,BP,,
178b100ccfa98c3e9519eb249c95c90c,2021-11-01T00:00:00Z,TALKTALK TELECOM,-46.82,GBP,DEBIT,PURCHASE,,,593.91,GBP,,DEB,,
3f215d09e60415f06a8135b68d7fab6d,2021-11-01T00:00:00Z,ACCOUNT OVERDRAFT FEE,-0.01,GBP,DEBIT,BILL_PAYMENT,,,593.9,GBP,,BP,,
472386fc18d0ee4756e5fcebb5b1c378,2021-11-01T00:00:00Z,MR JOHN SMITH,-227.0,GBP,DEBIT,TRANSFER,,,366.9,GBP,,TFR,,
d5378e4e3119f994bb339b9756087fe9,2021-11-01T00:00:00Z,TESCO,-39.99,GBP,DEBIT,PURCHASE,,,326.91,GBP,,DEB,,
3442634188040436e121c828ba5560f9,2021-11-01T00:00:00Z,REVOLUT,-0.01,GBP,DEBIT,PURCHASE,,,326.9,GBP,,DEB,,
851badf544798a6a20f7586cb6422221,2021-11-01T00:00:00Z,CENTRA,-0.01,GBP,DEBIT,PURCHASE,,,326.89,GBP,,DEB,,
9ba7411ab6d50ffa5136de2ea891bd93,2021-11-01T00:00:00Z,DUNNES STORES,-0.01,GBP,DEBIT,PURCHASE,,,326.88,GBP,,DEB,,
79a1919229885cc3c381c2bd53d0f4c8,2021-11-01T00:00:00Z,SPAR,-0.01,GBP,DEBIT,PURCHASE,,,326.87,GBP,,DEB,,
172b8de3601cfdda502cacf5cfd257a3,2021-11-01T00:00:00Z,SPAR,-0.01,GBP,DEBIT,PURCHASE,,,326.86,GBP,,DEB,,
322b878319b65559b1b505986a5ae84b,2021-11-01T00:00:00Z,SUPERVALUE,-0.01,GBP,DEBIT,PURCHASE,,,326.85,GBP,,DEB,,
d8afb07b946d25020418c3c59781cc91,2021-11-01T00:00:00Z,LIDL,-0.01,GBP,DEBIT,PURCHASE,,,326.84,GBP,,DEB,,
83c9e2f826d9e3b17e9fc1111afdd989,2021-11-01T00:00:00Z,APLLEGREEN,-0.01,GBP,DEBIT,PURCHASE,,,326.83,GBP,,DEB,,
d08647c84a54b6653c4b50fe67070975,2021-11-01T00:00:00Z,MCDONALD'S,-0.01,GBP,DEBIT,PURCHASE,,,326.82,GBP,,DEB,,
8136987c0ba615af6c570c5fcd8b7733,2021-11-01T00:00:00Z,HARVEY NORMAN,-0.01,GBP,DEBIT,PURCHASE,,,326.81,GBP,,DEB,,
7450a04281eb025a38d094d4c7cb9403,2021-11-01T00:00:00Z,ULSTER BANK,-0.01,GBP,DEBIT,PURCHASE,,,326.8,GBP,,DEB,,
4d4b910b04bd2875d510af9ef6663e85,2021-11-01T00:00:00Z,CIRCLE K,-0.01,GBP,DEBIT,PURCHASE,,,326.79,GBP,,DEB,,
fd19a7977c01aa53bf286fd45fc429bb,2021-11-01T00:00:00Z,BET365,-0.01,GBP,DEBIT,PURCHASE,,,326.78,GBP,,DEB,,
8411d248851fa71f326d73e796028701,2021-11-01T00:00:00Z,ACCOUNT OVERDRAFT FEE,-0.01,GBP,DEBIT,BILL_PAYMENT,,,326.77,GBP,,BP,,
5eead00777e243d3ada8930e2aee01dd,2021-11-01T00:00:00Z,Sainsbury's,-23.99,GBP,DEBIT,PURCHASE,,,302.78,GBP,,DEB,,
4d8dd61d853020c93d7edbe650c4ed1f,2021-11-01T00:00:00Z,MR JOHN SMITH,-20.91,GBP,DEBIT,TRANSFER,,,282.78,GBP,,TFR,,
423bb10ea26473a9c37b2e24aa39597c,2021-11-01T00:00:00Z,NUDE FINANCE,-10.0,GBP,DEBIT,PURCHASE,,,272.78,GBP,,DEB,,
d3866d50258126b8cb2a61f8b16c13f8,2021-11-01T00:00:00Z,E.ON NEXT,-10.0,GBP,DEBIT,PURCHASE,,,262.78,GBP,,DEB,,
70e8e1c863f5cc780b35deb94e697b68,2021-11-01T00:00:00Z,L&G INSURANCE,-10.0,GBP,DEBIT,PURCHASE,,,252.78,GBP,,DEB,,
026349a44f3930dc5de48348ab1ed62a,2021-11-01T00:00:00Z,HALIFAX,-10.0,GBP,DEBIT,PURCHASE,,,242.78,GBP,,DEB,,
893144b161d66531304d72a79c6c24f2,2021-11-01T00:00:00Z,OVO ENERGY,-10.0,GBP,DEBIT,PURCHASE,,,232.78,GBP,,DEB,,
13199d2f75e7f344efdb58b74ca28a6c,2021-10-28T00:00:00Z,TSB CLEVELEYS,420.0,GBP,CREDIT,CASH,,,-640.42,GBP,,CSH,,
51216a724e333bf0019fe996c93f12c7,2021-10-28T00:00:00Z,AMAZON INT'L,-36.59,GBP,DEBIT,PURCHASE,,,-677.01,GBP,,DEB,,
d9260a48b5028280d264f4e130ae8f1a,2021-10-28T00:00:00Z,RETURNED DD,40.0,GBP,CREDIT,CREDIT,,,-637.01,GBP,,DEP,,
6bd1f29620095870684c03baba86c62e,2021-10-28T00:00:00Z,MR JOHN SMITH,-32.72,GBP,DEBIT,TRANSFER,,,-669.73,GBP,,TFR,,
be2fdc0640ded5c1cf88def5d3c8bd05,2021-10-28T00:00:00Z,WORKING TAX CREDIT,22.42,GBP,CREDIT,CREDIT,,,-647.31,GBP,,BGC,,
f4c5816ac48dd322ed9d3c9fb6c45af9,2021-10-27T00:00:00Z,MS JANE DOE,-7.93,GBP,DEBIT,TRANSFER,,,-655.24,GBP,,TFR,,
cfd7a07266ec0c618e696923913d2627,2021-10-27T00:00:00Z,CIRCLE UK TRADING REFUND,50.59,GBP,CREDIT,CREDIT,,,-604.65,GBP,,DEP,,
3487541cf6ff116bf4df52d9db92a5e4,2021-10-27T00:00:00Z,MS JANE DOE,15.86,GBP,CREDIT,TRANSFER,,,-588.79,GBP,,TFR,,
ff0ab44db985e3183dd8f1800c9cb871,2021-10-27T00:00:00Z,DVLA LICENSE,-20.56,GBP,DEBIT,DIRECT_DEBIT,,,-609.35,GBP,,DD,,
f6fad83c68bac5a28edd390f78094422,2021-10-27T00:00:00Z,E&L INSURANCE,-2.99,GBP,DEBIT,DIRECT_DEBIT,,,-612.34,GBP,,DD,,
d31c36e6f0e0148a4c25bda8e2edb19a,2021-10-27T00:00:00Z,TESCO ONLINE SHOPPING,-23.62,GBP,DEBIT,DIRECT_DEBIT,,,-635.96,GBP,,DD,,
d2ce81f4e7ca7fa74602a286816e0bc7,2021-10-27T00:00:00Z,PAYPAL EBAY,-7.56,GBP,DEBIT,PURCHASE,,,-643.52,GBP,,DEB,,
118817887b8f69ab966c4ed3f4ed2ec0,2021-10-25T00:00:00Z,CASHBACK,70.0,GBP,CREDIT,CASH,,,-573.52,GBP,,CSH,,
dc9e3189d8bc8830605ada1f45e1480a,2021-10-25T00:00:00Z,MENS HEALTH SUBSCRIPTION,-24.5,GBP,DEBIT,DIRECT_DEBIT,,,-598.02,GBP,,DD,,
33e6ba2330256d4af10c1094bb0b5e41,2021-10-25T00:00:00Z,OUTGOING DD,-10.0,GBP,DEBIT,DIRECT_DEBIT,,,-608.02,GBP,,DD,,
ebd40093c5117a43f502f74981b4f294,2021-10-25T00:00:00Z,SAVE THE CHANGE,-0.41,GBP,DEBIT,BILL_PAYMENT,,,-608.43,GBP,,BP,,
f1ee37c7b0f9342556db9d15c90c9c83,2021-10-25T00:00:00Z,AMAZON PLC,-36.59,GBP,DEBIT,PURCHASE,,,-645.02,GBP,,DEB,,
87bf4f7950fe7e413c12a39c1ae3545d,2021-10-25T00:00:00Z,SAVE THE CHANGE,-0.5,GBP,DEBIT,BILL_PAYMENT,,,-645.52,GBP,,BP,,
d969c5dda5ab2924450ef856b85face3,2021-10-25T00:00:00Z,WWW.BINGO.COM,-10.5,GBP,DEBIT,PURCHASE,,,-656.02,GBP,,DEB,,
bb3d91626ee8392d995a79e4c9f0c00e,2021-10-23T00:00:00Z,MORSES CLUB LTD,-30.0,GBP,DEBIT,PURCHASE,,,-626.02,GBP,,DEB,,
d6e1a41e3c7e4eb6c9914afdfa0648be,2021-10-23T00:00:00Z,ANYVAN LTD,32.5,GBP,CREDIT,CREDIT,,,-593.52,GBP,,FPI,,
ae722c28e61b715f7719e360f3c47a60,2021-10-23T00:00:00Z,LNK ATM WITHDRAWAL,-100.0,GBP,DEBIT,ATM,,,-693.52,GBP,,CPT,,
4bfd9747f2be4da3a804b95383fc200e,2021-10-23T00:00:00Z,SAVE THE CHANGE,-1.57,GBP,DEBIT,BILL_PAYMENT,,,-695.09,GBP,,BP,,
6fc561e66d5a32f2c802d02218d83968,2021-10-23T00:00:00Z,WWW.METROBANK.COM,-20.0,GBP,DEBIT,PURCHASE,,,-715.09,GBP,,DEB,,
5257df725572271c794a0488e4e8c58b,2021-10-22T00:00:00Z,AMAZON INT'L,-5.0,GBP,DEBIT,PURCHASE,,,-720.09,GBP,,DEB,,
58f5bd64e7e87264e71e6cfec12083b1,2021-10-22T00:00:00Z,SAVE THE CHANGE,-0.01,GBP,DEBIT,BILL_PAYMENT,,,-720.1,GBP,,BP,,
d5bd2f2978d01678817dd1254d80e584,2021-10-22T00:00:00Z,TESCO MOBILE LTD,-39.25,GBP,DEBIT,PURCHASE,,,-759.35,GBP,,DEB,,
666f7d76fa14ad520678f5ac11c3bece,2021-10-22T00:00:00Z,PAYPAL WWW.EBAY.COM,-36.59,GBP,DEBIT,PURCHASE,,,-795.94,GBP,,DEB,,
87e110ef79db94ef62ca14fc09adce16,2021-10-22T00:00:00Z,OAKAM LIMITED,-36.59,GBP,DEBIT,PURCHASE,,,-832.53,GBP,,DEB,,
bb848e4b512ba6a4a0c3c4b501d9f9df,2021-10-20T00:00:00Z,REGENDA REDWING,-150.0,GBP,DEBIT,PURCHASE,,,-982.53,GBP,,DEB,,
a4e54ccaf93b3a196ef6e810ffe784a4,2021-10-20T00:00:00Z,WORKING TAX CREDIT,22.42,GBP,CREDIT,CREDIT,,,-960.11,GBP,,BGC,,
206fff748b2df925c3a24d7091c252b5,2021-10-20T00:00:00Z,PARKRETAIL.CO.UK,-550.0,GBP,DEBIT,PURCHASE,,,-1510.11,GBP,,DEB,,
69cc87393022399a0477e53066b85383,2021-10-20T00:00:00Z,CHILD TAX CREDIT,345.13,GBP,CREDIT,CREDIT,,,-1164.98,GBP,,BGC,,
bc56c627f1c78ab9b16313229340d1a3,2021-10-19T00:00:00Z,AMAZON PRIME,-7.99,GBP,DEBIT,PURCHASE,,,-1172.97,GBP,,DEB,,
b40d7b92d99ba48135be91539feb41e9,2021-10-19T00:00:00Z,CLEVELEYS.COM,1450.42,GBP,CREDIT,CREDIT,,,277.45,GBP,,DEP,,
c31054c660f2b10aae504263e12d45a9,2021-10-18T00:00:00Z,CIRCLE UK TRADING,82.21,GBP,CREDIT,CREDIT,,,359.66,GBP,,FPI,,
a398a6b228dec652ac9723a0b0641e39,2021-10-17T00:00:00Z,MR JOHN SMITH,137.6,GBP,CREDIT,CREDIT,,,497.26,GBP,,BGC,,
205bc1215fc9409f01c2deab73d75ca3,2021-10-17T00:00:00Z,AA INSURANCE,-12.73,GBP,DEBIT,DIRECT_DEBIT,,,484.53,GBP,,DD,,
785aaeda8086ca3a4783c8834aee5095,2021-10-17T00:00:00Z,AXA WEALTH LTD,-40.0,GBP,DEBIT,DIRECT_DEBIT,,,444.53,GBP,,DD,,
86480a06c6cf5e6213215b4b2f993eee,2021-10-17T00:00:00Z,MORRISONS PETROL,-20.0,GBP,DEBIT,PURCHASE,,,424.53,GBP,,DEB,,
fcde298eb4bbb73683941d31c1dc509a,2021-10-17T00:00:00Z,SAVE THE CHANGE,-0.63,GBP,DEBIT,BILL_PAYMENT,,,423.9,GBP,,BP,,
1bd2e6e84850618f6e9b9b3fcc34a54c,2021-10-17T00:00:00Z,TAILSCOM,-6.37,GBP,DEBIT,PURCHASE,,,417.53,GBP,,DEB,,
4002d7a38ad958b6cdf1d3ddcaac8bd5,2021-10-15T00:00:00Z,ASDA STOES LTD,-32.0,GBP,DEBIT,PURCHASE,,,385.53,GBP,,DEB,,
e397c6431732f73ff0ef7cafbc79abec,2021-10-15T00:00:00Z,SAVE THE CHANGE,-0.55,GBP,DEBIT,BILL_PAYMENT,,,384.98,GBP,,BP,,
43d8535cefda7742e278fb0926207ce9,2021-10-15T00:00:00Z,AMAZON BLACK FRIDAY,-15.45,GBP,DEBIT,PURCHASE,,,369.53,GBP,,DEB,,
95142362acf037a21c0bb6e8eedd01eb,2021-10-15T00:00:00Z,SAVE THE CHANGE,-0.5,GBP,DEBIT,BILL_PAYMENT,,,369.03,GBP,,BP,,
99f60e5bb9dddc43fee24c1eb1edb4e5,2021-10-15T00:00:00Z,TESCO EXTRA,-3.59,GBP,DEBIT,PURCHASE,,,365.44,GBP,,DEB,,
54a69e8563b36b82897fca6d4a4bc529,2021-10-15T00:00:00Z,PAYPAL EBAY,-10.0,GBP,DEBIT,PURCHASE,,,355.44,GBP,,DEB,,
05fdfba0879427966c5685cebb33131e,2021-10-14T00:00:00Z,PAYPAL BETFRED,-2.0,GBP,DEBIT,PURCHASE,,,353.44,GBP,,DEB,,
2b86e33f91a9f6113ff8d87ad4e2c017,2021-10-14T00:00:00Z,MT SECURETRADE LIM,-20.5,GBP,DEBIT,PURCHASE,,,332.94,GBP,,DEB,,
866a6b2e0f749a1da31bf9de14e62956,2021-10-14T00:00:00Z,MT SECURETRADE LIM,43.5,GBP,CREDIT,PURCHASE,,,376.44,GBP,,DEB,,
2eb9f1a0ba1e56bbca0a855eb3cd5c84,2021-10-12T00:00:00Z,SAVE THE CHANGE,-0.41,GBP,DEBIT,BILL_PAYMENT,,,376.03,GBP,,BP,,
bfefee910364cc62597e8014d0175660,2021-10-12T00:00:00Z,AA MEMBERSHIP,-23.11,GBP,DEBIT,DIRECT_DEBIT,,,352.92,GBP,,DD,,
5cf702cf84381067e2f1c1235b54b7e9,2021-10-11T00:00:00Z,CIRCLE UK TRADING,50.0,GBP,CREDIT,CREDIT,,,402.92,GBP,,FPI,,
d6d84e8a62a61290f905e8302fb98e81,2021-10-11T00:00:00Z,MS JANE DOE,50.0,GBP,CREDIT,TRANSFER,,,452.92,GBP,,TFR,,
c0b2cca77080a671e1b6a0c24e6a3544,2021-10-11T00:00:00Z,WORKING TAX CREDIT,22.42,GBP,CREDIT,CREDIT,,,475.34,GBP,,BGC,,
6b9c021d5db2872472c438fee3ed0bbd,2021-10-11T00:00:00Z,BUTLINS HOLIDAYS,-17.0,GBP,DEBIT,PURCHASE,,,458.34,GBP,,DEB,,
5dd3716c5f9e57034a44c9f83dff1924,2021-10-10T00:00:00Z,AXA WEALTH LTD,-40.0,GBP,DEBIT,DIRECT_DEBIT,,,418.34,GBP,,DD,,
053cf16bccc55199e97aa65786062cd6,2021-10-10T00:00:00Z,ASDA STORES LTD,-5.0,GBP,DEBIT,PURCHASE,,,413.34,GBP,,DEB,,
d347263890810807797540d4bee7bdda,2021-10-10T00:00:00Z,RETURNED DD,40.0,GBP,CREDIT,CREDIT,,,453.34,GBP,,DEP,,
5e75180c4ab8ca062e4b7b2b08de4044,2021-10-10T00:00:00Z,CIRCLE UK TRADING,50.36,GBP,CREDIT,CREDIT,,,503.7,GBP,,FPI,,
d3ea8f1cd029d3df4f062c37c7b5d8e7,2021-10-10T00:00:00Z,OUTGOING DD,-30.0,GBP,DEBIT,DIRECT_DEBIT,,,473.7,GBP,,DD,,
90921c525e61e2b5acf17c70f4b17eed,2021-10-10T00:00:00Z,EDF ENERGY,-24.5,GBP,DEBIT,BILL_PAYMENT,,,449.2,GBP,,BP,,
abacee39b8c4e0b1ba1c95140efbf81e,2021-10-09T00:00:00Z,DVLA LICENCE,-23.62,GBP,DEBIT,DIRECT_DEBIT,,,425.58,GBP,,DD,,
9adcffa334b7aa597db3808f5c081864,2021-10-09T00:00:00Z,DVLA TAX,-20.56,GBP,DEBIT,DIRECT_DEBIT,,,405.02,GBP,,DD,,
88bcd35c21f0be0fac28ccd5b6a8d3fb,2021-10-09T00:00:00Z,SAVE THE CHANGE,-0.41,GBP,DEBIT,BILL_PAYMENT,,,404.61,GBP,,BP,,
f9c372da2cb1e3bb78f1301004e3e2ff,2021-10-09T00:00:00Z,MS JANE DOE,70.0,GBP,CREDIT,TRANSFER,,,474.61,GBP,,TFR,,
56ad8ffaf18c28f840de0c9e7aba8224,2021-10-08T00:00:00Z,SAVE THE CHANGE,-0.01,GBP,DEBIT,BILL_PAYMENT,,,474.6,GBP,,BP,,
65f1b23dddc0efbe4a89bb5641484fd1,2021-10-08T00:00:00Z,WORKING TAX CREDIT,22.42,GBP,CREDIT,CREDIT,,,497.02,GBP,,BGC,,
708fa46fa75dd74dec24b01ab2fb8633,2021-10-08T00:00:00Z,CREDITREPORTSERVIC,-14.99,GBP,DEBIT,PURCHASE,,,482.03,GBP,,DEB,,
f360895695db0609671606696ec6d576,2021-10-08T00:00:00Z,REGENDA REDWING RE,-100.0,GBP,DEBIT,PURCHASE,,,382.03,GBP,,DEB,,
a8cf7f6bb35c44577af7fb06f84246cb,2021-10-08T00:00:00Z,BROADWAY GAMING LT CD 0315,-10.0,GBP,DEBIT,PURCHASE,,,372.03,GBP,,DEB,,
3ebbdfd280463636b0d8761cefe50a5f,2021-10-08T00:00:00Z,SAVE THE CHANGE,-0.69,GBP,DEBIT,BILL_PAYMENT,,,371.34,GBP,,BP,,
23c5046e94594b6fd37355d6d1e60ee8,2021-10-08T00:00:00Z,SAVE THE CHANGE,-1.04,GBP,DEBIT,BILL_PAYMENT,,,370.3,GBP,,BP,,
20133b90823288f69626b3ef68d4a6e4,2021-10-08T00:00:00Z,BOOKER LIMITED BLA,-24.31,GBP,DEBIT,PURCHASE,,,345.99,GBP,,DEB,,
b6d8d12e3a1eb9c6c6d564fd6a8a4981,2021-10-07T00:00:00Z,EE & T-MOBILE,-82.37,GBP,DEBIT,PURCHASE,,,263.62,GBP,,DEB,,
c882f184524d6f0bf7451d4b54a20ec6,2021-10-07T00:00:00Z,SAVE THE CHANGE,-1.15,GBP,DEBIT,BILL_PAYMENT,,,262.47,GBP,,BP,,
a476f97efc68a054b156e125ab3dd0da,2021-10-07T00:00:00Z,MS JANE DOE,-70.0,GBP,DEBIT,TRANSFER,,,192.47,GBP,,TFR,,
3c3a6ee8bf82b588c9d60af75229a8b4,2021-10-07T00:00:00Z,18db38 Betropolis LTD LC Betropolis,-10.0,GBP,DEBIT,PURCHASE,,,45.1,GBP,,DEB,,
3bc87afd600dd6f9c9cc3f80edb87285,2021-10-06T00:00:00Z,TESCO MOBILE LTD,-28.25,GBP,DEBIT,PURCHASE,,,164.22,GBP,,DEB,,
3f5a34e47affa41c89ac62938943df22,2021-10-06T00:00:00Z,WORKING TAX CREDIT,22.42,GBP,CREDIT,CREDIT,,,186.64,GBP,,BGC,,
16226039efebec5dd0989f2b0b16c284,2021-10-06T00:00:00Z,W M MORRISONS PLC,-12.89,GBP,DEBIT,PURCHASE,,,173.75,GBP,,DEB,,
9608e23a4128398ebb146e7c034c9c00,2021-10-06T00:00:00Z,TESCO MOBILE LTD,-50.0,GBP,DEBIT,PURCHASE,,,123.75,GBP,,DEB,,
bb88582c82b2140f89cab2d90da19847,2021-10-06T00:00:00Z,HOME BARGAINS FLEE,-9.71,GBP,DEBIT,PURCHASE,,,114.04,GBP,,DEB,,
1b1becad524060cdecd69b5240e2dbbd,2021-10-06T00:00:00Z,CHILD TAX CREDIT,346.35,GBP,CREDIT,CREDIT,,,460.39,GBP,,BGC,,
1a9288b5c803e1d60e2f886d49cc817b,2021-10-06T00:00:00Z,MR JOHN SMITH,137.6,GBP,CREDIT,CREDIT,,,597.99,GBP,,BGC,,
b53a29725c78b07821e0fe5372622f07,2021-10-06T00:00:00Z,MS JANE DOE,61.89,GBP,CREDIT,TRANSFER,,,659.88,GBP,,TFR,,
6a84b0d4b4ce601de6dd5943f3c0bd69,2021-10-06T00:00:00Z,SAVE THE CHANGE,-0.01,GBP,DEBIT,BILL_PAYMENT,,,659.87,GBP,,BP,,
fd7fba510ca3b7e1d2d2a0998b4270b6,2021-10-06T00:00:00Z,AMAZON PRIME,-5.0,GBP,DEBIT,PURCHASE,,,654.87,GBP,,DEB,,
6285bdf351ef95abaa0a823949fc8a10,2021-10-05T00:00:00Z,LNK ATM WITHDRAWAL,-60.0,GBP,DEBIT,ATM,,,594.87,GBP,,CPT,,
d146e71c279a0ff0759b8f52377165bc,2021-10-05T00:00:00Z,SAVE THE CHANGE,-1.89,GBP,DEBIT,BILL_PAYMENT,,,592.98,GBP,,BP,,
9a8360b94b73a1942e31d1ef977a4dc6,2021-10-05T00:00:00Z,THE INSURANCE EMPO,-5.79,GBP,DEBIT,DIRECT_DEBIT,,,587.19,GBP,,DD,,
905e29d86e160ec4ee236a896d18c563,2021-10-05T00:00:00Z,AMAZON PRIME,-7.99,GBP,DEBIT,PURCHASE,,,579.2,GBP,,DEB,,
ef565c9204b271b1ae978eb8ff940eb2,2021-10-05T00:00:00Z,VANQUIS BANK,-23.15,GBP,DEBIT,PURCHASE,,,556.05,GBP,,DEB,,
4ab40f05a5b29ac088f415877dc704d6,2021-10-05T00:00:00Z,AA INSURANCE,-12.73,GBP,DEBIT,DIRECT_DEBIT,,,543.32,GBP,,DD,,
d50bc1787ab9a310cbce4c65cad5eb4b,2021-10-05T00:00:00Z,WWW.TAILS.COM,-6.37,GBP,DEBIT,PURCHASE,,,536.95,GBP,,DEB,,
7e4b199012a316759e6d03a964385f56,2021-10-05T00:00:00Z,ANNATAR,-20.0,GBP,DEBIT,PURCHASE,,,516.95,GBP,,DEB,,
55006b09aa1df06050dc5aa2b903f97a,2021-10-04T00:00:00Z,ANNATAR LIMITED,10.0,GBP,CREDIT,PURCHASE,,,526.95,GBP,,DEB,,
c44563c181f875de4143a3628ea8cbf0,2021-10-04T00:00:00Z,ANYVAN LTD,70.0,GBP,CREDIT,CREDIT,,,596.95,GBP,,FPI,,
2ca0fd03978a79308e6d0059db438a80,2021-10-04T00:00:00Z,ANYVAN LTD,59.17,GBP,CREDIT,CREDIT,,,656.12,GBP,,FPI,,
bf5ce51d3a351b1911ee769973be9f9d,2021-10-04T00:00:00Z,LNK ATM LONDON,-20.0,GBP,DEBIT,ATM,,,636.12,GBP,,CPT,,
c59c8260d488724064d94e2b63d4c34c,2021-10-04T00:00:00Z,LAPTOP DIRECT LTD.,-5.0,GBP,DEBIT,PURCHASE,,,631.12,GBP,,DEB,,
12955baff80cb93ccfe97d976203dad5,2021-10-04T00:00:00Z,ANIMAL FRIENDS LTD,-3.07,GBP,DEBIT,DIRECT_DEBIT,,,628.05,GBP,,DD,,
bf40c8b4b03454faa6c5fcbdfb0ca60b,2021-10-04T00:00:00Z,LNK ATM WITHDRAWAL,-100.0,GBP,DEBIT,ATM,,,528.05,GBP,,CPT,,
1eb418c0b60f69ec2be146fc5d698cc7,2021-10-04T00:00:00Z,MR JOHN SMITH,100.0,GBP,CREDIT,TRANSFER,,,628.05,GBP,,TFR,,
f0f7f391eaa876b31213cde6ae3ec1fe,2021-10-04T00:00:00Z,INTUIT LIMITED,-3.59,GBP,DEBIT,DIRECT_DEBIT,,,624.46,GBP,,DD,,
1960e0eb682e2635bb8168bcadeae618,2021-10-04T00:00:00Z,PAYPAL EBAY,25.0,GBP,CREDIT,PURCHASE,,,649.46,GBP,,DEB,,
f481ebb5a409993a3b4b0737afdbf6ff,2021-10-04T00:00:00Z,RENT,-130.0,GBP,DEBIT,BILL_PAYMENT,,,519.46,GBP,,BP,,
5876c53525bc34bd64cc6fd32099c4cf,2021-10-03T00:00:00Z,MS JANE DOE,0.89,GBP,CREDIT,TRANSFER,,,520.35,GBP,,TFR,,
f6dbe2b2d6e585027cf8dbfce62b5746,2021-10-03T00:00:00Z,SAVE THE CHANGE,-0.41,GBP,DEBIT,BILL_PAYMENT,,,519.94,GBP,,BP,,
3b785407014b543e60c3634980353309,2021-10-03T00:00:00Z,MS JANE DOE,130.0,GBP,CREDIT,TRANSFER,,,649.94,GBP,,TFR,,
2f957309a6959c1f736c15a2327a3099,2021-10-03T00:00:00Z,MR JOHN SMITH,7.0,GBP,CREDIT,TRANSFER,,,656.94,GBP,,TFR,,
ea0f31e969e8fc59db54a0b83b933983,2021-10-03T00:00:00Z,AA MEMBERSHIP,-23.11,GBP,DEBIT,DIRECT_DEBIT,,,633.83,GBP,,DD,,
4b3d7689d33a2bd88a7ceaccb9fbf466,2021-10-03T00:00:00Z,VIRGIN GAMES,35.49,GBP,CREDIT,PURCHASE,,,669.32,GBP,,DEB,,
9727e8bdc47355945d27398b2bae5a31,2021-10-03T00:00:00Z,SAVE THE CHANGE,-0.01,GBP,DEBIT,BILL_PAYMENT,,,669.31,GBP,,BP,,
fb97bee46f19b78c858dcb7bc531bc8a,2021-10-03T00:00:00Z,GOOGLE PLAY STORE,-2.99,GBP,DEBIT,PURCHASE,,,666.32,GBP,,DEB,,
98ccf95df1c88141004c28bb507f3da0,2021-10-03T00:00:00Z,TESCO EXTRA,-30.0,GBP,DEBIT,PURCHASE,,,636.32,GBP,,DEB,,
8c35cfc4ab5ee3f40c6dfdb8ed3847d8,2021-10-03T00:00:00Z,RETURNED DIRECT DEBIT,40.0,GBP,CREDIT,CREDIT,,,676.32,GBP,,DEP,,
46dd68e153b30d916cadb21a61d7ce51,2021-10-03T00:00:00Z,LNK ATM LONDON,-40.0,GBP,DEBIT,ATM,,,636.32,GBP,,CPT,,
b02c76f07c06f9d77ec3b6bfc11e4113,2021-10-03T00:00:00Z,WWW.ASDA.COM,-5.0,GBP,DEBIT,PURCHASE,,,631.32,GBP,,DEB,,
5f9bc28967463ccb4d8712bdad35dc0e,2021-10-02T00:00:00Z,MR JOHN SMITH,30.0,GBP,CREDIT,TRANSFER,,,661.32,GBP,,TFR,,
170add9cae276664df77ed6c5b806a6d,2021-10-02T00:00:00Z,LNK ATM LONDON,-30.0,GBP,DEBIT,ATM,,,631.32,GBP,,CPT,,
88f12cc45285fcef88d569b912a8eee5,2021-10-02T00:00:00Z,MR JOHN SMITH,10.0,GBP,CREDIT,TRANSFER,,,641.32,GBP,,TFR,,
85945c82d9b21090e14f52af31adcb7c,2021-10-02T00:00:00Z,SAVE THE CHANGE,-0.59,GBP,DEBIT,BILL_PAYMENT,,,640.73,GBP,,BP,,
18ed9c03d213c318d459022d20276d61,2021-10-01T00:00:00Z,TALKTALK TELECOM,-46.82,GBP,DEBIT,PURCHASE,,,593.91,GBP,,DEB,,
30be13aeefbcbac46c95ded77996a568,2021-10-01T00:00:00Z,ACCOUNT OVERDRAFT FEE,-0.01,GBP,DEBIT,BILL_PAYMENT,,,593.9,GBP,,BP,,
1afaebf78b3c4d8e60a38484087062d6,2021-10-01T00:00:00Z,MR JOHN SMITH,-227.0,GBP,DEBIT,TRANSFER,,,366.9,GBP,,TFR,,
b602ecb35748a14b08fb61b0692fef70,2021-10-01T00:00:00Z,TESCO,-39.99,GBP,DEBIT,PURCHASE,,,326.91,GBP,,DEB,,
3f3cb20d731f778936a11f9882d0b90b,2021-10-01T00:00:00Z,REVOLUT,-0.01,GBP,DEBIT,PURCHASE,,,326.9,GBP,,DEB,,
114b1e2f23230562030855dbd85e456c,2021-10-01T00:00:00Z,CENTRA,-0.01,GBP,DEBIT,PURCHASE,,,326.89,GBP,,DEB,,
5d0d944c859efc0035a26f340fb62023,2021-10-01T00:00:00Z,DUNNES STORES,-0.01,GBP,DEBIT,PURCHASE,,,326.88,GBP,,DEB,,
0155ac5baa37ec9bc2e943e0ab52705b,2021-10-01T00:00:00Z,SPAR,-0.01,GBP,DEBIT,PURCHASE,,,326.87,GBP,,DEB,,
2391d6cb66541e55dc2c62566c883eef,2021-10-01T00:00:00Z,SPAR,-0.01,GBP,DEBIT,PURCHASE,,,326.86,GBP,,DEB,,
8b4925848a5d6431ff167ecf510a16b3,2021-10-01T00:00:00Z,SUPERVALUE,-0.01,GBP,DEBIT,PURCHASE,,,326.85,GBP,,DEB,,
fcc9f86d0f78a10f9e959425c5c39eee,2021-10-01T00:00:00Z,LIDL,-0.01,GBP,DEBIT,PURCHASE,,,326.84,GBP,,DEB,,
a76779fd56be9d0c22b210050e0bbbb9,2021-10-01T00:00:00Z,APLLEGREEN,-0.01,GBP,DEBIT,PURCHASE,,,326.83,GBP,,DEB,,
619461704eb6a2b315579422f23bc029,2021-10-01T00:00:00Z,MCDONALD'S,-0.01,GBP,DEBIT,PURCHASE,,,326.82,GBP,,DEB,,
80f41d9e2a7e72770f109984e82fa3f3,2021-10-01T00:00:00Z,HARVEY NORMAN,-0.01,GBP,DEBIT,PURCHASE,,,326.81,GBP,,DEB,,
490e26f5f7fe61068ae032969e1d385c,2021-10-01T00:00:00Z,ULSTER BANK,-0.01,GBP,DEBIT,PURCHASE,,,326.8,GBP,,DEB,,
9e31338f0489151901dfecea9b56dcf7,2021-10-01T00:00:00Z,CIRCLE K,-0.01,GBP,DEBIT,PURCHASE,,,326.79,GBP,,DEB,,
1401fa5318ccc401c7dfa300d4a52108,2021-10-01T00:00:00Z,BET365,-0.01,GBP,DEBIT,PURCHASE,,,326.78,GBP,,DEB,,
7fc5f26c62ab3de22961f2e4ce9b796a,2021-10-01T00:00:00Z,ACCOUNT OVERDRAFT FEE,-0.01,GBP,DEBIT,BILL_PAYMENT,,,326.77,GBP,,BP,,
221e1c323c91645126ccef21748b43e3,2021-10-01T00:00:00Z,Sainsbury's,-23.99,GBP,DEBIT,PURCHASE,,,302.78,GBP,,DEB,,
bf9d63231ccbd6672964a6b6ea321626,2021-10-01T00:00:00Z,MR JOHN SMITH,-20.91,GBP,DEBIT,TRANSFER,,,282.78,GBP,,TFR,,
a466934f4330b6f7d71903a3e8bccdd5,2021-10-01T00:00:00Z,NUDE FINANCE,-10.0,GBP,DEBIT,PURCHASE,,,272.78,GBP,,DEB,,
aa10cb2b67d7c7ee4fbb531903564a77,2021-10-01T00:00:00Z,E.ON NEXT,-10.0,GBP,DEBIT,PURCHASE,,,262.78,GBP,,DEB,,
2643351228ed9dbc80ae6a40f9a0759f,2021-10-01T00:00:00Z,L&G INSURANCE,-10.0,GBP,DEBIT,PURCHASE,,,252.78,GBP,,DEB,,
367063afcd1c6497719cfc5e968e21f1,2021-10-01T00:00:00Z,HALIFAX,-10.0,GBP,DEBIT,PURCHASE,,,242.78,GBP,,DEB,,
66c3aa8a3d9dcd93a5c8b90fe39e550d,2021-10-01T00:00:00Z,OVO ENERGY,-10.0,GBP,DEBIT,PURCHASE,,,232.78,GBP,,DEB,,
a5854b4db8fd11bde543a3e22d5cd6c1,2021-09-28T00:00:00Z,TSB CLEVELEYS,420.0,GBP,CREDIT,CASH,,,-640.42,GBP,,CSH,,
bc3ec8603d772aaa6e85a39b642c6690,2021-09-28T00:00:00Z,AMAZON INT'L,-36.59,GBP,DEBIT,PURCHASE,,,-677.01,GBP,,DEB,,
15efeffbe41d53e3db530b121e90ef33,2021-09-28T00:00:00Z,RETURNED DD,40.0,GBP,CREDIT,CREDIT,,,-637.01,GBP,,DEP,,
dc96704ba2d2d44e712d4d6afdfba410,2021-09-28T00:00:00Z,MR JOHN SMITH,-32.72,GBP,DEBIT,TRANSFER,,,-669.73,GBP,,TFR,,
a297f1cb8b3ba71daf9352f978d6083e,2021-09-28T00:00:00Z,WORKING TAX CREDIT,22.42,GBP,CREDIT,CREDIT,,,-647.31,GBP,,BGC,,
02233b86878efcb128b1be6ec89adc62,2021-09-27T00:00:00Z,MS JANE DOE,-7.93,GBP,DEBIT,TRANSFER,,,-655.24,GBP,,TFR,,
0a937c5de76e863c2d46e55915f13cf0,2021-09-27T00:00:00Z,CIRCLE UK TRADING REFUND,50.59,GBP,CREDIT,CREDIT,,,-604.65,GBP,,DEP,,
61ae69ce24dd47a773f1dd16afec7ae3,2021-09-27T00:00:00Z,MS JANE DOE,15.86,GBP,CREDIT,TRANSFER,,,-588.79,GBP,,TFR,,
29d498a177b22b0f22a521ccc5fc7660,2021-09-27T00:00:00Z,DVLA LICENSE,-20.56,GBP,DEBIT,DIRECT_DEBIT,,,-609.35,GBP,,DD,,
6c5e7d8d3d89bc46c695dea677c1718a,2021-09-27T00:00:00Z,E&L INSURANCE,-2.99,GBP,DEBIT,DIRECT_DEBIT,,,-612.34,GBP,,DD,,
d77a345b982451e433ade0b4a6ae1ed3,2021-09-27T00:00:00Z,TESCO ONLINE SHOPPING,-23.62,GBP,DEBIT,DIRECT_DEBIT,,,-635.96,GBP,,DD,,
b55146959dc4c6ef488808ab76aeb3dd,2021-09-27T00:00:00Z,PAYPAL EBAY,-7.56,GBP,DEBIT,PURCHASE,,,-643.52,GBP,,DEB,,
b04e0bb45b7f27eef5ac5723ae47cb36,2021-09-25T00:00:00Z,CASHBACK,70.0,GBP,CREDIT,CASH,,,-573.52,GBP,,CSH,,
4ad70f40c25c1c1d6e390c77db24e67c,2021-09-25T00:00:00Z,MENS HEALTH SUBSCRIPTION,-24.5,GBP,DEBIT,DIRECT_DEBIT,,,-598.02,GBP,,DD,,
0f2c76f52a937e0b3d1c96f1a788126e,2021-09-25T00:00:00Z,OUTGOING DD,-10.0,GBP,DEBIT,DIRECT_DEBIT,,,-608.02,GBP,,DD,,
9ace906272418d4300eae7219e873ec6,2021-09-25T00:00:00Z,SAVE THE CHANGE,-0.41,GBP,DEBIT,BILL_PAYMENT,,,-608.43,GBP,,BP,,
65d88befe6033d54be5665ef955f78f3,2021-09-25T00:00:00Z,AMAZON PLC,-36.59,GBP,DEBIT,PURCHASE,,,-645.02,GBP,,DEB,,
7aad22f5ab34136db9a99703ae1a235e,2021-09-25T00:00:00Z,SAVE THE CHANGE,-0.5,GBP,DEBIT,BILL_PAYMENT,,,-645.52,GBP,,BP,,
36b3c374d384b57f0358f5523c7af6f4,2021-09-25T00:00:00Z,WWW.BINGO.COM,-10.5,GBP,DEBIT,PURCHASE,,,-656.02,GBP,,DEB,,
158d7eaabad156b8e89cb485b94d9baa,2021-09-23T00:00:00Z,MORSES CLUB LTD,-30.0,GBP,DEBIT,PURCHASE,,,-626.02,GBP,,DEB,,
039ae592791ce2c4672fb6a177a9c7f8,2021-09-23T00:00:00Z,ANYVAN LTD,32.5,GBP,CREDIT,CREDIT,,,-593.52,GBP,,FPI,,
26784fba72fadea6530e0315c2ea2353,2021-09-23T00:00:00Z,LNK ATM WITHDRAWAL,-100.0,GBP,DEBIT,ATM,,,-693.52,GBP,,CPT,,
f95cff2112e2e46f66ba30174ae65e60,2021-09-23T00:00:00Z,SAVE THE CHANGE,-1.57,GBP,DEBIT,BILL_PAYMENT,,,-695.09,GBP,,BP,,
145d0382c42b02bc4345304494a250f0,2021-09-23T00:00:00Z,WWW.METROBANK.COM,-20.0,GBP,DEBIT,PURCHASE,,,-715.09,GBP,,DEB,,
3669715ae57a10c315a7c1de15992cef,2021-09-22T00:00:00Z,AMAZON INT'L,-5.0,GBP,DEBIT,PURCHASE,,,-720.09,GBP,,DEB,,
b1c1dd7f27f27e1f069699d7c8c8a87d,2021-09-22T00:00:00Z,SAVE THE CHANGE,-0.01,GBP,DEBIT,BILL_PAYMENT,,,-720.1,GBP,,BP,,
37c7dbbe36c8eb6336c3a901c298843f,2021-09-22T00:00:00Z,TESCO MOBILE LTD,-39.25,GBP,DEBIT,PURCHASE,,,-759.35,GBP,,DEB,,
9c50ef5e0e701550dae394582ccf5ffc,2021-09-22T00:00:00Z,PAYPAL WWW.EBAY.COM,-36.59,GBP,DEBIT,PURCHASE,,,-795.94,GBP,,DEB,,
b2cd6440fe6e0f15bd7fd81940ec2e09,2021-09-22T00:00:00Z,OAKAM LIMITED,-36.59,GBP,DEBIT,PURCHASE,,,-832.53,GBP,,DEB,,
e448f5a6859a0c316f21bd0dccb8edeb,2021-09-20T00:00:00Z,REGENDA REDWING,-150.0,GBP,DEBIT,PURCHASE,,,-982.53,GBP,,DEB,,
28fbe988400aa9f28e860cafac7f077f,2021-09-20T00:00:00Z,WORKING TAX CREDIT,22.42,GBP,CREDIT,CREDIT,,,-960.11,GBP,,BGC,,
8f68a1c9435c4375c5b2712cf4cf739d,2021-09-20T00:00:00Z,PARKRETAIL.CO.UK,-550.0,GBP,DEBIT,PURCHASE,,,-1510.11,GBP,,DEB,,
cebec49d1d3656107cdfd9a093f3ed2b,2021-09-20T00:00:00Z,CHILD TAX CREDIT,345.13,GBP,CREDIT,CREDIT,,,-1164.98,GBP,,BGC,,
def21d313ac873164d1262dd8574e83d,2021-09-19T00:00:00Z,AMAZON PRIME,-7.99,GBP,DEBIT,PURCHASE,,,-1172.97,GBP,,DEB,,
806f2971869420a82a7192fcfc8074a1,2021-09-19T00:00:00Z,CLEVELEYS.COM,1450.42,GBP,CREDIT,CREDIT,,,277.45,GBP,,DEP,,
73faa1642c46d8ee991303007f8d15e1,2021-09-18T00:00:00Z,CIRCLE UK TRADING,82.21,GBP,CREDIT,CREDIT,,,359.66,GBP,,FPI,,
a3ca92ab1b403d7502bc5017aa2d0202,2021-09-17T00:00:00Z,MR JOHN SMITH,137.6,GBP,CREDIT,CREDIT,,,497.26,GBP,,BGC,,
7bb06519a4a400ebf39d0582cab1464d,2021-09-17T00:00:00Z,AA INSURANCE,-12.73,GBP,DEBIT,DIRECT_DEBIT,,,484.53,GBP,,DD,,
bf12dec4d57f47cb9da79b9f1eaff2c5,2021-09-17T00:00:00Z,AXA WEALTH LTD,-40.0,GBP,DEBIT,DIRECT_DEBIT,,,444.53,GBP,,DD,,
c1ee79eaeb3ef4fa3358f37b545b7007,2021-09-17T00:00:00Z,MORRISONS PETROL,-20.0,GBP,DEBIT,PURCHASE,,,424.53,GBP,,DEB,,
f4d462f1ef81d1dd9c570de5355fb047,2021-09-17T00:00:00Z,SAVE THE CHANGE,-0.63,GBP,DEBIT,BILL_PAYMENT,,,423.9,GBP,,BP,,
6ad34264188d47d4bb0d2fa7e66c408e,2021-09-17T00:00:00Z,TAILSCOM,-6.37,GBP,DEBIT,PURCHASE,,,417.53,GBP,,DEB,,
5c35250c48fe594aa18b963c5d997745,2021-09-15T00:00:00Z,ASDA STOES LTD,-32.0,GBP,DEBIT,PURCHASE,,,385.53,GBP,,DEB,,
0e3afde49b9f410fb9702e92f9a26cbc,2021-09-15T00:00:00Z,SAVE THE CHANGE,-0.55,GBP,DEBIT,BILL_PAYMENT,,,384.98,GBP,,BP,,
9997981f5f1fe2b82263a10894a3e86c,2021-09-15T00:00:00Z,AMAZON BLACK FRIDAY,-15.45,GBP,DEBIT,PURCHASE,,,369.53,GBP,,DEB,,
e03669a5d0f5a2ce9b2b2c3165093755,2021-09-15T00:00:00Z,SAVE THE CHANGE,-0.5,GBP,DEBIT,BILL_PAYMENT,,,369.03,GBP,,BP,,
833ec9ce0e8178f5832f59b847027127,2021-09-15T00:00:00Z,TESCO EXTRA,-3.59,GBP,DEBIT,PURCHASE,,,365.44,GBP,,DEB,,
15de55aedcb1f3d675e80b2e51b7f81e,2021-09-15T00:00:00Z,PAYPAL EBAY,-10.0,GBP,DEBIT,PURCHASE,,,355.44,GBP,,DEB,,
78f80ae05ba1cb9a88d1305c2f32fb41,2021-09-14T00:00:00Z,PAYPAL BETFRED,-2.0,GBP,DEBIT,PURCHASE,,,353.44,GBP,,DEB,,
def8355f85ee2cc042749b85dac69d0a,2021-09-14T00:00:00Z,MT SECURETRADE LIM,-20.5,GBP,DEBIT,PURCHASE,,,332.94,GBP,,DEB,,
5fc08c2a12f3588438f22ac60ddba8f2,2021-09-14T00:00:00Z,MT SECURETRADE LIM,43.5,GBP,CREDIT,PURCHASE,,,376.44,GBP,,DEB,,
653a5eaef4a39671a4f163ab9e798762,2021-09-12T00:00:00Z,SAVE THE CHANGE,-0.41,GBP,DEBIT,BILL_PAYMENT,,,376.03,GBP,,BP,,
cf93759715d5354fc8cb4a10858e31fb,2021-09-12T00:00:00Z,AA MEMBERSHIP,-23.11,GBP,DEBIT,DIRECT_DEBIT,,,352.92,GBP,,DD,,
32c8d2b9ae04c075b96126e96c22564f,2021-09-11T00:00:00Z,CIRCLE UK TRADING,50.0,GBP,CREDIT,CREDIT,,,402.92,GBP,,FPI,,
08d21b41e9acfeb4a1e68d2c6d709fd5,2021-09-11T00:00:00Z,MS JANE DOE,50.0,GBP,CREDIT,TRANSFER,,,452.92,GBP,,TFR,,
96f35bef731873d9afd108a8fcaa67c8,2021-09-11T00:00:00Z,WORKING TAX CREDIT,22.42,GBP,CREDIT,CREDIT,,,475.34,GBP,,BGC,,
5295725d669acb05e7dae00a082ba401,2021-09-11T00:00:00Z,BUTLINS HOLIDAYS,-17.0,GBP,DEBIT,PURCHASE,,,458.34,GBP,,DEB,,
6925ae425355c1d04417c54861c647f9,2021-09-10T00:00:00Z,AXA WEALTH LTD,-40.0,GBP,DEBIT,DIRECT_DEBIT,,,418.34,GBP,,DD,,
8b146c6b16296bfc011d02b7d2e1e090,2021-09-10T00:00:00Z,ASDA STORES LTD,-5.0,GBP,DEBIT,PURCHASE,,,413.34,GBP,,DEB,,
3a7df0a0aaab902b4fccc9b02dc3a86c,2021-09-10T00:00:00Z,RETURNED DD,40.0,GBP,CREDIT,CREDIT,,,453.34,GBP,,DEP,,
1f042395835440a47581a436dc734755,2021-09-10T00:00:00Z,CIRCLE UK TRADING,50.36,GBP,CREDIT,CREDIT,,,503.7,GBP,,FPI,,
f5f4a0bf017b5ed91240de62b6dbce8f,2021-09-10T00:00:00Z,OUTGOING DD,-30.0,GBP,DEBIT,DIRECT_DEBIT,,,473.7,GBP,,DD,,
daab4a71be9ce2936b62d7449b276101,2021-09-10T00:00:00Z,EDF ENERGY,-24.5,GBP,DEBIT,BILL_PAYMENT,,,449.2,GBP,,BP,,
b2809254af451c10ee1c8941bf16bfef,2021-09-09T00:00:00Z,DVLA LICENCE,-23.62,GBP,DEBIT,DIRECT_DEBIT,,,425.58,GBP,,DD,,
e34d06c266684238cfa9d0643df599fc,2021-09-09T00:00:00Z,DVLA TAX,-20.56,GBP,DEBIT,DIRECT_DEBIT,,,405.02,GBP,,DD,,
6b188bc877574903d69dd7b502c844b4,2021-09-09T00:00:00Z,SAVE THE CHANGE,-0.41,GBP,DEBIT,BILL_PAYMENT,,,404.61,GBP,,BP,,
029e529b42f777e3101291d3fce8d965,2021-09-09T00:00:00Z,MS JANE DOE,70.0,GBP,CREDIT,TRANSFER,,,474.61,GBP,,TFR,,
3d5674c04f59a83560eb7233a8bc53ea,2021-09-08T00:00:00Z,SAVE THE CHANGE,-0.01,GBP,DEBIT,BILL_PAYMENT,,,474.6,GBP,,BP,,
b42ffc2065aa033224a3ef97a8c4874a,2021-09-08T00:00:00Z,WORKING TAX CREDIT,22.42,GBP,CREDIT,CREDIT,,,497.02,GBP,,BGC,,
a0713957171835b7fa345b5ec693a0f8,2021-09-08T00:00:00Z,CREDITREPORTSERVIC,-14.99,GBP,DEBIT,PURCHASE,,,482.03,GBP,,DEB,,
efc921b54be4259d0fe2fba1dd06a39c,2021-09-08T00:00:00Z,REGENDA REDWING RE,-100.0,GBP,DEBIT,PURCHASE,,,382.03,GBP,,DEB,,
4a83a7ab5695737b81975357ebc47902,2021-09-08T00:00:00Z,BROADWAY GAMING LT CD 0315,-10.0,GBP,DEBIT,PURCHASE,,,372.03,GBP,,DEB,,
8159a2cc5823d00b92a542eca7fa0d85,2021-09-08T00:00:00Z,SAVE THE CHANGE,-0.69,GBP,DEBIT,BILL_PAYMENT,,,371.34,GBP,,BP,,
5b67bb89a1b9f5bfa60164b806e5616b,2021-09-08T00:00:00Z,SAVE THE CHANGE,-1.04,GBP,DEBIT,BILL_PAYMENT,,,370.3,GBP,,BP,,
1adb81df178eb7025f212068c86086ff,2021-09-08T00:00:00Z,BOOKER LIMITED BLA,-24.31,GBP,DEBIT,PURCHASE,,,345.99,GBP,,DEB,,
500268838e35d6875e4bdd0ef9a4e8f2,2021-09-07T00:00:00Z,EE & T-MOBILE,-82.37,GBP,DEBIT,PURCHASE,,,263.62,GBP,,DEB,,
bf712b6651cf606e156e7dac38248d4e,2021-09-07T00:00:00Z,SAVE THE CHANGE,-1.15,GBP,DEBIT,BILL_PAYMENT,,,262.47,GBP,,BP,,
0a2d751f4ba90867d750cef2156f0473,2021-09-07T00:00:00Z,MS JANE DOE,-70.0,GBP,DEBIT,TRANSFER,,,192.47,GBP,,TFR,,
159de460c5cd9c0780279ea8f6de1853,2021-09-07T00:00:00Z,18db38 Betropolis LTD LC Betropolis,-10.0,GBP,DEBIT,PURCHASE,,,45.1,GBP,,DEB,,
2c23a10360eab1810ad64df33c9f9b5f,2021-09-06T00:00:00Z,TESCO MOBILE LTD,-28.25,GBP,DEBIT,PURCHASE,,,164.22,GBP,,DEB,,
b1f338fe3da11271994ba58b45d561d4,2021-09-06T00:00:00Z,WORKING TAX CREDIT,22.42,GBP,CREDIT,CREDIT,,,186.64,GBP,,BGC,,
8186d042cbda433bca8d1f8c54507986,2021-09-06T00:00:00Z,W M MORRISONS PLC,-12.89,GBP,DEBIT,PURCHASE,,,173.75,GBP,,DEB,,
88d4f783e759437c6dcb87895099139b,2021-09-06T00:00:00Z,TESCO MOBILE LTD,-50.0,GBP,DEBIT,PURCHASE,,,123.75,GBP,,DEB,,
45111926778b76cf4889915c263739aa,2021-09-06T00:00:00Z,HOME BARGAINS FLEE,-9.71,GBP,DEBIT,PURCHASE,,,114.04,GBP,,DEB,,
a41d2cfeb91ad45e9ca9afd32b4086fc,2021-09-06T00:00:00Z,CHILD TAX CREDIT,346.35,GBP,CREDIT,CREDIT,,,460.39,GBP,,BGC,,
022aae4a154aa37789bed27b557a14f7,2021-09-06T00:00:00Z,MR JOHN SMITH,137.6,GBP,CREDIT,CREDIT,,,597.99,GBP,,BGC,,
7e71ef39cfc61850ccf96c4510744510,2021-09-06T00:00:00Z,MS JANE DOE,61.89,GBP,CREDIT,TRANSFER,,,659.88,GBP,,TFR,,
1e9f0b8cdf168c13b8d24b9d0ef48f7d,2021-09-06T00:00:00Z,SAVE THE CHANGE,-0.01,GBP,DEBIT,BILL_PAYMENT,,,659.87,GBP,,BP,,
d06019675701bdf64170a1954c653148,2021-09-06T00:00:00Z,AMAZON PRIME,-5.0,GBP,DEBIT,PURCHASE,,,654.87,GBP,,DEB,,
5f643b02ef020107680b2900d881bee8,2021-09-05T00:00:00Z,LNK ATM WITHDRAWAL,-60.0,GBP,DEBIT,ATM,,,594.87,GBP,,CPT,,
e3b1fa14413a09f18cb6c3c50de23a3e,2021-09-05T00:00:00Z,SAVE THE CHANGE,-1.89,GBP,DEBIT,BILL_PAYMENT,,,592.98,GBP,,BP,,
929e3ba938c0d1c292045a77ff7fc995,2021-09-05T00:00:00Z,THE INSURANCE EMPO,-5.79,GBP,DEBIT,DIRECT_DEBIT,,,587.19,GBP,,DD,,
6a7afa94340c9297cde3b135ffabf0a6,2021-09-05T00:00:00Z,AMAZON PRIME,-7.99,GBP,DEBIT,PURCHASE,,,579.2,GBP,,DEB,,
07e4e4a52a409f157f1b25aaa097f85a,2021-09-05T00:00:00Z,VANQUIS BANK,-23.15,GBP,DEBIT,PURCHASE,,,556.05,GBP,,DEB,,
7bf425e3ce785e0b5147631eac363c66,2021-09-05T00:00:00Z,AA INSURANCE,-12.73,GBP,DEBIT,DIRECT_DEBIT,,,543.32,GBP,,DD,,
6a17bb2cdafeead04f5a40700a7007b6,2021-09-05T00:00:00Z,WWW.TAILS.COM,-6.37,GBP,DEBIT,PURCHASE,,,536.95,GBP,,DEB,,
1957a5a3ece4a04c09acde85457adb25,2021-09-05T00:00:00Z,ANNATAR,-20.0,GBP,DEBIT,PURCHASE,,,516.95,GBP,,DEB,,
061fc355609ad52d57fdc63a220093f4,2021-09-04T00:00:00Z,ANNATAR LIMITED,10.0,GBP,CREDIT,PURCHASE,,,526.95,GBP,,DEB,,
6d06c8fdae15457e6e1000519cb5bd53,2021-09-04T00:00:00Z,ANYVAN LTD,70.0,GBP,CREDIT,CREDIT,,,596.95,GBP,,FPI,,
c3287150b14eb41b698c4689ffb59d56,2021-09-04T00:00:00Z,ANYVAN LTD,59.17,GBP,CREDIT,CREDIT,,,656.12,GBP,,FPI,,
aa5de249aca5d5705a5ef377663b8769,2021-09-04T00:00:00Z,LNK ATM LONDON,-20.0,GBP,DEBIT,ATM,,,636.12,GBP,,CPT,,
a8ea84364d8a555ca6806102143047e2,2021-09-04T00:00:00Z,LAPTOP DIRECT LTD.,-5.0,GBP,DEBIT,PURCHASE,,,631.12,GBP,,DEB,,
d330820509f52cd3beeb15af968414f9,2021-09-04T00:00:00Z,ANIMAL FRIENDS LTD,-3.07,GBP,DEBIT,DIRECT_DEBIT,,,628.05,GBP,,DD,,
5c030b39285ea87d2931d31db65c7b85,2021-09-04T00:00:00Z,LNK ATM WITHDRAWAL,-100.0,GBP,DEBIT,ATM,,,528.05,GBP,,CPT,,
3537f319748d05b523554a33691da3a4,2021-09-04T00:00:00Z,MR JOHN SMITH,100.0,GBP,CREDIT,TRANSFER,,,628.05,GBP,,TFR,,
c25c07d4c99ce94c9d38b51d4d68acfc,2021-09-04T00:00:00Z,INTUIT LIMITED,-3.59,GBP,DEBIT,DIRECT_DEBIT,,,624.46,GBP,,DD,,
641e97a90d4bb7598bb70e116e63ad9f,2021-09-04T00:00:00Z,PAYPAL EBAY,25.0,GBP,CREDIT,PURCHASE,,,649.46,GBP,,DEB,,
01a6c514ac4793b845dab9382d319024,2021-09-04T00:00:00Z,RENT,-130.0,GBP,DEBIT,BILL_PAYMENT,,,519.46,GBP,,BP,,
086be931484a16d46b32dfef189eb1a7,2021-09-03T00:00:00Z,MS JANE DOE,0.89,GBP,CREDIT,TRANSFER,,,520.35,GBP,,TFR,,
5d19d43e604297019f0e61445a003a0b,2021-09-03T00:00:00Z,SAVE THE CHANGE,-0.41,GBP,DEBIT,BILL_PAYMENT,,,519.94,GBP,,BP,,
7026f995e485cc71df5b3063d8dd33b5,2021-09-03T00:00:00Z,MS JANE DOE,130.0,GBP,CREDIT,TRANSFER,,,649.94,GBP,,TFR,,
0f8d924df70a38ece4f5ba21e228e263,2021-09-03T00:00:00Z,MR JOHN SMITH,7.0,GBP,CREDIT,TRANSFER,,,656.94,GBP,,TFR,,
233e71f74fa29cfad402acacab02ad98,2021-09-03T00:00:00Z,AA MEMBERSHIP,-23.11,GBP,DEBIT,DIRECT_DEBIT,,,633.83,GBP,,DD,,
1ec4e7e8038d6061b3176782bd8674c9,2021-09-03T00:00:00Z,VIRGIN GAMES,35.49,GBP,CREDIT,PURCHASE,,,669.32,GBP,,DEB,,
1aca439839e5ae0ff808953b80fd9f66,2021-09-03T00:00:00Z,SAVE THE CHANGE,-0.01,GBP,DEBIT,BILL_PAYMENT,,,669.31,GBP,,BP,,
980edadf4b418e5bbe615409ab0f7607,2021-09-03T00:00:00Z,GOOGLE PLAY STORE,-2.99,GBP,DEBIT,PURCHASE,,,666.32,GBP,,DEB,,
4dc0219f760d7fe73252e2d6c7240722,2021-09-03T00:00:00Z,TESCO EXTRA,-30.0,GBP,DEBIT,PURCHASE,,,636.32,GBP,,DEB,,
a46314cbc3573230869e96210d61632a,2021-09-03T00:00:00Z,RETURNED DIRECT DEBIT,40.0,GBP,CREDIT,CREDIT,,,676.32,GBP,,DEP,,
ab69a3cc9527b617bd3c2da59a90b015,2021-09-03T00:00:00Z,LNK ATM LONDON,-40.0,GBP,DEBIT,ATM,,,636.32,GBP,,CPT,,
bd478bd265a5eec8a3556ca5395c4d12,2021-09-03T00:00:00Z,WWW.ASDA.COM,-5.0,GBP,DEBIT,PURCHASE,,,631.32,GBP,,DEB,,
b344e78470cdffba4a1b69ed8c7fb01c,2021-09-02T00:00:00Z,MR JOHN SMITH,30.0,GBP,CREDIT,TRANSFER,,,661.32,GBP,,TFR,,
ed4c4636e318c277cfc7ada78da3b42a,2021-09-02T00:00:00Z,LNK ATM LONDON,-30.0,GBP,DEBIT,ATM,,,631.32,GBP,,CPT,,
e2a15736dd1eea741d1878716e094138,2021-09-02T00:00:00Z,MR JOHN SMITH,10.0,GBP,CREDIT,TRANSFER,,,641.32,GBP,,TFR,,
42b976ef0711492f82e54086c0d162b5,2021-09-02T00:00:00Z,SAVE THE CHANGE,-0.59,GBP,DEBIT,BILL_PAYMENT,,,640.73,GBP,,BP,,
444972dd59bc10c5cad6948e5bbfcfa2,2021-09-01T00:00:00Z,TALKTALK TELECOM,-46.82,GBP,DEBIT,PURCHASE,,,593.91,GBP,,DEB,,
c54cb64454432cd7cbcd2ebeda824d26,2021-09-01T00:00:00Z,ACCOUNT OVERDRAFT FEE,-0.01,GBP,DEBIT,BILL_PAYMENT,,,593.9,GBP,,BP,,
8584b0dd818c39be49369643e98240e4,2021-09-01T00:00:00Z,MR JOHN SMITH,-227.0,GBP,DEBIT,TRANSFER,,,366.9,GBP,,TFR,,
66745322629422f709191d502873d057,2021-09-01T00:00:00Z,TESCO,-39.99,GBP,DEBIT,PURCHASE,,,326.91,GBP,,DEB,,
8430167896582e45681d021a2b05de95,2021-09-01T00:00:00Z,REVOLUT,-0.01,GBP,DEBIT,PURCHASE,,,326.9,GBP,,DEB,,
adf83a0d1c40ab08bda07b83cb590a45,2021-09-01T00:00:00Z,CENTRA,-0.01,GBP,DEBIT,PURCHASE,,,326.89,GBP,,DEB,,
eb4c5b7a1bcd36a3e9a63189ba4c1a4a,2021-09-01T00:00:00Z,DUNNES STORES,-0.01,GBP,DEBIT,PURCHASE,,,326.88,GBP,,DEB,,
6f412b70e947afd4c4474b42173d8fb2,2021-09-01T00:00:00Z,SPAR,-0.01,GBP,DEBIT,PURCHASE,,,326.87,GBP,,DEB,,
552098d0ecb386a8fc7762438ede5f03,2021-09-01T00:00:00Z,SPAR,-0.01,GBP,DEBIT,PURCHASE,,,326.86,GBP,,DEB,,
492e1a089912414fa8b7c4e802c86f8d,2021-09-01T00:00:00Z,SUPERVALUE,-0.01,GBP,DEBIT,PURCHASE,,,326.85,GBP,,DEB,,
c0046df2609d889ba6a547c3eb76d061,2021-09-01T00:00:00Z,LIDL,-0.01,GBP,DEBIT,PURCHASE,,,326.84,GBP,,DEB,,
57b96c70236e0068163544fdcce7bed6,2021-09-01T00:00:00Z,APLLEGREEN,-0.01,GBP,DEBIT,PURCHASE,,,326.83,GBP,,DEB,,
5277acf3efa0619e579b1282c3abfd66,2021-09-01T00:00:00Z,MCDONALD'S,-0.01,GBP,DEBIT,PURCHASE,,,326.82,GBP,,DEB,,
cfe84143c0adfdb1f5c5eac9bce923ea,2021-09-01T00:00:00Z,HARVEY NORMAN,-0.01,GBP,DEBIT,PURCHASE,,,326.81,GBP,,DEB,,
84239880d7b38f56b9ca5290723ebf3f,2021-09-01T00:00:00Z,ULSTER BANK,-0.01,GBP,DEBIT,PURCHASE,,,326.8,GBP,,DEB,,
12a7f494e78f6e710de6d735cda0ec3e,2021-09-01T00:00:00Z,CIRCLE K,-0.01,GBP,DEBIT,PURCHASE,,,326.79,GBP,,DEB,,
e987cc788d6367073bda3920c80399b1,2021-09-01T00:00:00Z,BET365,-0.01,GBP,DEBIT,PURCHASE,,,326.78,GBP,,DEB,,
37082c6414a67c335616c0c4c1d4a5d7,2021-09-01T00:00:00Z,ACCOUNT OVERDRAFT FEE,-0.01,GBP,DEBIT,BILL_PAYMENT,,,326.77,GBP,,BP,,
e0d0d3bea99a4c7a2c2cc47eb94673a5,2021-09-01T00:00:00Z,Sainsbury's,-23.99,GBP,DEBIT,PURCHASE,,,302.78,GBP,,DEB,,
d491194f5dab9c4854085d76fb38b40e,2021-09-01T00:00:00Z,MR JOHN SMITH,-20.91,GBP,DEBIT,TRANSFER,,,282.78,GBP,,TFR,,
2c15c843e3bcd86175355e4cc5b97ad6,2021-09-01T00:00:00Z,NUDE FINANCE,-10.0,GBP,DEBIT,PURCHASE,,,272.78,GBP,,DEB,,
93b2430af04e0d86b2c8567685fef2d4,2021-09-01T00:00:00Z,E.ON NEXT,-10.0,GBP,DEBIT,PURCHASE,,,262.78,GBP,,DEB,,
d965a0d1bcb565e2d41b0ef84844394b,2021-09-01T00:00:00Z,L&G INSURANCE,-10.0,GBP,DEBIT,PURCHASE,,,252.78,GBP,,DEB,,
3f9697e61c599e6aaf2039806708e968,2021-09-01T00:00:00Z,HALIFAX,-10.0,GBP,DEBIT,PURCHASE,,,242.78,GBP,,DEB,,
8898ffb05155fc8cb484461eeba9d4a3,2021-09-01T00:00:00Z,OVO ENERGY,-10.0,GBP,DEBIT,PURCHASE,,,232.78,GBP,,DEB,,
02a6109a17dc007034213ce0bc4c18e2,2021-08-28T00:00:00Z,TSB CLEVELEYS,420.0,GBP,CREDIT,CASH,,,-640.42,GBP,,CSH,,
e49bdf56de2c6cf06959164d5fc6bb4d,2021-08-28T00:00:00Z,AMAZON INT'L,-36.59,GBP,DEBIT,PURCHASE,,,-677.01,GBP,,DEB,,
9f0454ee05d5a39d108574244fbc7447,2021-08-28T00:00:00Z,RETURNED DD,40.0,GBP,CREDIT,CREDIT,,,-637.01,GBP,,DEP,,
e44f86fe087987205e8cb4520d8cdecd,2021-08-28T00:00:00Z,MR JOHN SMITH,-32.72,GBP,DEBIT,TRANSFER,,,-669.73,GBP,,TFR,,
b705dac034685f6fd633e97079190d2d,2021-08-28T00:00:00Z,WORKING TAX CREDIT,22.42,GBP,CREDIT,CREDIT,,,-647.31,GBP,,BGC,,
1db1b53beb0789d4faa6c9d18c6368ee,2021-08-27T00:00:00Z,MS JANE DOE,-7.93,GBP,DEBIT,TRANSFER,,,-655.24,GBP,,TFR,,
5581714d33d506fa3f27fbe9cd42f788,2021-08-27T00:00:00Z,CIRCLE UK TRADING REFUND,50.59,GBP,CREDIT,CREDIT,,,-604.65,GBP,,DEP,,
38a7b51f446a125216e8b9c388e96aca,2021-08-27T00:00:00Z,MS JANE DOE,15.86,GBP,CREDIT,TRANSFER,,,-588.79,GBP,,TFR,,
f0694383d051eb1cbe16d79a3d8b3ed0,2021-08-27T00:00:00Z,DVLA LICENSE,-20.56,GBP,DEBIT,DIRECT_DEBIT,,,-609.35,GBP,,DD,,
f5d5ecdfe31e2525a3b93645798c3d13,2021-08-27T00:00:00Z,E&L INSURANCE,-2.99,GBP,DEBIT,DIRECT_DEBIT,,,-612.34,GBP,,DD,,
72f15da1ae0a95f76a6dfbfe093c4267,2021-08-27T00:00:00Z,TESCO ONLINE SHOPPING,-23.62,GBP,DEBIT,DIRECT_DEBIT,,,-635.96,GBP,,DD,,
bc173ee52ce72e1fa651acbbc23399b3,2021-08-27T00:00:00Z,PAYPAL EBAY,-7.56,GBP,DEBIT,PURCHASE,,,-643.52,GBP,,DEB,,
e634d56a17feebc11ace96c2c436f36b,2021-08-25T00:00:00Z,CASHBACK,70.0,GBP,CREDIT,CASH,,,-573.52,GBP,,CSH,,
f79bfcb92fd0c907bbc2b656a6969f44,2021-08-25T00:00:00Z,MENS HEALTH SUBSCRIPTION,-24.5,GBP,DEBIT,DIRECT_DEBIT,,,-598.02,GBP,,DD,,
bde856882d2b9322d585ced68d1afff8,2021-08-25T00:00:00Z,OUTGOING DD,-10.0,GBP,DEBIT,DIRECT_DEBIT,,,-608.02,GBP,,DD,,
4f4faaf7f7072b43eff65187515ed0cd,2021-08-25T00:00:00Z,SAVE THE CHANGE,-0.41,GBP,DEBIT,BILL_PAYMENT,,,-608.43,GBP,,BP,,
d5e4735ba9d9b0409ae6b5285355d696,2021-08-25T00:00:00Z,AMAZON PLC,-36.59,GBP,DEBIT,PURCHASE,,,-645.02,GBP,,DEB,,
48bc4a0feb7fcb26b0d8aebc2f63298f,2021-08-25T00:00:00Z,SAVE THE CHANGE,-0.5,GBP,DEBIT,BILL_PAYMENT,,,-645.52,GBP,,BP,,
530b42b1da36c692f7d26fc0eb875225,2021-08-25T00:00:00Z,WWW.BINGO.COM,-10.5,GBP,DEBIT,PURCHASE,,,-656.02,GBP,,DEB,,
e42ccb0d28af5593efafd5d99d2f35ff,2021-08-23T00:00:00Z,MORSES CLUB LTD,-30.0,GBP,DEBIT,PURCHASE,,,-626.02,GBP,,DEB,,
17dee1fade7fe1ff9aa3624e20c44bfe,2021-08-23T00:00:00Z,ANYVAN LTD,32.5,GBP,CREDIT,CREDIT,,,-593.52,GBP,,FPI,,
59217b66fa1436ee72db3654fc658e2b,2021-08-23T00:00:00Z,LNK ATM WITHDRAWAL,-100.0,GBP,DEBIT,ATM,,,-693.52,GBP,,CPT,,
afcb91fc74c30c001fa7a4d67ebf7a34,2021-08-23T00:00:00Z,SAVE THE CHANGE,-1.57,GBP,DEBIT,BILL_PAYMENT,,,-695.09,GBP,,BP,,
5b91b1965666508e1423c83e5f33122d,2021-08-23T00:00:00Z,WWW.METROBANK.COM,-20.0,GBP,DEBIT,PURCHASE,,,-715.09,GBP,,DEB,,
811af2894ef4cb77d4c237e334bd19e2,2021-08-22T00:00:00Z,AMAZON INT'L,-5.0,GBP,DEBIT,PURCHASE,,,-720.09,GBP,,DEB,,
7f963521eb8aa57768304c5ecf7f5c48,2021-08-22T00:00:00Z,SAVE THE CHANGE,-0.01,GBP,DEBIT,BILL_PAYMENT,,,-720.1,GBP,,BP,,
6aa354da964025f1aa889a3aee1ddaf6,2021-08-22T00:00:00Z,TESCO MOBILE LTD,-39.25,GBP,DEBIT,PURCHASE,,,-759.35,GBP,,DEB,,
eb0438e453783e663ae6158a972c78f3,2021-08-22T00:00:00Z,PAYPAL WWW.EBAY.COM,-36.59,GBP,DEBIT,PURCHASE,,,-795.94,GBP,,DEB,,
1edbd3e8cbdd393ed29dc9c62f554b79,2021-08-22T00:00:00Z,OAKAM LIMITED,-36.59,GBP,DEBIT,PURCHASE,,,-832.53,GBP,,DEB,,
363a7350aa41f9aa9bcd7e47ab25e68e,2021-08-20T00:00:00Z,REGENDA REDWING,-150.0,GBP,DEBIT,PURCHASE,,,-982.53,GBP,,DEB,,
1b01fa77a9601ea260679952c6d7a05d,2021-08-20T00:00:00Z,WORKING TAX CREDIT,22.42,GBP,CREDIT,CREDIT,,,-960.11,GBP,,BGC,,
f23fc29413043499c7bbc308e25a46d2,2021-08-20T00:00:00Z,PARKRETAIL.CO.UK,-550.0,GBP,DEBIT,PURCHASE,,,-1510.11,GBP,,DEB,,
406b2a0cf4db05f9949b88fd5fcb17d0,2021-08-20T00:00:00Z,CHILD TAX CREDIT,345.13,GBP,CREDIT,CREDIT,,,-1164.98,GBP,,BGC,,
5a36ca51c3883d4b0b2f6e22baa6d6ef,2021-08-19T00:00:00Z,AMAZON PRIME,-7.99,GBP,DEBIT,PURCHASE,,,-1172.97,GBP,,DEB,,
bbc4719f3319e3800471c1c68f7e981e,2021-08-19T00:00:00Z,CLEVELEYS.COM,1450.42,GBP,CREDIT,CREDIT,,,277.45,GBP,,DEP,,
b24e43535dc496a38cca25a83a2180bf,2021-08-18T00:00:00Z,CIRCLE UK TRADING,82.21,GBP,CREDIT,CREDIT,,,359.66,GBP,,FPI,,
0a79e93be8a3d9b2b7f369e5d51667a5,2021-08-17T00:00:00Z,MR JOHN SMITH,137.6,GBP,CREDIT,CREDIT,,,497.26,GBP,,BGC,,
40c0151574d61b321d108e63f1596804,2021-08-17T00:00:00Z,AA INSURANCE,-12.73,GBP,DEBIT,DIRECT_DEBIT,,,484.53,GBP,,DD,,
ed4da53b8a5ff344bd0ecb9331705c40,2021-08-17T00:00:00Z,AXA WEALTH LTD,-40.0,GBP,DEBIT,DIRECT_DEBIT,,,444.53,GBP,,DD,,
e0012ebf49f59d3569b7a900a44f7123,2021-08-17T00:00:00Z,MORRISONS PETROL,-20.0,GBP,DEBIT,PURCHASE,,,424.53,GBP,,DEB,,
4c2fb34950c62fc93a8a3568632ccbae,2021-08-17T00:00:00Z,SAVE THE CHANGE,-0.63,GBP,DEBIT,BILL_PAYMENT,,,423.9,GBP,,BP,,
82058eb932d521840d3e5ba72e3ff8e4,2021-08-17T00:00:00Z,TAILSCOM,-6.37,GBP,DEBIT,PURCHASE,,,417.53,GBP,,DEB,,
3938c21dbb3d58ec4cf048db0b68b6e9,2021-08-15T00:00:00Z,ASDA STOES LTD,-32.0,GBP,DEBIT,PURCHASE,,,385.53,GBP,,DEB,,
55e6821bf2586d76e67bb8ec0e6c7b91,2021-08-15T00:00:00Z,SAVE THE CHANGE,-0.55,GBP,DEBIT,BILL_PAYMENT,,,384.98,GBP,,BP,,
c2d88a2b4fa8ac55d67e02ca5ee560fe,2021-08-15T00:00:00Z,AMAZON BLACK FRIDAY,-15.45,GBP,DEBIT,PURCHASE,,,369.53,GBP,,DEB,,
394f5d5fdb861e852b3e133716b1cc98,2021-08-15T00:00:00Z,SAVE THE CHANGE,-0.5,GBP,DEBIT,BILL_PAYMENT,,,369.03,GBP,,BP,,
696732053d37bd87844815cee888c5c0,2021-08-15T00:00:00Z,TESCO EXTRA,-3.59,GBP,DEBIT,PURCHASE,,,365.44,GBP,,DEB,,
f346d6199c6866ff67584d9f91128c0e,2021-08-15T00:00:00Z,PAYPAL EBAY,-10.0,GBP,DEBIT,PURCHASE,,,355.44,GBP,,DEB,,
fd9521b443bfe9186baeded3f79e68dd,2021-08-14T00:00:00Z,PAYPAL BETFRED,-2.0,GBP,DEBIT,PURCHASE,,,353.44,GBP,,DEB,,
22cb4ca26f1523a3409a0249fbc09836,2021-08-14T00:00:00Z,MT SECURETRADE LIM,-20.5,GBP,DEBIT,PURCHASE,,,332.94,GBP,,DEB,,
c5396af9508655edde0765ccccf86b15,2021-08-14T00:00:00Z,MT SECURETRADE LIM,43.5,GBP,CREDIT,PURCHASE,,,376.44,GBP,,DEB,,
ee5188610f2ddffcce568b34033996f0,2021-08-12T00:00:00Z,SAVE THE CHANGE,-0.41,GBP,DEBIT,BILL_PAYMENT,,,376.03,GBP,,BP,,
654f8aec9b56384da20dd11b0539c3b6,2021-08-12T00:00:00Z,AA MEMBERSHIP,-23.11,GBP,DEBIT,DIRECT_DEBIT,,,352.92,GBP,,DD,,
03817c0330e672349e56d052a4346c61,2021-08-11T00:00:00Z,CIRCLE UK TRADING,50.0,GBP,CREDIT,CREDIT,,,402.92,GBP,,FPI,,
67c18d7a9c7929c4de54b69160c0c107,2021-08-11T00:00:00Z,MS JANE DOE,50.0,GBP,CREDIT,TRANSFER,,,452.92,GBP,,TFR,,
42e54c4cc373a65b7ebd7e3aefb9969a,2021-08-11T00:00:00Z,WORKING TAX CREDIT,22.42,GBP,CREDIT,CREDIT,,,475.34,GBP,,BGC,,
65f3a2cc6c1fb8f0d926c5b9103a34cc,2021-08-11T00:00:00Z,BUTLINS HOLIDAYS,-17.0,GBP,DEBIT,PURCHASE,,,458.34,GBP,,DEB,,
22939fba9bb443efeba116d4da3f1d6e,2021-08-10T00:00:00Z,AXA WEALTH LTD,-40.0,GBP,DEBIT,DIRECT_DEBIT,,,418.34,GBP,,DD,,
4f4b3a9514d3f534ce003b8ddebf8d81,2021-08-10T00:00:00Z,ASDA STORES LTD,-5.0,GBP,DEBIT,PURCHASE,,,413.34,GBP,,DEB,,
ac35640b37034adde5f31464ef8aa9e0,2021-08-10T00:00:00Z,RETURNED DD,40.0,GBP,CREDIT,CREDIT,,,453.34,GBP,,DEP,,
bbe5487a5fb37d651b092d61a4569fbc,2021-08-10T00:00:00Z,CIRCLE UK TRADING,50.36,GBP,CREDIT,CREDIT,,,503.7,GBP,,FPI,,
64a9c4ab66868d79ea52e36da9a1dd60,2021-08-10T00:00:00Z,OUTGOING DD,-30.0,GBP,DEBIT,DIRECT_DEBIT,,,473.7,GBP,,DD,,
50309f2a5fb14b9f58cb4335901695db,2021-08-10T00:00:00Z,EDF ENERGY,-24.5,GBP,DEBIT,BILL_PAYMENT,,,449.2,GBP,,BP,,
5c76b4629f5356bbea73134a577fc393,2021-08-09T00:00:00Z,DVLA LICENCE,-23.62,GBP,DEBIT,DIRECT_DEBIT,,,425.58,GBP,,DD,,
01ad44d8386dfcd49a3c64302a5f0479,2021-08-09T00:00:00Z,DVLA TAX,-20.56,GBP,DEBIT,DIRECT_DEBIT,,,405.02,GBP,,DD,,
1d98dc4b06404f53ffc357dc2d185076,2021-08-09T00:00:00Z,SAVE THE CHANGE,-0.41,GBP,DEBIT,BILL_PAYMENT,,,404.61,GBP,,BP,,
dee2dfa3b5717944a2413176c0d71a8a,2021-08-09T00:00:00Z,MS JANE DOE,70.0,GBP,CREDIT,TRANSFER,,,474.61,GBP,,TFR,,
32199233211518a22d62af2c91567912,2021-08-08T00:00:00Z,SAVE THE CHANGE,-0.01,GBP,DEBIT,BILL_PAYMENT,,,474.6,GBP,,BP,,
a5fd8daa144d085d5dd91eb4a2ceaff6,2021-08-08T00:00:00Z,WORKING TAX CREDIT,22.42,GBP,CREDIT,CREDIT,,,497.02,GBP,,BGC,,
f295e6418a8b5afdd6355d96b8fb7d47,2021-08-08T00:00:00Z,CREDITREPORTSERVIC,-14.99,GBP,DEBIT,PURCHASE,,,482.03,GBP,,DEB,,
87c84c704149928021ca3e1622bebb30,2021-08-08T00:00:00Z,REGENDA REDWING RE,-100.0,GBP,DEBIT,PURCHASE,,,382.03,GBP,,DEB,,
fd408dff62da14f81dcfb845d1b244f4,2021-08-08T00:00:00Z,BROADWAY GAMING LT CD 0315,-10.0,GBP,DEBIT,PURCHASE,,,372.03,GBP,,DEB,,
ed4d962a22be33b9e7b3bf696cc1bfa1,2021-08-08T00:00:00Z,SAVE THE CHANGE,-0.69,GBP,DEBIT,BILL_PAYMENT,,,371.34,GBP,,BP,,
80568bfb0c8baf36495a67888e7ca1e1,2021-08-08T00:00:00Z,SAVE THE CHANGE,-1.04,GBP,DEBIT,BILL_PAYMENT,,,370.3,GBP,,BP,,
4507c5a00df7ea772cb2a686e780b40d,2021-08-08T00:00:00Z,BOOKER LIMITED BLA,-24.31,GBP,DEBIT,PURCHASE,,,345.99,GBP,,DEB,,
273040e10246754217669268a982cf83,2021-08-07T00:00:00Z,EE & T-MOBILE,-82.37,GBP,DEBIT,PURCHASE,,,263.62,GBP,,DEB,,
88d808d8714323f290fe6fefe70c6f73,2021-08-07T00:00:00Z,SAVE THE CHANGE,-1.15,GBP,DEBIT,BILL_PAYMENT,,,262.47,GBP,,BP,,
a28e07433bcbd28d5a42c47f66588eb2,2021-08-07T00:00:00Z,MS JANE DOE,-70.0,GBP,DEBIT,TRANSFER,,,192.47,GBP,,TFR,,
c6db47160c36ef46484eebd6b5c2e119,2021-08-07T00:00:00Z,18db38 Betropolis LTD LC Betropolis,-10.0,GBP,DEBIT,PURCHASE,,,45.1,GBP,,DEB,,
e1b6ff913d7ae2c019560273671521fc,2021-08-06T00:00:00Z,TESCO MOBILE LTD,-28.25,GBP,DEBIT,PURCHASE,,,164.22,GBP,,DEB,,
02db4281d8e5ef5daee949d1b45ac6de,2021-08-06T00:00:00Z,WORKING TAX CREDIT,22.42,GBP,CREDIT,CREDIT,,,186.64,GBP,,BGC,,
7b34bff4f313034c50814465da505984,2021-08-06T00:00:00Z,W M MORRISONS PLC,-12.89,GBP,DEBIT,PURCHASE,,,173.75,GBP,,DEB,,
ce996f3ce50cdd2545a0bf60c653df86,2021-08-06T00:00:00Z,TESCO MOBILE LTD,-50.0,GBP,DEBIT,PURCHASE,,,123.75,GBP,,DEB,,
0c1898fe5ebb5c348ec45075fed895b9,2021-08-06T00:00:00Z,HOME BARGAINS FLEE,-9.71,GBP,DEBIT,PURCHASE,,,114.04,GBP,,DEB,,
4899a0e9e5a419934f17d5cebfcc320a,2021-08-06T00:00:00Z,CHILD TAX CREDIT,346.35,GBP,CREDIT,CREDIT,,,460.39,GBP,,BGC,,
f019411144180cd094dea4c565622c95,2021-08-06T00:00:00Z,MR JOHN SMITH,137.6,GBP,CREDIT,CREDIT,,,597.99,GBP,,BGC,,
34b3032be21588c70b2daf9904be2cbc,2021-08-06T00:00:00Z,MS JANE DOE,61.89,GBP,CREDIT,TRANSFER,,,659.88,GBP,,TFR,,
5bc1617f4817536a4f081c7aa21aeb7b,2021-08-06T00:00:00Z,SAVE THE CHANGE,-0.01,GBP,DEBIT,BILL_PAYMENT,,,659.87,GBP,,BP,,
ec1db9909360817aec1c56fd2ea648c6,2021-08-06T00:00:00Z,AMAZON PRIME,-5.0,GBP,DEBIT,PURCHASE,,,654.87,GBP,,DEB,,
fcd9cf2aae4f6c956c82e02ca6044568,2021-08-05T00:00:00Z,LNK ATM WITHDRAWAL,-60.0,GBP,DEBIT,ATM,,,594.87,GBP,,CPT,,
4ab151f2970fb8d1c5fa97c0183b40e0,2021-08-05T00:00:00Z,SAVE THE CHANGE,-1.89,GBP,DEBIT,BILL_PAYMENT,,,592.98,GBP,,BP,,
4731298a7517c7d1ab218509497b469a,2021-08-05T00:00:00Z,THE INSURANCE EMPO,-5.79,GBP,DEBIT,DIRECT_DEBIT,,,587.19,GBP,,DD,,
c5c5fa25ad3d40e73ec16e19af7d5423,2021-08-05T00:00:00Z,AMAZON PRIME,-7.99,GBP,DEBIT,PURCHASE,,,579.2,GBP,,DEB,,
b68dd89eff35da784739253d71e4c221,2021-08-05T00:00:00Z,VANQUIS BANK,-23.15,GBP,DEBIT,PURCHASE,,,556.05,GBP,,DEB,,
5ceddcb4842cd4e74c3807d99d5587bf,2021-08-05T00:00:00Z,AA INSURANCE,-12.73,GBP,DEBIT,DIRECT_DEBIT,,,543.32,GBP,,DD,,
6f4642adf18f8134a902a261bdd23fd7,2021-08-05T00:00:00Z,WWW.TAILS.COM,-6.37,GBP,DEBIT,PURCHASE,,,536.95,GBP,,DEB,,
6c28866c8a2a28c7fa7464802da3c4b8,2021-08-05T00:00:00Z,ANNATAR,-20.0,GBP,DEBIT,PURCHASE,,,516.95,GBP,,DEB,,
8bcf11fe9432b623855ea2934f983dc4,2021-08-04T00:00:00Z,ANNATAR LIMITED,10.0,GBP,CREDIT,PURCHASE,,,526.95,GBP,,DEB,,
dc3f2199f3f0e826edd01da819179755,2021-08-04T00:00:00Z,ANYVAN LTD,70.0,GBP,CREDIT,CREDIT,,,596.95,GBP,,FPI,,
b4c15ad2ca9e029724a276280f7d78eb,2021-08-04T00:00:00Z,ANYVAN LTD,59.17,GBP,CREDIT,CREDIT,,,656.12,GBP,,FPI,,
8e39be4504440a5277c63e45efef977b,2021-08-04T00:00:00Z,LNK ATM LONDON,-20.0,GBP,DEBIT,ATM,,,636.12,GBP,,CPT,,
1ca7c94b203a6233ea2fd48e2ad10aa8,2021-08-04T00:00:00Z,LAPTOP DIRECT LTD.,-5.0,GBP,DEBIT,PURCHASE,,,631.12,GBP,,DEB,,
2af0145222a7d7c42207baedefc85ebb,2021-08-04T00:00:00Z,ANIMAL FRIENDS LTD,-3.07,GBP,DEBIT,DIRECT_DEBIT,,,628.05,GBP,,DD,,
f524c2771f139ebbf7af15288780858b,2021-08-04T00:00:00Z,LNK ATM WITHDRAWAL,-100.0,GBP,DEBIT,ATM,,,528.05,GBP,,CPT,,
2790b22071484eb34323066371af1937,2021-08-04T00:00:00Z,MR JOHN SMITH,100.0,GBP,CREDIT,TRANSFER,,,628.05,GBP,,TFR,,
18edc20256cf2826e59f49ee56d88855,2021-08-04T00:00:00Z,INTUIT LIMITED,-3.59,GBP,DEBIT,DIRECT_DEBIT,,,624.46,GBP,,DD,,
885f17df2e36456bf148b74790691d44,2021-08-04T00:00:00Z,PAYPAL EBAY,25.0,GBP,CREDIT,PURCHASE,,,649.46,GBP,,DEB,,
02271aa54982233ad2ca04e15053a2ed,2021-08-04T00:00:00Z,RENT,-130.0,GBP,DEBIT,BILL_PAYMENT,,,519.46,GBP,,BP,,
3e65bb0147c0262ea19b34790b8d3fb9,2021-08-03T00:00:00Z,MS JANE DOE,0.89,GBP,CREDIT,TRANSFER,,,520.35,GBP,,TFR,,
7b487b91bcbe40da9ecbfdeff2894846,2021-08-03T00:00:00Z,SAVE THE CHANGE,-0.41,GBP,DEBIT,BILL_PAYMENT,,,519.94,GBP,,BP,,
1373f925cb6c515139a5f8e5f1cee5e3,2021-08-03T00:00:00Z,MS JANE DOE,130.0,GBP,CREDIT,TRANSFER,,,649.94,GBP,,TFR,,
b60bd1e7d53331fb7339679daed34091,2021-08-03T00:00:00Z,MR JOHN SMITH,7.0,GBP,CREDIT,TRANSFER,,,656.94,GBP,,TFR,,
682f9442600139d8feeae37b35d27f0d,2021-08-03T00:00:00Z,AA MEMBERSHIP,-23.11,GBP,DEBIT,DIRECT_DEBIT,,,633.83,GBP,,DD,,
2bda385c1b61e61857aeffecb7b1f6dc,2021-08-03T00:00:00Z,VIRGIN GAMES,35.49,GBP,CREDIT,PURCHASE,,,669.32,GBP,,DEB,,
8b1629129a13314c213d83d97270d893,2021-08-03T00:00:00Z,SAVE THE CHANGE,-0.01,GBP,DEBIT,BILL_PAYMENT,,,669.31,GBP,,BP,,
43bac86f01a61638a51a63df458bad00,2021-08-03T00:00:00Z,GOOGLE PLAY STORE,-2.99,GBP,DEBIT,PURCHASE,,,666.32,GBP,,DEB,,
e696053271e3736b583901a0a7fee5e7,2021-08-03T00:00:00Z,TESCO EXTRA,-30.0,GBP,DEBIT,PURCHASE,,,636.32,GBP,,DEB,,
dbfc554794f2db84149e20855eb3b0f9,2021-08-03T00:00:00Z,RETURNED DIRECT DEBIT,40.0,GBP,CREDIT,CREDIT,,,676.32,GBP,,DEP,,
d74cb2d4a5f78c9bd0c24fdd75ffa6b8,2021-08-03T00:00:00Z,LNK ATM LONDON,-40.0,GBP,DEBIT,ATM,,,636.32,GBP,,CPT,,
831d1a413d14106656802975314669d6,2021-08-03T00:00:00Z,WWW.ASDA.COM,-5.0,GBP,DEBIT,PURCHASE,,,631.32,GBP,,DEB,,
d18c38f3007b1e8c1aa6d44d7b8c919d,2021-08-02T00:00:00Z,MR JOHN SMITH,30.0,GBP,CREDIT,TRANSFER,,,661.32,GBP,,TFR,,
3fbd4fb3714c2e062defec111d5ba925,2021-08-02T00:00:00Z,LNK ATM LONDON,-30.0,GBP,DEBIT,ATM,,,631.32,GBP,,CPT,,
4eac4a276991b05e16e5b716224affc4,2021-08-02T00:00:00Z,MR JOHN SMITH,10.0,GBP,CREDIT,TRANSFER,,,641.32,GBP,,TFR,,
2a9f14008fb0dac23ddbbb09a43a014b,2021-08-02T00:00:00Z,SAVE THE CHANGE,-0.59,GBP,DEBIT,BILL_PAYMENT,,,640.73,GBP,,BP,,
f5c81752a189d1cd969093d0775f44bb,2021-08-01T00:00:00Z,TALKTALK TELECOM,-46.82,GBP,DEBIT,PURCHASE,,,593.91,GBP,,DEB,,
48560b5b490fb541e1aa80a660b0e2ea,2021-08-01T00:00:00Z,ACCOUNT OVERDRAFT FEE,-0.01,GBP,DEBIT,BILL_PAYMENT,,,593.9,GBP,,BP,,
d01e0cfa8b20411f2c609ab6ed72114e,2021-08-01T00:00:00Z,MR JOHN SMITH,-227.0,GBP,DEBIT,TRANSFER,,,366.9,GBP,,TFR,,
0f251dec48221830dc05d38d2c4269d4,2021-08-01T00:00:00Z,TESCO,-39.99,GBP,DEBIT,PURCHASE,,,326.91,GBP,,DEB,,
f921c8aa43321b96f03686cf1d26a552,2021-08-01T00:00:00Z,REVOLUT,-0.01,GBP,DEBIT,PURCHASE,,,326.9,GBP,,DEB,,
7cc5ba0bb5890b272fb59f15fe8ef327,2021-08-01T00:00:00Z,CENTRA,-0.01,GBP,DEBIT,PURCHASE,,,326.89,GBP,,DEB,,
5262b2cfb2d248e8ecc5d985fb398d78,2021-08-01T00:00:00Z,DUNNES STORES,-0.01,GBP,DEBIT,PURCHASE,,,326.88,GBP,,DEB,,
58bbbd6e6cc622a64f241e34e63ae184,2021-08-01T00:00:00Z,SPAR,-0.01,GBP,DEBIT,PURCHASE,,,326.87,GBP,,DEB,,
65d32f6029e3137003e2f22e97105103,2021-08-01T00:00:00Z,SPAR,-0.01,GBP,DEBIT,PURCHASE,,,326.86,GBP,,DEB,,
5462176dee18a0ffd19a0bc0b9a41100,2021-08-01T00:00:00Z,SUPERVALUE,-0.01,GBP,DEBIT,PURCHASE,,,326.85,GBP,,DEB,,
53455a3c67fd61cdcc788e165e0ced4d,2021-08-01T00:00:00Z,LIDL,-0.01,GBP,DEBIT,PURCHASE,,,326.84,GBP,,DEB,,
418a55118e7425e40a153bb3fd6e8ceb,2021-08-01T00:00:00Z,APLLEGREEN,-0.01,GBP,DEBIT,PURCHASE,,,326.83,GBP,,DEB,,
bc509989186ae1e59dcedbf96254980a,2021-08-01T00:00:00Z,MCDONALD'S,-0.01,GBP,DEBIT,PURCHASE,,,326.82,GBP,,DEB,,
d00663acb361595e316076829bb05265,2021-08-01T00:00:00Z,HARVEY NORMAN,-0.01,GBP,DEBIT,PURCHASE,,,326.81,GBP,,DEB,,
5b310335b6ea3da21aa4540a990689bd,2021-08-01T00:00:00Z,ULSTER BANK,-0.01,GBP,DEBIT,PURCHASE,,,326.8,GBP,,DEB,,
bd3a56aab804f3d80e9a5ec60302da53,2021-08-01T00:00:00Z,CIRCLE K,-0.01,GBP,DEBIT,PURCHASE,,,326.79,GBP,,DEB,,
b88e296a634f2d686432cf3d533adec3,2021-08-01T00:00:00Z,BET365,-0.01,GBP,DEBIT,PURCHASE,,,326.78,GBP,,DEB,,
4d95b8ea0b91b80920d84ce0c21f155e,2021-08-01T00:00:00Z,ACCOUNT OVERDRAFT FEE,-0.01,GBP,DEBIT,BILL_PAYMENT,,,326.77,GBP,,BP,,
c3d7b1dbad36cb89b54cea647ff0f22d,2021-08-01T00:00:00Z,Sainsbury's,-23.99,GBP,DEBIT,PURCHASE,,,302.78,GBP,,DEB,,
a0221efcccc3f26f48edf19487f29cd6,2021-08-01T00:00:00Z,MR JOHN SMITH,-20.91,GBP,DEBIT,TRANSFER,,,282.78,GBP,,TFR,,
a16385a9676310ddbba5927c57575bb8,2021-08-01T00:00:00Z,NUDE FINANCE,-10.0,GBP,DEBIT,PURCHASE,,,272.78,GBP,,DEB,,
31ff97c08baf8869e0809027af637c16,2021-08-01T00:00:00Z,E.ON NEXT,-10.0,GBP,DEBIT,PURCHASE,,,262.78,GBP,,DEB,,
29c0d13465024ad04688a65f886a384c,2021-08-01T00:00:00Z,L&G INSURANCE,-10.0,GBP,DEBIT,PURCHASE,,,252.78,GBP,,DEB,,
7ed9a926ce1e24fda036769c74b38c93,2021-08-01T00:00:00Z,HALIFAX,-10.0,GBP,DEBIT,PURCHASE,,,242.78,GBP,,DEB,,
807b8f18f1bb09bf51955388e50b1d87,2021-08-01T00:00:00Z,OVO ENERGY,-10.0,GBP,DEBIT,PURCHASE,,,232.78,GBP,,DEB,,
d9fdbc31e0b3271b6ba3ca57b3c1fef1,2021-07-28T00:00:00Z,TSB CLEVELEYS,420.0,GBP,CREDIT,CASH,,,-640.42,GBP,,CSH,,
97af6076e55f5f049bdd57b7ed8fffb0,2021-07-28T00:00:00Z,AMAZON INT'L,-36.59,GBP,DEBIT,PURCHASE,,,-677.01,GBP,,DEB,,
f24339a2d057715e14c5d86e99993222,2021-07-28T00:00:00Z,RETURNED DD,40.0,GBP,CREDIT,CREDIT,,,-637.01,GBP,,DEP,,
d7767850cff31244cc123ef764e0ec74,2021-07-28T00:00:00Z,MR JOHN SMITH,-32.72,GBP,DEBIT,TRANSFER,,,-669.73,GBP,,TFR,,
7b1ac089128c15211ec5c57d44fc063d,2021-07-28T00:00:00Z,WORKING TAX CREDIT,22.42,GBP,CREDIT,CREDIT,,,-647.31,GBP,,BGC,,
d4d3de5ecd86cd17685845725f995253,2021-07-27T00:00:00Z,MS JANE DOE,-7.93,GBP,DEBIT,TRANSFER,,,-655.24,GBP,,TFR,,
bfc470996e03ac109407e07082f6ad65,2021-07-27T00:00:00Z,CIRCLE UK TRADING REFUND,50.59,GBP,CREDIT,CREDIT,,,-604.65,GBP,,DEP,,
595d8f5124a6f605867a0c498e1b86ba,2021-07-27T00:00:00Z,MS JANE DOE,15.86,GBP,CREDIT,TRANSFER,,,-588.79,GBP,,TFR,,
64731e5f735b6120230b4385573a552f,2021-07-27T00:00:00Z,DVLA LICENSE,-20.56,GBP,DEBIT,DIRECT_DEBIT,,,-609.35,GBP,,DD,,
f45744dcbb80e317bb89dab7147ba4f8,2021-07-27T00:00:00Z,E&L INSURANCE,-2.99,GBP,DEBIT,DIRECT_DEBIT,,,-612.34,GBP,,DD,,
fa5b6957b4ec5580852f3b5fd0411411,2021-07-27T00:00:00Z,TESCO ONLINE SHOPPING,-23.62,GBP,DEBIT,DIRECT_DEBIT,,,-635.96,GBP,,DD,,
738ffc3d5c32f22d961f772a86f29a52,2021-07-27T00:00:00Z,PAYPAL EBAY,-7.56,GBP,DEBIT,PURCHASE,,,-643.52,GBP,,DEB,,
6e283c1a01c9c1c7b5558dfe0b818ca0,2021-07-25T00:00:00Z,CASHBACK,70.0,GBP,CREDIT,CASH,,,-573.52,GBP,,CSH,,
7af295f2e67544c4073bdee602d563d8,2021-07-25T00:00:00Z,MENS HEALTH SUBSCRIPTION,-24.5,GBP,DEBIT,DIRECT_DEBIT,,,-598.02,GBP,,DD,,
3b29bccf79210b4d2a4aadd11b5400eb,2021-07-25T00:00:00Z,OUTGOING DD,-10.0,GBP,DEBIT,DIRECT_DEBIT,,,-608.02,GBP,,DD,,
57e5484a906215c670436e21977b0eae,2021-07-25T00:00:00Z,SAVE THE CHANGE,-0.41,GBP,DEBIT,BILL_PAYMENT,,,-608.43,GBP,,BP,,
273b6e36bf45361467f28e5361f4cae3,2021-07-25T00:00:00Z,AMAZON PLC,-36.59,GBP,DEBIT,PURCHASE,,,-645.02,GBP,,DEB,,
a9833c365f61a367da1c9a2fe7ba67d3,2021-07-25T00:00:00Z,SAVE THE CHANGE,-0.5,GBP,DEBIT,BILL_PAYMENT,,,-645.52,GBP,,BP,,
3c7ea589b3ea3dc5fe68ecb989425c35,2021-07-25T00:00:00Z,WWW.BINGO.COM,-10.5,GBP,DEBIT,PURCHASE,,,-656.02,GBP,,DEB,,
e07822f5e8b5fda257528882c73a7e68,2021-07-23T00:00:00Z,MORSES CLUB LTD,-30.0,GBP,DEBIT,PURCHASE,,,-626.02,GBP,,DEB,,
83b0c9a1538ac075fc4d1bc7cc79239b,2021-07-23T00:00:00Z,ANYVAN LTD,32.5,GBP,CREDIT,CREDIT,,,-593.52,GBP,,FPI,,
0ae406af1b6d2269549d0a1f238cb705,2021-07-23T00:00:00Z,LNK ATM WITHDRAWAL,-100.0,GBP,DEBIT,ATM,,,-693.52,GBP,,CPT,,
262ef7169bfae9450e06b7b936ce5255,2021-07-23T00:00:00Z,SAVE THE CHANGE,-1.57,GBP,DEBIT,BILL_PAYMENT,,,-695.09,GBP,,BP,,
76bddac894f2d1ec9ba9801c0d3204a6,2021-07-23T00:00:00Z,WWW.METROBANK.COM,-20.0,GBP,DEBIT,PURCHASE,,,-715.09,GBP,,DEB,,
1401eb3458e9574f0054cfedc5589ce5,2021-07-22T00:00:00Z,AMAZON INT'L,-5.0,GBP,DEBIT,PURCHASE,,,-720.09,GBP,,DEB,,
3b8e22d5c9e18702269727576c889495,2021-07-22T00:00:00Z,SAVE THE CHANGE,-0.01,GBP,DEBIT,BILL_PAYMENT,,,-720.1,GBP,,BP,,
e0e31e76b86da3c7fbdf142a17685557,2021-07-22T00:00:00Z,TESCO MOBILE LTD,-39.25,GBP,DEBIT,PURCHASE,,,-759.35,GBP,,DEB,,
4858bf3ccdc78ed104d6fbe4647bdc64,2021-07-22T00:00:00Z,PAYPAL WWW.EBAY.COM,-36.59,GBP,DEBIT,PURCHASE,,,-795.94,GBP,,DEB,,
b10a075491a04e54220b80cdd9357579,2021-07-22T00:00:00Z,OAKAM LIMITED,-36.59,GBP,DEBIT,PURCHASE,,,-832.53,GBP,,DEB,,
7207f648473fdda53132948cf2308207,2021-07-20T00:00:00Z,REGENDA REDWING,-150.0,GBP,DEBIT,PURCHASE,,,-982.53,GBP,,DEB,,
f46e52eb3b7353043e3d7ff261d65a91,2021-07-20T00:00:00Z,WORKING TAX CREDIT,22.42,GBP,CREDIT,CREDIT,,,-960.11,GBP,,BGC,,
733454f1f4b677e5fd1bd65238dcbee6,2021-07-20T00:00:00Z,PARKRETAIL.CO.UK,-550.0,GBP,DEBIT,PURCHASE,,,-1510.11,GBP,,DEB,,
441a7ed739b83c2e367d708879be9852,2021-07-20T00:00:00Z,CHILD TAX CREDIT,345.13,GBP,CREDIT,CREDIT,,,-1164.98,GBP,,BGC,,
08edc9488529c2403c717dd300aea27c,2021-07-19T00:00:00Z,AMAZON PRIME,-7.99,GBP,DEBIT,PURCHASE,,,-1172.97,GBP,,DEB,,
87c000a01016b5345ea185ff20717450,2021-07-19T00:00:00Z,CLEVELEYS.COM,1450.42,GBP,CREDIT,CREDIT,,,277.45,GBP,,DEP,,
2185b9e83f528d690bba09e872148d13,2021-07-18T00:00:00Z,CIRCLE UK TRADING,82.21,GBP,CREDIT,CREDIT,,,359.66,GBP,,FPI,,
da90c337c82c78a256afec53aee2a51f,2021-07-17T00:00:00Z,MR JOHN SMITH,137.6,GBP,CREDIT,CREDIT,,,497.26,GBP,,BGC,,
7b6b3192d0ba4fbb7fcfa2e864b16fbc,2021-07-17T00:00:00Z,AA INSURANCE,-12.73,GBP,DEBIT,DIRECT_DEBIT,,,484.53,GBP,,DD,,
b7b88efcdf3d257fd1aa2f7e4092eff0,2021-07-17T00:00:00Z,AXA WEALTH LTD,-40.0,GBP,DEBIT,DIRECT_DEBIT,,,444.53,GBP,,DD,,
94ac0b0e7b68c228d3aebdd84a00637c,2021-07-17T00:00:00Z,MORRISONS PETROL,-20.0,GBP,DEBIT,PURCHASE,,,424.53,GBP,,DEB,,
9d2390b82d93b6936e8f7649d96feca6,2021-07-17T00:00:00Z,SAVE THE CHANGE,-0.63,GBP,DEBIT,BILL_PAYMENT,,,423.9,GBP,,BP,,
e8adff12025942cd827e78b0cf03ceaa,2021-07-17T00:00:00Z,TAILSCOM,-6.37,GBP,DEBIT,PURCHASE,,,417.53,GBP,,DEB,,
3c75312071b88b14326ef5faee8d2c67,2021-07-15T00:00:00Z,ASDA STOES LTD,-32.0,GBP,DEBIT,PURCHASE,,,385.53,GBP,,DEB,,
46fd17d210bec984c49d6c34eb87a150,2021-07-15T00:00:00Z,SAVE THE CHANGE,-0.55,GBP,DEBIT,BILL_PAYMENT,,,384.98,GBP,,BP,,
69172a7c6219f99729e1e79cfdc71b9e,2021-07-15T00:00:00Z,AMAZON BLACK FRIDAY,-15.45,GBP,DEBIT,PURCHASE,,,369.53,GBP,,DEB,,
48419c4ed366ceb4eaf41f87728afe51,2021-07-15T00:00:00Z,SAVE THE CHANGE,-0.5,GBP,DEBIT,BILL_PAYMENT,,,369.03,GBP,,BP,,
cbea2e58ffaf2497b9e3d735effe9e81,2021-07-15T00:00:00Z,TESCO EXTRA,-3.59,GBP,DEBIT,PURCHASE,,,365.44,GBP,,DEB,,
d20cc9e22b9c6fd72c08cdbab371e8b3,2021-07-15T00:00:00Z,PAYPAL EBAY,-10.0,GBP,DEBIT,PURCHASE,,,355.44,GBP,,DEB,,
5f996c49d8783ec58aa0ada06f6c45a0,2021-07-14T00:00:00Z,PAYPAL BETFRED,-2.0,GBP,DEBIT,PURCHASE,,,353.44,GBP,,DEB,,
e4e42a59819191d69f55c9641e25a052,2021-07-14T00:00:00Z,MT SECURETRADE LIM,-20.5,GBP,DEBIT,PURCHASE,,,332.94,GBP,,DEB,,
0df5616c21486b16b8d1851a26697eb2,2021-07-14T00:00:00Z,MT SECURETRADE LIM,43.5,GBP,CREDIT,PURCHASE,,,376.44,GBP,,DEB,,
8f2a6d30951377fb5b810a3546c0c6af,2021-07-12T00:00:00Z,SAVE THE CHANGE,-0.41,GBP,DEBIT,BILL_PAYMENT,,,376.03,GBP,,BP,,
51acec804e3c9b8dbd4d474664b3b744,2021-07-12T00:00:00Z,AA MEMBERSHIP,-23.11,GBP,DEBIT,DIRECT_DEBIT,,,352.92,GBP,,DD,,
8f1a2a92edff60765846e65aa0605f77,2021-07-11T00:00:00Z,CIRCLE UK TRADING,50.0,GBP,CREDIT,CREDIT,,,402.92,GBP,,FPI,,
0843dd6260188073cfadc404fdc46f3f,2021-07-11T00:00:00Z,MS JANE DOE,50.0,GBP,CREDIT,TRANSFER,,,452.92,GBP,,TFR,,
25bf06e4453102a530c58099d49ed86a,2021-07-11T00:00:00Z,WORKING TAX CREDIT,22.42,GBP,CREDIT,CREDIT,,,475.34,GBP,,BGC,,
0c1871c8582519788fc154fb8f96d57a,2021-07-11T00:00:00Z,BUTLINS HOLIDAYS,-17.0,GBP,DEBIT,PURCHASE,,,458.34,GBP,,DEB,,
1ba8952eb30270df3ea3e05537764a54,2021-07-10T00:00:00Z,AXA WEALTH LTD,-40.0,GBP,DEBIT,DIRECT_DEBIT,,,418.34,GBP,,DD,,
593c01409c3b6b8e01e4692bab7ee782,2021-07-10T00:00:00Z,ASDA STORES LTD,-5.0,GBP,DEBIT,PURCHASE,,,413.34,GBP,,DEB,,
0d6cb0c46480f369e9611989f39b8b1c,2021-07-10T00:00:00Z,RETURNED DD,40.0,GBP,CREDIT,CREDIT,,,453.34,GBP,,DEP,,
a7f45bb06548dd2c48461e555e72ce70,2021-07-10T00:00:00Z,CIRCLE UK TRADING,50.36,GBP,CREDIT,CREDIT,,,503.7,GBP,,FPI,,
4f54a12bbc2cace05c9a7ad09b581d53,2021-07-10T00:00:00Z,OUTGOING DD,-30.0,GBP,DEBIT,DIRECT_DEBIT,,,473.7,GBP,,DD,,
6827531911b4404f7bb4ef33eab83d36,2021-07-10T00:00:00Z,EDF ENERGY,-24.5,GBP,DEBIT,BILL_PAYMENT,,,449.2,GBP,,BP,,
740f9b5ed7e097b191a04e3d83654e7a,2021-07-09T00:00:00Z,DVLA LICENCE,-23.62,GBP,DEBIT,DIRECT_DEBIT,,,425.58,GBP,,DD,,
2a90b7b648543e145d9c3799efc8f926,2021-07-09T00:00:00Z,DVLA TAX,-20.56,GBP,DEBIT,DIRECT_DEBIT,,,405.02,GBP,,DD,,
0840c5af014a9e975e994f2ee577e1a3,2021-07-09T00:00:00Z,SAVE THE CHANGE,-0.41,GBP,DEBIT,BILL_PAYMENT,,,404.61,GBP,,BP,,
469ebc00b380f8689f411ebf2cf5e10e,2021-07-09T00:00:00Z,MS JANE DOE,70.0,GBP,CREDIT,TRANSFER,,,474.61,GBP,,TFR,,
13b6cf88dd1cd752cbc997941b925baf,2021-07-08T00:00:00Z,SAVE THE CHANGE,-0.01,GBP,DEBIT,BILL_PAYMENT,,,474.6,GBP,,BP,,
a1d289dc82293d81729924659d625301,2021-07-08T00:00:00Z,WORKING TAX CREDIT,22.42,GBP,CREDIT,CREDIT,,,497.02,GBP,,BGC,,
4b7014e38b98510dff19ed78e962a022,2021-07-08T00:00:00Z,CREDITREPORTSERVIC,-14.99,GBP,DEBIT,PURCHASE,,,482.03,GBP,,DEB,,
af1a9fd3e9f45e639353763d34837d45,2021-07-08T00:00:00Z,REGENDA REDWING RE,-100.0,GBP,DEBIT,PURCHASE,,,382.03,GBP,,DEB,,
d153b63b7390620c38108538a1b533aa,2021-07-08T00:00:00Z,BROADWAY GAMING LT CD 0315,-10.0,GBP,DEBIT,PURCHASE,,,372.03,GBP,,DEB,,
ec1fd239c43d8f4ca34c7a0b8809450c,2021-07-08T00:00:00Z,SAVE THE CHANGE,-0.69,GBP,DEBIT,BILL_PAYMENT,,,371.34,GBP,,BP,,
7489f930dc99525a34cdc2e5d73ddbaa,2021-07-08T00:00:00Z,SAVE THE CHANGE,-1.04,GBP,DEBIT,BILL_PAYMENT,,,370.3,GBP,,BP,,
d2deb03e1909f332b797712474429afa,2021-07-08T00:00:00Z,BOOKER LIMITED BLA,-24.31,GBP,DEBIT,PURCHASE,,,345.99,GBP,,DEB,,
e8259b53813c5f5645eb6984cb092399,2021-07-07T00:00:00Z,EE & T-MOBILE,-82.37,GBP,DEBIT,PURCHASE,,,263.62,GBP,,DEB,,
7f2e9b008fe2ef6e414e38945cc10e40,2021-07-07T00:00:00Z,SAVE THE CHANGE,-1.15,GBP,DEBIT,BILL_PAYMENT,,,262.47,GBP,,BP,,
1960a2397cc0e54490c7e737df720ae4,2021-07-07T00:00:00Z,MS JANE DOE,-70.0,GBP,DEBIT,TRANSFER,,,192.47,GBP,,TFR,,
5a53d29bcc2e855c55f73667d0dae358,2021-07-07T00:00:00Z,18db38 Betropolis LTD LC Betropolis,-10.0,GBP,DEBIT,PURCHASE,,,45.1,GBP,,DEB,,
7382535515f5f7e968f96cd8dbba4be5,2021-07-06T00:00:00Z,TESCO MOBILE LTD,-28.25,GBP,DEBIT,PURCHASE,,,164.22,GBP,,DEB,,
d86d6f454ecdc5cc09917266a8c2d961,2021-07-06T00:00:00Z,WORKING TAX CREDIT,22.42,GBP,CREDIT,CREDIT,,,186.64,GBP,,BGC,,
6db860d14f23f40742965035aa1a13c1,2021-07-06T00:00:00Z,W M MORRISONS PLC,-12.89,GBP,DEBIT,PURCHASE,,,173.75,GBP,,DEB,,
14437d8c8af2bab40f8e3d8b0542c808,2021-07-06T00:00:00Z,TESCO MOBILE LTD,-50.0,GBP,DEBIT,PURCHASE,,,123.75,GBP,,DEB,,
12d25efb973b63ac73d0dd6585217bb7,2021-07-06T00:00:00Z,HOME BARGAINS FLEE,-9.71,GBP,DEBIT,PURCHASE,,,114.04,GBP,,DEB,,
ede916e9395f3987857cbeb394f9c866,2021-07-06T00:00:00Z,CHILD TAX CREDIT,346.35,GBP,CREDIT,CREDIT,,,460.39,GBP,,BGC,,
c8d6b6caccdd7d835d74b69a06f14a2e,2021-07-06T00:00:00Z,MR JOHN SMITH,137.6,GBP,CREDIT,CREDIT,,,597.99,GBP,,BGC,,
73f6d86246dd22fb6daed403801b114e,2021-07-06T00:00:00Z,MS JANE DOE,61.89,GBP,CREDIT,TRANSFER,,,659.88,GBP,,TFR,,
85ba1e1b8f31d737d61f7a1944d66ac3,2021-07-06T00:00:00Z,SAVE THE CHANGE,-0.01,GBP,DEBIT,BILL_PAYMENT,,,659.87,GBP,,BP,,
374aca2b57e259621f60c2655d2574d6,2021-07-06T00:00:00Z,AMAZON PRIME,-5.0,GBP,DEBIT,PURCHASE,,,654.87,GBP,,DEB,,
aa99daf3ebbf7ce350744ed44b313c5c,2021-07-05T00:00:00Z,LNK ATM WITHDRAWAL,-60.0,GBP,DEBIT,ATM,,,594.87,GBP,,CPT,,
616830c7ff64c283b968b4fe9831d818,2021-07-05T00:00:00Z,SAVE THE CHANGE,-1.89,GBP,DEBIT,BILL_PAYMENT,,,592.98,GBP,,BP,,
f331d8b5279856ab9f61a23288ea7d0b,2021-07-05T00:00:00Z,THE INSURANCE EMPO,-5.79,GBP,DEBIT,DIRECT_DEBIT,,,587.19,GBP,,DD,,
6d7e372caae89cff0ff084aa417fee0c,2021-07-05T00:00:00Z,AMAZON PRIME,-7.99,GBP,DEBIT,PURCHASE,,,579.2,GBP,,DEB,,
fbc7bb9778324e809f3267e8889219f6,2021-07-05T00:00:00Z,VANQUIS BANK,-23.15,GBP,DEBIT,PURCHASE,,,556.05,GBP,,DEB,,
28494b9fe7034f7d4879ed684a372871,2021-07-05T00:00:00Z,AA INSURANCE,-12.73,GBP,DEBIT,DIRECT_DEBIT,,,543.32,GBP,,DD,,
82a5f29b270718f58cbd6844a137963e,2021-07-05T00:00:00Z,WWW.TAILS.COM,-6.37,GBP,DEBIT,PURCHASE,,,536.95,GBP,,DEB,,
cafd797733f9c6565f5036852f93fd7c,2021-07-05T00:00:00Z,ANNATAR,-20.0,GBP,DEBIT,PURCHASE,,,516.95,GBP,,DEB,,
f41359a8e330fec79b345611184d4780,2021-07-04T00:00:00Z,ANNATAR LIMITED,10.0,GBP,CREDIT,PURCHASE,,,526.95,GBP,,DEB,,
1e7a7c23450740d37e9f2dfc01628e19,2021-07-04T00:00:00Z,ANYVAN LTD,70.0,GBP,CREDIT,CREDIT,,,596.95,GBP,,FPI,,
c21295ef60a8006440e1d2132880b9a7,2021-07-04T00:00:00Z,ANYVAN LTD,59.17,GBP,CREDIT,CREDIT,,,656.12,GBP,,FPI,,
7d0dad68669c666ad7f85d85621e878b,2021-07-04T00:00:00Z,LNK ATM LONDON,-20.0,GBP,DEBIT,ATM,,,636.12,GBP,,CPT,,
90a6c4d5c622c45c12b7d2dbc5d5ae59,2021-07-04T00:00:00Z,LAPTOP DIRECT LTD.,-5.0,GBP,DEBIT,PURCHASE,,,631.12,GBP,,DEB,,
9c497dcac96e0284af366a24ce0679d9,2021-07-04T00:00:00Z,ANIMAL FRIENDS LTD,-3.07,GBP,DEBIT,DIRECT_DEBIT,,,628.05,GBP,,DD,,
d5f563a02cd35697bfa8541c09ef0b45,2021-07-04T00:00:00Z,LNK ATM WITHDRAWAL,-100.0,GBP,DEBIT,ATM,,,528.05,GBP,,CPT,,
a54a2a3aaa7f2b33035b3a9f70479f8c,2021-07-04T00:00:00Z,MR JOHN SMITH,100.0,GBP,CREDIT,TRANSFER,,,628.05,GBP,,TFR,,
7053c8eb25e7eac2ee1c9c00e6dfcbf5,2021-07-04T00:00:00Z,INTUIT LIMITED,-3.59,GBP,DEBIT,DIRECT_DEBIT,,,624.46,GBP,,DD,,
8609cd34197740e299f4d12b5dd3de91,2021-07-04T00:00:00Z,PAYPAL EBAY,25.0,GBP,CREDIT,PURCHASE,,,649.46,GBP,,DEB,,
9573462b0b21fdc918d44f394c36e4f7,2021-07-04T00:00:00Z,RENT,-130.0,GBP,DEBIT,BILL_PAYMENT,,,519.46,GBP,,BP,,
a7961796d12da3a1584504458c85c176,2021-07-03T00:00:00Z,MS JANE DOE,0.89,GBP,CREDIT,TRANSFER,,,520.35,GBP,,TFR,,
a7293562f93e104adfb2e375672fbc18,2021-07-03T00:00:00Z,SAVE THE CHANGE,-0.41,GBP,DEBIT,BILL_PAYMENT,,,519.94,GBP,,BP,,
694b8b83e5eaeffc870e85b5df056a62,2021-07-03T00:00:00Z,MS JANE DOE,130.0,GBP,CREDIT,TRANSFER,,,649.94,GBP,,TFR,,
d2180f93209051a297003bfa9f100588,2021-07-03T00:00:00Z,MR JOHN SMITH,7.0,GBP,CREDIT,TRANSFER,,,656.94,GBP,,TFR,,
63671144be0477254368b09155769aef,2021-07-03T00:00:00Z,AA MEMBERSHIP,-23.11,GBP,DEBIT,DIRECT_DEBIT,,,633.83,GBP,,DD,,
732178c259c367a5d1fe2aab82b9a67a,2021-07-03T00:00:00Z,VIRGIN GAMES,35.49,GBP,CREDIT,PURCHASE,,,669.32,GBP,,DEB,,
4d9d1f8b3a8fafcc5c85b3bccfa5ad5d,2021-07-03T00:00:00Z,SAVE THE CHANGE,-0.01,GBP,DEBIT,BILL_PAYMENT,,,669.31,GBP,,BP,,
88732f0d208a01cf37376dae014bd054,2021-07-03T00:00:00Z,GOOGLE PLAY STORE,-2.99,GBP,DEBIT,PURCHASE,,,666.32,GBP,,DEB,,
2c784f1f06affbbd60a860f25f34188e,2021-07-03T00:00:00Z,TESCO EXTRA,-30.0,GBP,DEBIT,PURCHASE,,,636.32,GBP,,DEB,,
99aabf656f9ed86289ae2fef56eded84,2021-07-03T00:00:00Z,RETURNED DIRECT DEBIT,40.0,GBP,CREDIT,CREDIT,,,676.32,GBP,,DEP,,
832333ccbf74d88c08635ca5911ace71,2021-07-03T00:00:00Z,LNK ATM LONDON,-40.0,GBP,DEBIT,ATM,,,636.32,GBP,,CPT,,
37716961e8b9c3f80c2354e624a4a19c,2021-07-03T00:00:00Z,WWW.ASDA.COM,-5.0,GBP,DEBIT,PURCHASE,,,631.32,GBP,,DEB,,
2dfc8dd614df00f45e4e1f295337f233,2021-07-02T00:00:00Z,MR JOHN SMITH,30.0,GBP,CREDIT,TRANSFER,,,661.32,GBP,,TFR,,
f78cc310073c46bdec77f838623ee740,2021-07-02T00:00:00Z,LNK ATM LONDON,-30.0,GBP,DEBIT,ATM,,,631.32,GBP,,CPT,,
a4420b5001395e153b5ac0ea72da2581,2021-07-02T00:00:00Z,MR JOHN SMITH,10.0,GBP,CREDIT,TRANSFER,,,641.32,GBP,,TFR,,
83b534fe0322e0a7c95c5c0fc622a638,2021-07-02T00:00:00Z,SAVE THE CHANGE,-0.59,GBP,DEBIT,BILL_PAYMENT,,,640.73,GBP,,BP,,
b442b4dad3a5c3b56e24a01c0f44588f,2021-07-01T00:00:00Z,TALKTALK TELECOM,-46.82,GBP,DEBIT,PURCHASE,,,593.91,GBP,,DEB,,
360941a122b1865c44f22fa6c7d12aaf,2021-07-01T00:00:00Z,ACCOUNT OVERDRAFT FEE,-0.01,GBP,DEBIT,BILL_PAYMENT,,,593.9,GBP,,BP,,
602099ba40690c7dded4ae2b93ce7b09,2021-07-01T00:00:00Z,MR JOHN SMITH,-227.0,GBP,DEBIT,TRANSFER,,,366.9,GBP,,TFR,,
6698e6afe3f34574d67ff22cd6dfe831,2021-07-01T00:00:00Z,TESCO,-39.99,GBP,DEBIT,PURCHASE,,,326.91,GBP,,DEB,,
bcda26242529cd3098e610c18b00917d,2021-07-01T00:00:00Z,REVOLUT,-0.01,GBP,DEBIT,PURCHASE,,,326.9,GBP,,DEB,,
db2cf116191da44d94f6fcca03f39c8c,2021-07-01T00:00:00Z,CENTRA,-0.01,GBP,DEBIT,PURCHASE,,,326.89,GBP,,DEB,,
4ad2ee94cbc880486a5306d3fb7011bd,2021-07-01T00:00:00Z,DUNNES STORES,-0.01,GBP,DEBIT,PURCHASE,,,326.88,GBP,,DEB,,
1c4c2926ad55a298d30fe774ac207f1d,2021-07-01T00:00:00Z,SPAR,-0.01,GBP,DEBIT,PURCHASE,,,326.87,GBP,,DEB,,
71c88de25ec667bf7614087a1721bf35,2021-07-01T00:00:00Z,SPAR,-0.01,GBP,DEBIT,PURCHASE,,,326.86,GBP,,DEB,,
fbe9451ce284e79d8cd63105b2b2f1f8,2021-07-01T00:00:00Z,SUPERVALUE,-0.01,GBP,DEBIT,PURCHASE,,,326.85,GBP,,DEB,,
0ce6f44e8acaa41566461151071b4f25,2021-07-01T00:00:00Z,LIDL,-0.01,GBP,DEBIT,PURCHASE,,,326.84,GBP,,DEB,,
0c0b05e06f222ba24b753c5c129d9684,2021-07-01T00:00:00Z,APLLEGREEN,-0.01,GBP,DEBIT,PURCHASE,,,326.83,GBP,,DEB,,
fc4198d29b2a36297517c3ecb807f47d,2021-07-01T00:00:00Z,MCDONALD'S,-0.01,GBP,DEBIT,PURCHASE,,,326.82,GBP,,DEB,,
5cc54aa982a4dc6221ff2fef6912df2e,2021-07-01T00:00:00Z,HARVEY NORMAN,-0.01,GBP,DEBIT,PURCHASE,,,326.81,GBP,,DEB,,
c2eced4a2ec43e1b2e53e2ecd1679331,2021-07-01T00:00:00Z,ULSTER BANK,-0.01,GBP,DEBIT,PURCHASE,,,326.8,GBP,,DEB,,
ab6c5bb433cbef02afd7fdb2e5288f25,2021-07-01T00:00:00Z,CIRCLE K,-0.01,GBP,DEBIT,PURCHASE,,,326.79,GBP,,DEB,,
e91dc46af3efd77b18a991279f80dfea,2021-07-01T00:00:00Z,BET365,-0.01,GBP,DEBIT,PURCHASE,,,326.78,GBP,,DEB,,
b7459d1e42bacd3ffec9d33fa07f87d5,2021-07-01T00:00:00Z,ACCOUNT OVERDRAFT FEE,-0.01,GBP,DEBIT,BILL_PAYMENT,,,326.77,GBP,,BP,,
59337e00d15c5f9f171dd86a322c59bd,2021-07-01T00:00:00Z,Sainsbury's,-23.99,GBP,DEBIT,PURCHASE,,,302.78,GBP,,DEB,,
67ec41daf45dca8be6dd6b2496ddb751,2021-07-01T00:00:00Z,MR JOHN SMITH,-20.91,GBP,DEBIT,TRANSFER,,,282.78,GBP,,TFR,,
156a6b175d5efeb67b37346fa3ad645e,2021-07-01T00:00:00Z,NUDE FINANCE,-10.0,GBP,DEBIT,PURCHASE,,,272.78,GBP,,DEB,,
cc40b62a7e290a4571c8a174535d4c41,2021-07-01T00:00:00Z,E.ON NEXT,-10.0,GBP,DEBIT,PURCHASE,,,262.78,GBP,,DEB,,
3cf43adad1834e804b525fb858468694,2021-07-01T00:00:00Z,L&G INSURANCE,-10.0,GBP,DEBIT,PURCHASE,,,252.78,GBP,,DEB,,
a3d7a3f409da8a24f460b5bb604604e4,2021-07-01T00:00:00Z,HALIFAX,-10.0,GBP,DEBIT,PURCHASE,,,242.78,GBP,,DEB,,
13ae829330ba583b32c4de45417510f9,2021-07-01T00:00:00Z,OVO ENERGY,-10.0,GBP,DEBIT,PURCHASE,,,232.78,GBP,,DEB,,
8eb0e6d71b95165e35296b358677f4b9,2021-06-28T00:00:00Z,TSB CLEVELEYS,420.0,GBP,CREDIT,CASH,,,-640.42,GBP,,CSH,,
5f337146eb6f68fb66fd9a2ace64cbcd,2021-06-28T00:00:00Z,AMAZON INT'L,-36.59,GBP,DEBIT,PURCHASE,,,-677.01,GBP,,DEB,,
202cf4d98f2877339d738d0004986f36,2021-06-28T00:00:00Z,RETURNED DD,40.0,GBP,CREDIT,CREDIT,,,-637.01,GBP,,DEP,,
dd2b7a162fa4712acc0f8707b5f176e2,2021-06-28T00:00:00Z,MR JOHN SMITH,-32.72,GBP,DEBIT,TRANSFER,,,-669.73,GBP,,TFR,,
ea6ce039db28f582f49d734a64bc4e84,2021-06-28T00:00:00Z,WORKING TAX CREDIT,22.42,GBP,CREDIT,CREDIT,,,-647.31,GBP,,BGC,,
d3c89c404888cbfebf36c65f9e9a6e0b,2021-06-27T00:00:00Z,MS JANE DOE,-7.93,GBP,DEBIT,TRANSFER,,,-655.24,GBP,,TFR,,
4b919fdb0a8b2af8960f7f50c15cde74,2021-06-27T00:00:00Z,CIRCLE UK TRADING REFUND,50.59,GBP,CREDIT,CREDIT,,,-604.65,GBP,,DEP,,
0a681528b0a8dfa878cd7cfc19a3ef63,2021-06-27T00:00:00Z,MS JANE DOE,15.86,GBP,CREDIT,TRANSFER,,,-588.79,GBP,,TFR,,
473d90ef74af340fa88d6369b7247f71,2021-06-27T00:00:00Z,DVLA LICENSE,-20.56,GBP,DEBIT,DIRECT_DEBIT,,,-609.35,GBP,,DD,,
7dad2452527484784b7af36231ab9889,2021-06-27T00:00:00Z,E&L INSURANCE,-2.99,GBP,DEBIT,DIRECT_DEBIT,,,-612.34,GBP,,DD,,
d3f47ed4e63295c5989726ea99e467ed,2021-06-27T00:00:00Z,TESCO ONLINE SHOPPING,-23.62,GBP,DEBIT,DIRECT_DEBIT,,,-635.96,GBP,,DD,,
f1078e6239d8efeef51da600e7294907,2021-06-27T00:00:00Z,PAYPAL EBAY,-7.56,GBP,DEBIT,PURCHASE,,,-643.52,GBP,,DEB,,
aadadab31cf90ef01489e29caf3819dd,2021-06-25T00:00:00Z,CASHBACK,70.0,GBP,CREDIT,CASH,,,-573.52,GBP,,CSH,,
301d4beff9bab493efa0ddc255e019b3,2021-06-25T00:00:00Z,MENS HEALTH SUBSCRIPTION,-24.5,GBP,DEBIT,DIRECT_DEBIT,,,-598.02,GBP,,DD,,
8efe07474b5980736fbda85f63915756,2021-06-25T00:00:00Z,OUTGOING DD,-10.0,GBP,DEBIT,DIRECT_DEBIT,,,-608.02,GBP,,DD,,
6a0ec105d11801aa07efd5c483a38a4a,2021-06-25T00:00:00Z,SAVE THE CHANGE,-0.41,GBP,DEBIT,BILL_PAYMENT,,,-608.43,GBP,,BP,,
3ae919b7072327f91ad55583424bb225,2021-06-25T00:00:00Z,AMAZON PLC,-36.59,GBP,DEBIT,PURCHASE,,,-645.02,GBP,,DEB,,
03281d3a8f790de33e6886dba7a3517a,2021-06-25T00:00:00Z,SAVE THE CHANGE,-0.5,GBP,DEBIT,BILL_PAYMENT,,,-645.52,GBP,,BP,,
651d6f6b8c827a9c575f734b2002df32,2021-06-25T00:00:00Z,WWW.BINGO.COM,-10.5,GBP,DEBIT,PURCHASE,,,-656.02,GBP,,DEB,,
7c58d99f0920c774a5e63af87ff07eb7,2021-06-23T00:00:00Z,MORSES CLUB LTD,-30.0,GBP,DEBIT,PURCHASE,,,-626.02,GBP,,DEB,,
2eeaf5201f735bb27037843affe77401,2021-06-23T00:00:00Z,ANYVAN LTD,32.5,GBP,CREDIT,CREDIT,,,-593.52,GBP,,FPI,,
ca8eb80fe9fff8ac7e261742a5dcf35b,2021-06-23T00:00:00Z,LNK ATM WITHDRAWAL,-100.0,GBP,DEBIT,ATM,,,-693.52,GBP,,CPT,,
63608f15e9a3702624c5d6584712e752,2021-06-23T00:00:00Z,SAVE THE CHANGE,-1.57,GBP,DEBIT,BILL_PAYMENT,,,-695.09,GBP,,BP,,
20d7339f38c78252397abd6434f05a91,2021-06-23T00:00:00Z,WWW.METROBANK.COM,-20.0,GBP,DEBIT,PURCHASE,,,-715.09,GBP,,DEB,,
b4fd080ebbd04368ad0142f47309e555,2021-06-22T00:00:00Z,AMAZON INT'L,-5.0,GBP,DEBIT,PURCHASE,,,-720.09,GBP,,DEB,,
3d7ba6045cca382a4a1534e25f193b72,2021-06-22T00:00:00Z,SAVE THE CHANGE,-0.01,GBP,DEBIT,BILL_PAYMENT,,,-720.1,GBP,,BP,,
fc86f5b9818f0da94ff97f4c092b49da,2021-06-22T00:00:00Z,TESCO MOBILE LTD,-39.25,GBP,DEBIT,PURCHASE,,,-759.35,GBP,,DEB,,
af04573d7fa0344a81c02dfe9e3b1c96,2021-06-22T00:00:00Z,PAYPAL WWW.EBAY.COM,-36.59,GBP,DEBIT,PURCHASE,,,-795.94,GBP,,DEB,,
a880415cbfc18e6594e1c4c857b268c4,2021-06-22T00:00:00Z,OAKAM LIMITED,-36.59,GBP,DEBIT,PURCHASE,,,-832.53,GBP,,DEB,,
9877d9e546332782ba336bf7b794b530,2021-06-20T00:00:00Z,REGENDA REDWING,-150.0,GBP,DEBIT,PURCHASE,,,-982.53,GBP,,DEB,,
8d2ca5d23822b52728a4fbe64aeb08e1,2021-06-20T00:00:00Z,WORKING TAX CREDIT,22.42,GBP,CREDIT,CREDIT,,,-960.11,GBP,,BGC,,
09f4349bb5d8157dc8792f2227a5a373,2021-06-20T00:00:00Z,PARKRETAIL.CO.UK,-550.0,GBP,DEBIT,PURCHASE,,,-1510.11,GBP,,DEB,,
99e2e339c2376fc6ea56879254ce9115,2021-06-20T00:00:00Z,CHILD TAX CREDIT,345.13,GBP,CREDIT,CREDIT,,,-1164.98,GBP,,BGC,,
00b5399830426ce30b22e64850fb1d3f,2021-06-19T00:00:00Z,AMAZON PRIME,-7.99,GBP,DEBIT,PURCHASE,,,-1172.97,GBP,,DEB,,
da721acc5a2bd0feb734128a2050dbeb,2021-06-19T00:00:00Z,CLEVELEYS.COM,1450.42,GBP,CREDIT,CREDIT,,,277.45,GBP,,DEP,,
5bb8b6198ce6036dc4256f0a9f10f7da,2021-06-18T00:00:00Z,CIRCLE UK TRADING,82.21,GBP,CREDIT,CREDIT,,,359.66,GBP,,FPI,,
edbcfc52520d19261e0f87d7a4c9a4a6,2021-06-17T00:00:00Z,MR JOHN SMITH,137.6,GBP,CREDIT,CREDIT,,,497.26,GBP,,BGC,,
267ade43b83449679afd825fd4fdd302,2021-06-17T00:00:00Z,AA INSURANCE,-12.73,GBP,DEBIT,DIRECT_DEBIT,,,484.53,GBP,,DD,,
45e09e8c6563815794af2f514d99ccfd,2021-06-17T00:00:00Z,AXA WEALTH LTD,-40.0,GBP,DEBIT,DIRECT_DEBIT,,,444.53,GBP,,DD,,
5418f402489e3ab972182e2e28f957c1,2021-06-17T00:00:00Z,MORRISONS PETROL,-20.0,GBP,DEBIT,PURCHASE,,,424.53,GBP,,DEB,,
7fc16a9bf4bae4c615038090cd38cf09,2021-06-17T00:00:00Z,SAVE THE CHANGE,-0.63,GBP,DEBIT,BILL_PAYMENT,,,423.9,GBP,,BP,,
bb522cdb3b5eb57efc4132ce3d580323,2021-06-17T00:00:00Z,TAILSCOM,-6.37,GBP,DEBIT,PURCHASE,,,417.53,GBP,,DEB,,
d7bd46eaaf78338bfcd6906daa16f81f,2021-06-15T00:00:00Z,ASDA STOES LTD,-32.0,GBP,DEBIT,PURCHASE,,,385.53,GBP,,DEB,,
9a4df8800e5c28b0317c2b1edecda474,2021-06-15T00:00:00Z,SAVE THE CHANGE,-0.55,GBP,DEBIT,BILL_PAYMENT,,,384.98,GBP,,BP,,
cfe2f1169781418a9abd50488fd169b0,2021-06-15T00:00:00Z,AMAZON BLACK FRIDAY,-15.45,GBP,DEBIT,PURCHASE,,,369.53,GBP,,DEB,,
4280a62164a1f9f3084671cb372763e7,2021-06-15T00:00:00Z,SAVE THE CHANGE,-0.5,GBP,DEBIT,BILL_PAYMENT,,,369.03,GBP,,BP,,
b879f1cf07394e92a757e394d94474d9,2021-06-15T00:00:00Z,TESCO EXTRA,-3.59,GBP,DEBIT,PURCHASE,,,365.44,GBP,,DEB,,
92133b53ee9b7179783a188a9ea19431,2021-06-15T00:00:00Z,PAYPAL EBAY,-10.0,GBP,DEBIT,PURCHASE,,,355.44,GBP,,DEB,,
08a9f611777b31f7022c5cd3d74bf25c,2021-06-14T00:00:00Z,PAYPAL BETFRED,-2.0,GBP,DEBIT,PURCHASE,,,353.44,GBP,,DEB,,
c336da0fda15ef7264d374a25bcd7c49,2021-06-14T00:00:00Z,MT SECURETRADE LIM,-20.5,GBP,DEBIT,PURCHASE,,,332.94,GBP,,DEB,,
54eb8b4436fd03aedbea665228e1a6b7,2021-06-14T00:00:00Z,MT SECURETRADE LIM,43.5,GBP,CREDIT,PURCHASE,,,376.44,GBP,,DEB,,
314d4ecea9bf0666b05124cb324d8b99,2021-06-12T00:00:00Z,SAVE THE CHANGE,-0.41,GBP,DEBIT,BILL_PAYMENT,,,376.03,GBP,,BP,,
5f16211a76b064f6a6ca8f250bdd7bbd,2021-06-12T00:00:00Z,AA MEMBERSHIP,-23.11,GBP,DEBIT,DIRECT_DEBIT,,,352.92,GBP,,DD,,
6fc30c1403fec72000d8574e2d05c411,2021-06-11T00:00:00Z,CIRCLE UK TRADING,50.0,GBP,CREDIT,CREDIT,,,402.92,GBP,,FPI,,
e97886f81c82942f268351bf4d3089ce,2021-06-11T00:00:00Z,MS JANE DOE,50.0,GBP,CREDIT,TRANSFER,,,452.92,GBP,,TFR,,
20a3315bd71936ce06eeff1cc79ebe71,2021-06-11T00:00:00Z,WORKING TAX CREDIT,22.42,GBP,CREDIT,CREDIT,,,475.34,GBP,,BGC,,
6a0e1c2fcfd28f589bca15a8c74496af,2021-06-11T00:00:00Z,BUTLINS HOLIDAYS,-17.0,GBP,DEBIT,PURCHASE,,,458.34,GBP,,DEB,,
72d7b3463a3047daf08594cfafca0341,2021-06-10T00:00:00Z,AXA WEALTH LTD,-40.0,GBP,DEBIT,DIRECT_DEBIT,,,418.34,GBP,,DD,,
2b437e03717432c235fc92194d5b170d,2021-06-10T00:00:00Z,ASDA STORES LTD,-5.0,GBP,DEBIT,PURCHASE,,,413.34,GBP,,DEB,,
5dbd33d668262ae7538ad12907cbb8ba,2021-06-10T00:00:00Z,RETURNED DD,40.0,GBP,CREDIT,CREDIT,,,453.34,GBP,,DEP,,
f24f4b46fd3bad59cda62db9da982ba7,2021-06-10T00:00:00Z,CIRCLE UK TRADING,50.36,GBP,CREDIT,CREDIT,,,503.7,GBP,,FPI,,
7ca7893e3d00e838531e99542709ed82,2021-06-10T00:00:00Z,OUTGOING DD,-30.0,GBP,DEBIT,DIRECT_DEBIT,,,473.7,GBP,,DD,,
2b1e824782fe2d013f42dd253b9af023,2021-06-10T00:00:00Z,EDF ENERGY,-24.5,GBP,DEBIT,BILL_PAYMENT,,,449.2,GBP,,BP,,
12cd1e9af98444e26847efea96b8348b,2021-06-09T00:00:00Z,DVLA LICENCE,-23.62,GBP,DEBIT,DIRECT_DEBIT,,,425.58,GBP,,DD,,
0b21ccf16439a72e529253af8bdc9352,2021-06-09T00:00:00Z,DVLA TAX,-20.56,GBP,DEBIT,DIRECT_DEBIT,,,405.02,GBP,,DD,,
fd8024438858b8596312362c220c59df,2021-06-09T00:00:00Z,SAVE THE CHANGE,-0.41,GBP,DEBIT,BILL_PAYMENT,,,404.61,GBP,,BP,,
77890275416fe309eea460eeb87674be,2021-06-09T00:00:00Z,MS JANE DOE,70.0,GBP,CREDIT,TRANSFER,,,474.61,GBP,,TFR,,
3ba961f83c9bd797cf4d0d5147616b84,2021-06-08T00:00:00Z,SAVE THE CHANGE,-0.01,GBP,DEBIT,BILL_PAYMENT,,,474.6,GBP,,BP,,
30dcd17c5c0bab94ba8d25ffc55570f4,2021-06-08T00:00:00Z,WORKING TAX CREDIT,22.42,GBP,CREDIT,CREDIT,,,497.02,GBP,,BGC,,
b697e1f1268d33ccaa127a8696b9acb0,2021-06-08T00:00:00Z,CREDITREPORTSERVIC,-14.99,GBP,DEBIT,PURCHASE,,,482.03,GBP,,DEB,,
9512ab4d8286f7a3ecc86448b0761eef,2021-06-08T00:00:00Z,REGENDA REDWING RE,-100.0,GBP,DEBIT,PURCHASE,,,382.03,GBP,,DEB,,
ebfd456f9ef1f435aeefe102231e60b5,2021-06-08T00:00:00Z,BROADWAY GAMING LT CD 0315,-10.0,GBP,DEBIT,PURCHASE,,,372.03,GBP,,DEB,,
709492c0954da61f0cc230b70580168b,2021-06-08T00:00:00Z,SAVE THE CHANGE,-0.69,GBP,DEBIT,BILL_PAYMENT,,,371.34,GBP,,BP,,
93405ad887ff8519f63da07ed4533f08,2021-06-08T00:00:00Z,SAVE THE CHANGE,-1.04,GBP,DEBIT,BILL_PAYMENT,,,370.3,GBP,,BP,,
7075f9db6d4083adb8f155650ba21a6e,2021-06-08T00:00:00Z,BOOKER LIMITED BLA,-24.31,GBP,DEBIT,PURCHASE,,,345.99,GBP,,DEB,,
453605f8a16829a572801164fdc69b2f,2021-06-07T00:00:00Z,EE & T-MOBILE,-82.37,GBP,DEBIT,PURCHASE,,,263.62,GBP,,DEB,,
f28176aa5f590f5e35fa347d0f6a8a17,2021-06-07T00:00:00Z,SAVE THE CHANGE,-1.15,GBP,DEBIT,BILL_PAYMENT,,,262.47,GBP,,BP,,
7d52997402ac61fd3d1b555fc6ee52d1,2021-06-07T00:00:00Z,MS JANE DOE,-70.0,GBP,DEBIT,TRANSFER,,,192.47,GBP,,TFR,,
b1898168c0525604f00d1d4a1de0c3df,2021-06-07T00:00:00Z,18db38 Betropolis LTD LC Betropolis,-10.0,GBP,DEBIT,PURCHASE,,,45.1,GBP,,DEB,,
1362b7fa6992a2297e9935be347b370f,2021-06-06T00:00:00Z,TESCO MOBILE LTD,-28.25,GBP,DEBIT,PURCHASE,,,164.22,GBP,,DEB,,
824016585f913d0c7867a1453c8beaf5,2021-06-06T00:00:00Z,WORKING TAX CREDIT,22.42,GBP,CREDIT,CREDIT,,,186.64,GBP,,BGC,,
545605986539ec8f4463781c09a2034a,2021-06-06T00:00:00Z,W M MORRISONS PLC,-12.89,GBP,DEBIT,PURCHASE,,,173.75,GBP,,DEB,,
5e020507ccb1632964fe051bc8c22c70,2021-06-06T00:00:00Z,TESCO MOBILE LTD,-50.0,GBP,DEBIT,PURCHASE,,,123.75,GBP,,DEB,,
0794640d9363d72d95d058b301bcafbf,2021-06-06T00:00:00Z,HOME BARGAINS FLEE,-9.71,GBP,DEBIT,PURCHASE,,,114.04,GBP,,DEB,,
d713839a76338511efcb762b9bf94dbc,2021-06-06T00:00:00Z,CHILD TAX CREDIT,346.35,GBP,CREDIT,CREDIT,,,460.39,GBP,,BGC,,
7e9794e9b65b53b5ac77a085be0c0182,2021-06-06T00:00:00Z,MR JOHN SMITH,137.6,GBP,CREDIT,CREDIT,,,597.99,GBP,,BGC,,
bb6cb5f2ceb4f1a676a164d215ca3292,2021-06-06T00:00:00Z,MS JANE DOE,61.89,GBP,CREDIT,TRANSFER,,,659.88,GBP,,TFR,,
6446d02e545395bb0dbf08abbd7df565,2021-06-06T00:00:00Z,SAVE THE CHANGE,-0.01,GBP,DEBIT,BILL_PAYMENT,,,659.87,GBP,,BP,,
55983df976b7bf9a89e17d6c50a057d9,2021-06-06T00:00:00Z,AMAZON PRIME,-5.0,GBP,DEBIT,PURCHASE,,,654.87,GBP,,DEB,,
a26ac6ddaf102d2eb4b60a65906506d4,2021-06-05T00:00:00Z,LNK ATM WITHDRAWAL,-60.0,GBP,DEBIT,ATM,,,594.87,GBP,,CPT,,
5e507cb3449b3765a0f58d4183affbc1,2021-06-05T00:00:00Z,SAVE THE CHANGE,-1.89,GBP,DEBIT,BILL_PAYMENT,,,592.98,GBP,,BP,,
5d77f10104ce2ee35748c122c5c15c98,2021-06-05T00:00:00Z,THE INSURANCE EMPO,-5.79,GBP,DEBIT,DIRECT_DEBIT,,,587.19,GBP,,DD,,
e244f911cb1ffba960e51486951ec5fa,2021-06-05T00:00:00Z,AMAZON PRIME,-7.99,GBP,DEBIT,PURCHASE,,,579.2,GBP,,DEB,,
09f170876409dfd9abb755cae83b92ca,2021-06-05T00:00:00Z,VANQUIS BANK,-23.15,GBP,DEBIT,PURCHASE,,,556.05,GBP,,DEB,,
060e3b6c501ec13e0d9b6cd8b7d5381b,2021-06-05T00:00:00Z,AA INSURANCE,-12.73,GBP,DEBIT,DIRECT_DEBIT,,,543.32,GBP,,DD,,
9268357f189c9060ad399baa5c1918d3,2021-06-05T00:00:00Z,WWW.TAILS.COM,-6.37,GBP,DEBIT,PURCHASE,,,536.95,GBP,,DEB,,
f2af010e811397016b9ca385568056ab,2021-06-05T00:00:00Z,ANNATAR,-20.0,GBP,DEBIT,PURCHASE,,,516.95,GBP,,DEB,,
2bd10bfea7b4aecb4d63c107854ff83d,2021-06-04T00:00:00Z,ANNATAR LIMITED,10.0,GBP,CREDIT,PURCHASE,,,526.95,GBP,,DEB,,
884454a1775299fc17b27a79fd965638,2021-06-04T00:00:00Z,ANYVAN LTD,70.0,GBP,CREDIT,CREDIT,,,596.95,GBP,,FPI,,
c4533eb780cc0992a63bcf9dcc076c54,2021-06-04T00:00:00Z,ANYVAN LTD,59.17,GBP,CREDIT,CREDIT,,,656.12,GBP,,FPI,,
b371954457674e4a123790f3c23f2546,2021-06-04T00:00:00Z,LNK ATM LONDON,-20.0,GBP,DEBIT,ATM,,,636.12,GBP,,CPT,,
dea1c5f973122d46c3b44ddfd6df7689,2021-06-04T00:00:00Z,LAPTOP DIRECT LTD.,-5.0,GBP,DEBIT,PURCHASE,,,631.12,GBP,,DEB,,
951fffeea49f7546de1d024db1c5d210,2021-06-04T00:00:00Z,ANIMAL FRIENDS LTD,-3.07,GBP,DEBIT,DIRECT_DEBIT,,,628.05,GBP,,DD,,
8d4885622427b98f38317188c89e7d35,2021-06-04T00:00:00Z,LNK ATM WITHDRAWAL,-100.0,GBP,DEBIT,ATM,,,528.05,GBP,,CPT,,
8d106502cc39679e24da3b5f8f28880d,2021-06-04T00:00:00Z,MR JOHN SMITH,100.0,GBP,CREDIT,TRANSFER,,,628.05,GBP,,TFR,,
f20d7d32712f33515bc81776abee8f8a,2021-06-04T00:00:00Z,INTUIT LIMITED,-3.59,GBP,DEBIT,DIRECT_DEBIT,,,624.46,GBP,,DD,,
14e576500c39bc2b945c9ee40e82e437,2021-06-04T00:00:00Z,PAYPAL EBAY,25.0,GBP,CREDIT,PURCHASE,,,649.46,GBP,,DEB,,
c3521b8a133d3b62942f7211331a67ce,2021-06-04T00:00:00Z,RENT,-130.0,GBP,DEBIT,BILL_PAYMENT,,,519.46,GBP,,BP,,
5475e1cdbad546486830e0fc0c6da610,2021-06-03T00:00:00Z,MS JANE DOE,0.89,GBP,CREDIT,TRANSFER,,,520.35,GBP,,TFR,,
7af129ec08c233df1e333b254951e69b,2021-06-03T00:00:00Z,SAVE THE CHANGE,-0.41,GBP,DEBIT,BILL_PAYMENT,,,519.94,GBP,,BP,,
9847afbe42d0c86bea9a1942422c1ebf,2021-06-03T00:00:00Z,MS JANE DOE,130.0,GBP,CREDIT,TRANSFER,,,649.94,GBP,,TFR,,
033dab472e1c7617b5c5936527290f2d,2021-06-03T00:00:00Z,MR JOHN SMITH,7.0,GBP,CREDIT,TRANSFER,,,656.94,GBP,,TFR,,
e938a8f0ed1e77dfc03647d410c65fcc,2021-06-03T00:00:00Z,AA MEMBERSHIP,-23.11,GBP,DEBIT,DIRECT_DEBIT,,,633.83,GBP,,DD,,
d870d8d34543c7ddabdd4adc68164991,2021-06-03T00:00:00Z,VIRGIN GAMES,35.49,GBP,CREDIT,PURCHASE,,,669.32,GBP,,DEB,,
4ee76615b14e54b2d1ef89e8ef83c379,2021-06-03T00:00:00Z,SAVE THE CHANGE,-0.01,GBP,DEBIT,BILL_PAYMENT,,,669.31,GBP,,BP,,
5938e07259151ed661bdfa4d6cfa156c,2021-06-03T00:00:00Z,GOOGLE PLAY STORE,-2.99,GBP,DEBIT,PURCHASE,,,666.32,GBP,,DEB,,
e1224b6b3bed9349df7ea368e5136332,2021-06-03T00:00:00Z,TESCO EXTRA,-30.0,GBP,DEBIT,PURCHASE,,,636.32,GBP,,DEB,,
4012b640976dc053e3186a0d33acd0d4,2021-06-03T00:00:00Z,RETURNED DIRECT DEBIT,40.0,GBP,CREDIT,CREDIT,,,676.32,GBP,,DEP,,
471427a68c1e4630abf649e78c99ebca,2021-06-03T00:00:00Z,LNK ATM LONDON,-40.0,GBP,DEBIT,ATM,,,636.32,GBP,,CPT,,
40492012ea493db7257ef32dcdea4822,2021-06-03T00:00:00Z,WWW.ASDA.COM,-5.0,GBP,DEBIT,PURCHASE,,,631.32,GBP,,DEB,,
60ee9df90f71370ccc20fb621fa706f3,2021-06-02T00:00:00Z,MR JOHN SMITH,30.0,GBP,CREDIT,TRANSFER,,,661.32,GBP,,TFR,,
5be5a556c93d077c75b6b57c53d78058,2021-06-02T00:00:00Z,LNK ATM LONDON,-30.0,GBP,DEBIT,ATM,,,631.32,GBP,,CPT,,
6f81a18f9e640b25e8e439f92a5c6605,2021-06-02T00:00:00Z,MR JOHN SMITH,10.0,GBP,CREDIT,TRANSFER,,,641.32,GBP,,TFR,,
2f237980cae4e42bbf92b6057f9e1041,2021-06-02T00:00:00Z,SAVE THE CHANGE,-0.59,GBP,DEBIT,BILL_PAYMENT,,,640.73,GBP,,BP,,
cd179084baab33b297152d55ce8acee5,2021-06-01T00:00:00Z,TALKTALK TELECOM,-46.82,GBP,DEBIT,PURCHASE,,,593.91,GBP,,DEB,,
9a0b6b7f58c68143c322cdbe98e14b03,2021-06-01T00:00:00Z,ACCOUNT OVERDRAFT FEE,-0.01,GBP,DEBIT,BILL_PAYMENT,,,593.9,GBP,,BP,,
3623fa32b56f343f4bab91851f74de64,2021-06-01T00:00:00Z,MR JOHN SMITH,-227.0,GBP,DEBIT,TRANSFER,,,366.9,GBP,,TFR,,
3f2702153dbe8b48ca413e04091dc1c1,2021-06-01T00:00:00Z,TESCO,-39.99,GBP,DEBIT,PURCHASE,,,326.91,GBP,,DEB,,
6ea8e7fd043351421d62ac69732259fb,2021-06-01T00:00:00Z,REVOLUT,-0.01,GBP,DEBIT,PURCHASE,,,326.9,GBP,,DEB,,
35317db23f48e1a149c0d4816cb1dcf7,2021-06-01T00:00:00Z,CENTRA,-0.01,GBP,DEBIT,PURCHASE,,,326.89,GBP,,DEB,,
1400a9eba3c8b2189f5b2ecf1ff24f34,2021-06-01T00:00:00Z,DUNNES STORES,-0.01,GBP,DEBIT,PURCHASE,,,326.88,GBP,,DEB,,
fe5f4815c0ac67d4bed4629a26f856b5,2021-06-01T00:00:00Z,SPAR,-0.01,GBP,DEBIT,PURCHASE,,,326.87,GBP,,DEB,,
20699d142d18ced0eb150c282aee1282,2021-06-01T00:00:00Z,SPAR,-0.01,GBP,DEBIT,PURCHASE,,,326.86,GBP,,DEB,,
2dc2d2876272a0169ffaf1430b0a364f,2021-06-01T00:00:00Z,SUPERVALUE,-0.01,GBP,DEBIT,PURCHASE,,,326.85,GBP,,DEB,,
7aaef55e39e19528291b752db7d72c72,2021-06-01T00:00:00Z,LIDL,-0.01,GBP,DEBIT,PURCHASE,,,326.84,GBP,,DEB,,
0a382b77507b686654d522e57d76ba18,2021-06-01T00:00:00Z,APLLEGREEN,-0.01,GBP,DEBIT,PURCHASE,,,326.83,GBP,,DEB,,
b8ac65336b6eb32e05b62288d12a65cd,2021-06-01T00:00:00Z,MCDONALD'S,-0.01,GBP,DEBIT,PURCHASE,,,326.82,GBP,,DEB,,
130c7a1ba47dc94784d6e1bc15a0f874,2021-06-01T00:00:00Z,HARVEY NORMAN,-0.01,GBP,DEBIT,PURCHASE,,,326.81,GBP,,DEB,,
b6c85a480263d41895398d0814c69563,2021-06-01T00:00:00Z,ULSTER BANK,-0.01,GBP,DEBIT,PURCHASE,,,326.8,GBP,,DEB,,
25f0ded3232264df46a136d5d33abe58,2021-06-01T00:00:00Z,CIRCLE K,-0.01,GBP,DEBIT,PURCHASE,,,326.79,GBP,,DEB,,
b143e36962bb2c805d8e287f93840df7,2021-06-01T00:00:00Z,BET365,-0.01,GBP,DEBIT,PURCHASE,,,326.78,GBP,,DEB,,
603c5892042fa977f57f89f86c3b531c,2021-06-01T00:00:00Z,ACCOUNT OVERDRAFT FEE,-0.01,GBP,DEBIT,BILL_PAYMENT,,,326.77,GBP,,BP,,
7a18aa77945ed9e6e5ae0e1fd14a301a,2021-06-01T00:00:00Z,Sainsbury's,-23.99,GBP,DEBIT,PURCHASE,,,302.78,GBP,,DEB,,
9018a591fc22ae50a94633ac0f92c46f,2021-06-01T00:00:00Z,MR JOHN SMITH,-20.91,GBP,DEBIT,TRANSFER,,,282.78,GBP,,TFR,,
829117963082717237475567f6a37e6e,2021-06-01T00:00:00Z,NUDE FINANCE,-10.0,GBP,DEBIT,PURCHASE,,,272.78,GBP,,DEB,,
ffe4c88a1fa0ebb6fcb1fb494fc6402e,2021-06-01T00:00:00Z,E.ON NEXT,-10.0,GBP,DEBIT,PURCHASE,,,262.78,GBP,,DEB,,
27e7e999365b97fe2736bfdeccd114c6,2021-06-01T00:00:00Z,L&G INSURANCE,-10.0,GBP,DEBIT,PURCHASE,,,252.78,GBP,,DEB,,
7494b0ca0bf03f64daacb62ab0544b5e,2021-06-01T00:00:00Z,HALIFAX,-10.0,GBP,DEBIT,PURCHASE,,,242.78,GBP,,DEB,,
03b80e44e2cf101ea52ac5c8a06d0e51,2021-06-01T00:00:00Z,OVO ENERGY,-10.0,GBP,DEBIT,PURCHASE,,,232.78,GBP,,DEB,,
8d89873826cdccd43c8d923bb7670424,2021-05-28T00:00:00Z,TSB CLEVELEYS,420.0,GBP,CREDIT,CASH,,,-640.42,GBP,,CSH,,
bc3f246fcd6a330a3124690bce840f0b,2021-05-28T00:00:00Z,AMAZON INT'L,-36.59,GBP,DEBIT,PURCHASE,,,-677.01,GBP,,DEB,,
5dc665522894a05bcc360248c514065b,2021-05-28T00:00:00Z,RETURNED DD,40.0,GBP,CREDIT,CREDIT,,,-637.01,GBP,,DEP,,
10c7dd97aa34995b0ed78cfa98b14dec,2021-05-28T00:00:00Z,MR JOHN SMITH,-32.72,GBP,DEBIT,TRANSFER,,,-669.73,GBP,,TFR,,
20487ff1219c81e363042b2b282bd8f3,2021-05-28T00:00:00Z,WORKING TAX CREDIT,22.42,GBP,CREDIT,CREDIT,,,-647.31,GBP,,BGC,,
21e97ca88e537e3f3d14fc1d98845429,2021-05-27T00:00:00Z,MS JANE DOE,-7.93,GBP,DEBIT,TRANSFER,,,-655.24,GBP,,TFR,,
fcc53757a174798ea605265e1f3c5ec2,2021-05-27T00:00:00Z,CIRCLE UK TRADING REFUND,50.59,GBP,CREDIT,CREDIT,,,-604.65,GBP,,DEP,,
ffbe97e58d74f1025fde2f4c0f4de5c5,2021-05-27T00:00:00Z,MS JANE DOE,15.86,GBP,CREDIT,TRANSFER,,,-588.79,GBP,,TFR,,
b71cca6b26f434f48a583e2ccfdc8468,2021-05-27T00:00:00Z,DVLA LICENSE,-20.56,GBP,DEBIT,DIRECT_DEBIT,,,-609.35,GBP,,DD,,
403fe978a8e08d916a51ecf9ed97f4fc,2021-05-27T00:00:00Z,E&L INSURANCE,-2.99,GBP,DEBIT,DIRECT_DEBIT,,,-612.34,GBP,,DD,,
dc456f49a567a95d30aa0b1dc31f28ce,2021-05-27T00:00:00Z,TESCO ONLINE SHOPPING,-23.62,GBP,DEBIT,DIRECT_DEBIT,,,-635.96,GBP,,DD,,
1295f4aa8a1d10d66181bd9cd16287df,2021-05-27T00:00:00Z,PAYPAL EBAY,-7.56,GBP,DEBIT,PURCHASE,,,-643.52,GBP,,DEB,,
b8f57e7eb5a4d5f14cd064fd5e4a2185,2021-05-25T00:00:00Z,CASHBACK,70.0,GBP,CREDIT,CASH,,,-573.52,GBP,,CSH,,
5988c4ac95e626bd20b7881965ca2dd5,2021-05-25T00:00:00Z,MENS HEALTH SUBSCRIPTION,-24.5,GBP,DEBIT,DIRECT_DEBIT,,,-598.02,GBP,,DD,,
21cc3e69dba8096d28af32d433724854,2021-05-25T00:00:00Z,OUTGOING DD,-10.0,GBP,DEBIT,DIRECT_DEBIT,,,-608.02,GBP,,DD,,
c3da8d3284db3186990ce88319259d88,2021-05-25T00:00:00Z,SAVE THE CHANGE,-0.41,GBP,DEBIT,BILL_PAYMENT,,,-608.43,GBP,,BP,,
169741f7622849351d5be9da06f40974,2021-05-25T00:00:00Z,AMAZON PLC,-36.59,GBP,DEBIT,PURCHASE,,,-645.02,GBP,,DEB,,
f6ff76a82add5b88fa209dcfbf318861,2021-05-25T00:00:00Z,SAVE THE CHANGE,-0.5,GBP,DEBIT,BILL_PAYMENT,,,-645.52,GBP,,BP,,
46ddb0973a6323f397fc92d6e3ef317c,2021-05-25T00:00:00Z,WWW.BINGO.COM,-10.5,GBP,DEBIT,PURCHASE,,,-656.02,GBP,,DEB,,
68689ccfe40a98276e42f371535e01a1,2021-05-23T00:00:00Z,MORSES CLUB LTD,-30.0,GBP,DEBIT,PURCHASE,,,-626.02,GBP,,DEB,,
0a110be202cce77551353b320dc84f31,2021-05-23T00:00:00Z,ANYVAN LTD,32.5,GBP,CREDIT,CREDIT,,,-593.52,GBP,,FPI,,
f332a81efab9d5662e7ba0268ba7e823,2021-05-23T00:00:00Z,LNK ATM WITHDRAWAL,-100.0,GBP,DEBIT,ATM,,,-693.52,GBP,,CPT,,
a07982cd1b1f46c3c590a6a502c5a12f,2021-05-23T00:00:00Z,SAVE THE CHANGE,-1.57,GBP,DEBIT,BILL_PAYMENT,,,-695.09,GBP,,BP,,
eedda55eb9bc1069d487ee0ba0fc7bbf,2021-05-23T00:00:00Z,WWW.METROBANK.COM,-20.0,GBP,DEBIT,PURCHASE,,,-715.09,GBP,,DEB,,
9b38bd5a45b166fc27e778df43c8f1b5,2021-05-22T00:00:00Z,AMAZON INT'L,-5.0,GBP,DEBIT,PURCHASE,,,-720.09,GBP,,DEB,,
6864bd286f05e651af74a322455ff738,2021-05-22T00:00:00Z,SAVE THE CHANGE,-0.01,GBP,DEBIT,BILL_PAYMENT,,,-720.1,GBP,,BP,,
a5cce0fc4ad3ed47bee506bc8287c225,2021-05-22T00:00:00Z,TESCO MOBILE LTD,-39.25,GBP,DEBIT,PURCHASE,,,-759.35,GBP,,DEB,,
a293f123d5913a29592a9ab26f2e7c74,2021-05-22T00:00:00Z,PAYPAL WWW.EBAY.COM,-36.59,GBP,DEBIT,PURCHASE,,,-795.94,GBP,,DEB,,
2f5c816c4682b6e782a6b9525c816e77,2021-05-22T00:00:00Z,OAKAM LIMITED,-36.59,GBP,DEBIT,PURCHASE,,,-832.53,GBP,,DEB,,
40303ee988d5719d6a5a2cbaefcc8a04,2021-05-20T00:00:00Z,REGENDA REDWING,-150.0,GBP,DEBIT,PURCHASE,,,-982.53,GBP,,DEB,,
a6fe51aefa51399e9df8cf98177c8a78,2021-05-20T00:00:00Z,WORKING TAX CREDIT,22.42,GBP,CREDIT,CREDIT,,,-960.11,GBP,,BGC,,
8e78ba5587b2bcc2693360ae43a076f3,2021-05-20T00:00:00Z,PARKRETAIL.CO.UK,-550.0,GBP,DEBIT,PURCHASE,,,-1510.11,GBP,,DEB,,
acdc2a4483ad057326ea6b9cf08f9341,2021-05-20T00:00:00Z,CHILD TAX CREDIT,345.13,GBP,CREDIT,CREDIT,,,-1164.98,GBP,,BGC,,
25d4628f0fd4556975719f7e2ebf626e,2021-05-19T00:00:00Z,AMAZON PRIME,-7.99,GBP,DEBIT,PURCHASE,,,-1172.97,GBP,,DEB,,
aa3695d86abdb403aa493a2d6ec975c4,2021-05-19T00:00:00Z,CLEVELEYS.COM,1450.42,GBP,CREDIT,CREDIT,,,277.45,GBP,,DEP,,
bbed66fbf5fc411ed14329d2baa81ef2,2021-05-18T00:00:00Z,CIRCLE UK TRADING,82.21,GBP,CREDIT,CREDIT,,,359.66,GBP,,FPI,,
469a8d9c1a7406454145de1d4938e3eb,2021-05-17T00:00:00Z,MR JOHN SMITH,137.6,GBP,CREDIT,CREDIT,,,497.26,GBP,,BGC,,
78b71b58e6bb7e06c098a5eb63630abd,2021-05-17T00:00:00Z,AA INSURANCE,-12.73,GBP,DEBIT,DIRECT_DEBIT,,,484.53,GBP,,DD,,
b4cd7145b6c7ae054a2afa788c316343,2021-05-17T00:00:00Z,AXA WEALTH LTD,-40.0,GBP,DEBIT,DIRECT_DEBIT,,,444.53,GBP,,DD,,
bb69d6da34775233da2f7714d0d3244e,2021-05-17T00:00:00Z,MORRISONS PETROL,-20.0,GBP,DEBIT,PURCHASE,,,424.53,GBP,,DEB,,
fff4e2841a53b096fb494a4559950769,2021-05-17T00:00:00Z,SAVE THE CHANGE,-0.63,GBP,DEBIT,BILL_PAYMENT,,,423.9,GBP,,BP,,
83739cf1dbf60d3201896e91175fbfe4,2021-05-17T00:00:00Z,TAILSCOM,-6.37,GBP,DEBIT,PURCHASE,,,417.53,GBP,,DEB,,
f171126ddfba6ab8cfdfcc4f983887f1,2021-05-15T00:00:00Z,ASDA STOES LTD,-32.0,GBP,DEBIT,PURCHASE,,,385.53,GBP,,DEB,,
28dba43245f94729adba7ed2b2e6568e,2021-05-15T00:00:00Z,SAVE THE CHANGE,-0.55,GBP,DEBIT,BILL_PAYMENT,,,384.98,GBP,,BP,,
41e877dd7ee4d04cae7f5f1ce2db0cb1,2021-05-15T00:00:00Z,AMAZON BLACK FRIDAY,-15.45,GBP,DEBIT,PURCHASE,,,369.53,GBP,,DEB,,
4c6a8347e432d43344715d35036e80c3,2021-05-15T00:00:00Z,SAVE THE CHANGE,-0.5,GBP,DEBIT,BILL_PAYMENT,,,369.03,GBP,,BP,,
6781b389184ccd0faae8819220ecec5b,2021-05-15T00:00:00Z,TESCO EXTRA,-3.59,GBP,DEBIT,PURCHASE,,,365.44,GBP,,DEB,,
5a33218779d3acd2f319b8ef7e285bc5,2021-05-15T00:00:00Z,PAYPAL EBAY,-10.0,GBP,DEBIT,PURCHASE,,,355.44,GBP,,DEB,,
1a60891ddf0bf5836d3204d98468d2d0,2021-05-14T00:00:00Z,PAYPAL BETFRED,-2.0,GBP,DEBIT,PURCHASE,,,353.44,GBP,,DEB,,
ad5b53b8cbf497f3e1f02c9714022de4,2021-05-14T00:00:00Z,MT SECURETRADE LIM,-20.5,GBP,DEBIT,PURCHASE,,,332.94,GBP,,DEB,,
a9c938fe6701dbd4dfd1f1de1165874e,2021-05-14T00:00:00Z,MT SECURETRADE LIM,43.5,GBP,CREDIT,PURCHASE,,,376.44,GBP,,DEB,,
aad1f00d9ed044b77d330ffa2f30be3c,2021-05-12T00:00:00Z,SAVE THE CHANGE,-0.41,GBP,DEBIT,BILL_PAYMENT,,,376.03,GBP,,BP,,
22d643897a6cc7af80235a0d8d90a65f,2021-05-12T00:00:00Z,AA MEMBERSHIP,-23.11,GBP,DEBIT,DIRECT_DEBIT,,,352.92,GBP,,DD,,
e96a0fa710d53fb9ff5618e47a05982f,2021-05-11T00:00:00Z,CIRCLE UK TRADING,50.0,GBP,CREDIT,CREDIT,,,402.92,GBP,,FPI,,
1ecdaf3f635ae799f3d3381b38176a25,2021-05-11T00:00:00Z,MS JANE DOE,50.0,GBP,CREDIT,TRANSFER,,,452.92,GBP,,TFR,,
571a3dd5f8200061fe041aee537d6c1a,2021-05-11T00:00:00Z,WORKING TAX CREDIT,22.42,GBP,CREDIT,CREDIT,,,475.34,GBP,,BGC,,
e31ac05cb5745768d1f28e7800762bec,2021-05-11T00:00:00Z,BUTLINS HOLIDAYS,-17.0,GBP,DEBIT,PURCHASE,,,458.34,GBP,,DEB,,
90e4c883a15f127d402b10bae7726f11,2021-05-10T00:00:00Z,AXA WEALTH LTD,-40.0,GBP,DEBIT,DIRECT_DEBIT,,,418.34,GBP,,DD,,
d29cf1619e45452f59a05f23e920c34a,2021-05-10T00:00:00Z,ASDA STORES LTD,-5.0,GBP,DEBIT,PURCHASE,,,413.34,GBP,,DEB,,
68fba2e8f02e5580d5916c9af1b07e19,2021-05-10T00:00:00Z,RETURNED DD,40.0,GBP,CREDIT,CREDIT,,,453.34,GBP,,DEP,,
cdae6427176891470de046b7db744f48,2021-05-10T00:00:00Z,CIRCLE UK TRADING,50.36,GBP,CREDIT,CREDIT,,,503.7,GBP,,FPI,,
e9dda1ce937e7efaf777814cbd7da71e,2021-05-10T00:00:00Z,OUTGOING DD,-30.0,GBP,DEBIT,DIRECT_DEBIT,,,473.7,GBP,,DD,,
e4aef95b225a74e151314f60c7bf640e,2021-05-10T00:00:00Z,EDF ENERGY,-24.5,GBP,DEBIT,BILL_PAYMENT,,,449.2,GBP,,BP,,
39e1c69ae1b61bdd86707a9448fc5c56,2021-05-09T00:00:00Z,DVLA LICENCE,-23.62,GBP,DEBIT,DIRECT_DEBIT,,,425.58,GBP,,DD,,
66490536dab94e4c6ebcbcf90df114ac,2021-05-09T00:00:00Z,DVLA TAX,-20.56,GBP,DEBIT,DIRECT_DEBIT,,,405.02,GBP,,DD,,
562152f2a5d11b6ee07b27c487ec47fd,2021-05-09T00:00:00Z,SAVE THE CHANGE,-0.41,GBP,DEBIT,BILL_PAYMENT,,,404.61,GBP,,BP,,
1de5ee6052f51a1fa8d47f475bca0721,2021-05-09T00:00:00Z,MS JANE DOE,70.0,GBP,CREDIT,TRANSFER,,,474.61,GBP,,TFR,,
5b170ed991b58ac7bf1c6fef1fc52294,2021-05-08T00:00:00Z,SAVE THE CHANGE,-0.01,GBP,DEBIT,BILL_PAYMENT,,,474.6,GBP,,BP,,
8636d4362d71817f2213ca06ed4f958c,2021-05-08T00:00:00Z,WORKING TAX CREDIT,22.42,GBP,CREDIT,CREDIT,,,497.02,GBP,,BGC,,
a4ea437ef1e96ce4bb860776ccd9cc93,2021-05-08T00:00:00Z,CREDITREPORTSERVIC,-14.99,GBP,DEBIT,PURCHASE,,,482.03,GBP,,DEB,,
43c84780ce05d9d96f27c261f1f9d0ea,2021-05-08T00:00:00Z,REGENDA REDWING RE,-100.0,GBP,DEBIT,PURCHASE,,,382.03,GBP,,DEB,,
dff4b71aebc53a4581444973fdba3700,2021-05-08T00:00:00Z,BROADWAY GAMING LT CD 0315,-10.0,GBP,DEBIT,PURCHASE,,,372.03,GBP,,DEB,,
15d102b372f33ceef897aa59d58f7979,2021-05-08T00:00:00Z,SAVE THE CHANGE,-0.69,GBP,DEBIT,BILL_PAYMENT,,,371.34,GBP,,BP,,
891ed4e122cab026b95522208c8c9e3c,2021-05-08T00:00:00Z,SAVE THE CHANGE,-1.04,GBP,DEBIT,BILL_PAYMENT,,,370.3,GBP,,BP,,
0de9d2f78c06b89a779970df32268452,2021-05-08T00:00:00Z,BOOKER LIMITED BLA,-24.31,GBP,DEBIT,PURCHASE,,,345.99,GBP,,DEB,,
0ad82444613b3982e01cf860f0a94585,2021-05-07T00:00:00Z,EE & T-MOBILE,-82.37,GBP,DEBIT,PURCHASE,,,263.62,GBP,,DEB,,
04891be566ef7b7abbb41d7b5f7c902e,2021-05-07T00:00:00Z,SAVE THE CHANGE,-1.15,GBP,DEBIT,BILL_PAYMENT,,,262.47,GBP,,BP,,
b6ba5f66afd1f5438cdcb8595b565569,2021-05-07T00:00:00Z,MS JANE DOE,-70.0,GBP,DEBIT,TRANSFER,,,192.47,GBP,,TFR,,
cad2162c8836316f0965f76bae2c1264,2021-05-07T00:00:00Z,18db38 Betropolis LTD LC Betropolis,-10.0,GBP,DEBIT,PURCHASE,,,45.1,GBP,,DEB,,
6da7f89a64402ca4f1a4d97737da3cb4,2021-05-06T00:00:00Z,TESCO MOBILE LTD,-28.25,GBP,DEBIT,PURCHASE,,,164.22,GBP,,DEB,,
2152ccabdd357d6fc0c006d6308590da,2021-05-06T00:00:00Z,WORKING TAX CREDIT,22.42,GBP,CREDIT,CREDIT,,,186.64,GBP,,BGC,,
5df9f3999b63d59fb856cd20c7b3cfd9,2021-05-06T00:00:00Z,W M MORRISONS PLC,-12.89,GBP,DEBIT,PURCHASE,,,173.75,GBP,,DEB,,
401ddfc9368d45e73011db275b5245b8,2021-05-06T00:00:00Z,TESCO MOBILE LTD,-50.0,GBP,DEBIT,PURCHASE,,,123.75,GBP,,DEB,,
07cac13ea256019ec073e66223ab2084,2021-05-06T00:00:00Z,HOME BARGAINS FLEE,-9.71,GBP,DEBIT,PURCHASE,,,114.04,GBP,,DEB,,
8a99dab5f80d26d81b465ada6c44a743,2021-05-06T00:00:00Z,CHILD TAX CREDIT,346.35,GBP,CREDIT,CREDIT,,,460.39,GBP,,BGC,,
91f01da6f4a247f0a2a8deb096c909d7,2021-05-06T00:00:00Z,MR JOHN SMITH,137.6,GBP,CREDIT,CREDIT,,,597.99,GBP,,BGC,,
98cfd42ed856ba10a6cd2b3269f918d2,2021-05-06T00:00:00Z,MS JANE DOE,61.89,GBP,CREDIT,TRANSFER,,,659.88,GBP,,TFR,,
de21b79c97b7d6b129d7e055082e85b3,2021-05-06T00:00:00Z,SAVE THE CHANGE,-0.01,GBP,DEBIT,BILL_PAYMENT,,,659.87,GBP,,BP,,
2ddc447d95c4a8b5bf1b3ceef77f9139,2021-05-06T00:00:00Z,AMAZON PRIME,-5.0,GBP,DEBIT,PURCHASE,,,654.87,GBP,,DEB,,
2f4ab260b331e0c232a1608b0db6aead,2021-05-05T00:00:00Z,LNK ATM WITHDRAWAL,-60.0,GBP,DEBIT,ATM,,,594.87,GBP,,CPT,,
b5732bdc5cc7f9521590c192c6a23c1a,2021-05-05T00:00:00Z,SAVE THE CHANGE,-1.89,GBP,DEBIT,BILL_PAYMENT,,,592.98,GBP,,BP,,
a9c6a7ac2610bd3616cb14a3c0ca2580,2021-05-05T00:00:00Z,THE INSURANCE EMPO,-5.79,GBP,DEBIT,DIRECT_DEBIT,,,587.19,GBP,,DD,,
b6ea49478417f650234910a2588dfcce,2021-05-05T00:00:00Z,AMAZON PRIME,-7.99,GBP,DEBIT,PURCHASE,,,579.2,GBP,,DEB,,
c983c5de138dba22683f55ce86d6c624,2021-05-05T00:00:00Z,VANQUIS BANK,-23.15,GBP,DEBIT,PURCHASE,,,556.05,GBP,,DEB,,
57e192810ecd6288117bfcfc2fc493c5,2021-05-05T00:00:00Z,AA INSURANCE,-12.73,GBP,DEBIT,DIRECT_DEBIT,,,543.32,GBP,,DD,,
b8c08d15b66fa8d667620484f5b69989,2021-05-05T00:00:00Z,WWW.TAILS.COM,-6.37,GBP,DEBIT,PURCHASE,,,536.95,GBP,,DEB,,
309d281e40a5921fc050b4f6995b104c,2021-05-05T00:00:00Z,ANNATAR,-20.0,GBP,DEBIT,PURCHASE,,,516.95,GBP,,DEB,,
8ad76263d34f57d3e37fd7e1c0d71093,2021-05-04T00:00:00Z,ANNATAR LIMITED,10.0,GBP,CREDIT,PURCHASE,,,526.95,GBP,,DEB,,
5ee520aae17479b4ab27b3964c6e9650,2021-05-04T00:00:00Z,ANYVAN LTD,70.0,GBP,CREDIT,CREDIT,,,596.95,GBP,,FPI,,
5d8bd58e9ae6fe37f97a707dc9016364,2021-05-04T00:00:00Z,ANYVAN LTD,59.17,GBP,CREDIT,CREDIT,,,656.12,GBP,,FPI,,
cc1d8a0ffb32d60a4ce8fd22e7300e6f,2021-05-04T00:00:00Z,LNK ATM LONDON,-20.0,GBP,DEBIT,ATM,,,636.12,GBP,,CPT,,
ecd79b3d66cedb3cccc568e2c7d6b542,2021-05-04T00:00:00Z,LAPTOP DIRECT LTD.,-5.0,GBP,DEBIT,PURCHASE,,,631.12,GBP,,DEB,,
209a6414e80aba8ac504479b8a7ca8f5,2021-05-04T00:00:00Z,ANIMAL FRIENDS LTD,-3.07,GBP,DEBIT,DIRECT_DEBIT,,,628.05,GBP,,DD,,
b46728a9a1a7fb9c021cc9765bee6947,2021-05-04T00:00:00Z,LNK ATM WITHDRAWAL,-100.0,GBP,DEBIT,ATM,,,528.05,GBP,,CPT,,
268a763d897839157b422bf329d7a1fe,2021-05-04T00:00:00Z,MR JOHN SMITH,100.0,GBP,CREDIT,TRANSFER,,,628.05,GBP,,TFR,,
b901cfb7d5fb24ac1fc16b28464adea1,2021-05-04T00:00:00Z,INTUIT LIMITED,-3.59,GBP,DEBIT,DIRECT_DEBIT,,,624.46,GBP,,DD,,
e605c185090034de6d6dd20185b82cfd,2021-05-04T00:00:00Z,PAYPAL EBAY,25.0,GBP,CREDIT,PURCHASE,,,649.46,GBP,,DEB,,
aba9838498f11010b0f33e72563721d8,2021-05-04T00:00:00Z,RENT,-130.0,GBP,DEBIT,BILL_PAYMENT,,,519.46,GBP,,BP,,
84d24bac7266fcb72b1c50dbe69ae775,2021-05-03T00:00:00Z,MS JANE DOE,0.89,GBP,CREDIT,TRANSFER,,,520.35,GBP,,TFR,,
4ac42fef17826e9f6bdd92a4492b4840,2021-05-03T00:00:00Z,SAVE THE CHANGE,-0.41,GBP,DEBIT,BILL_PAYMENT,,,519.94,GBP,,BP,,
a023e5a9c8f390a7801183f7b5987284,2021-05-03T00:00:00Z,MS JANE DOE,130.0,GBP,CREDIT,TRANSFER,,,649.94,GBP,,TFR,,
1230048529f0f3aba86526fda6adbaef,2021-05-03T00:00:00Z,MR JOHN SMITH,7.0,GBP,CREDIT,TRANSFER,,,656.94,GBP,,TFR,,
a9f24d8d0814d8e5af07647c7ce0e415,2021-05-03T00:00:00Z,AA MEMBERSHIP,-23.11,GBP,DEBIT,DIRECT_DEBIT,,,633.83,GBP,,DD,,
7a4f5614db054f9a22060d0b01ba1165,2021-05-03T00:00:00Z,VIRGIN GAMES,35.49,GBP,CREDIT,PURCHASE,,,669.32,GBP,,DEB,,
a29d0bc174c1c44f766160bfd46eb84d,2021-05-03T00:00:00Z,SAVE THE CHANGE,-0.01,GBP,DEBIT,BILL_PAYMENT,,,669.31,GBP,,BP,,
4a6d4dd5d252a9e96bcbdeafb758f49b,2021-05-03T00:00:00Z,GOOGLE PLAY STORE,-2.99,GBP,DEBIT,PURCHASE,,,666.32,GBP,,DEB,,
486b83105452cd3a723ced1bb8a666e1,2021-05-03T00:00:00Z,TESCO EXTRA,-30.0,GBP,DEBIT,PURCHASE,,,636.32,GBP,,DEB,,
ef7bc928013fc45ebfa0d77b0a4b39c4,2021-05-03T00:00:00Z,RETURNED DIRECT DEBIT,40.0,GBP,CREDIT,CREDIT,,,676.32,GBP,,DEP,,
a96332268fbd0150b2f5b80ac079fb72,2021-05-03T00:00:00Z,LNK ATM LONDON,-40.0,GBP,DEBIT,ATM,,,636.32,GBP,,CPT,,
c238c8b830cc667809979652a5400266,2021-05-03T00:00:00Z,WWW.ASDA.COM,-5.0,GBP,DEBIT,PURCHASE,,,631.32,GBP,,DEB,,
50e48da2737b412afe003e0dcdedcb46,2021-05-02T00:00:00Z,MR JOHN SMITH,30.0,GBP,CREDIT,TRANSFER,,,661.32,GBP,,TFR,,
88edf7a4b36dac98bc99adec473d5bc1,2021-05-02T00:00:00Z,LNK ATM LONDON,-30.0,GBP,DEBIT,ATM,,,631.32,GBP,,CPT,,
9d2d6eda938f1924ab7709d721668828,2021-05-02T00:00:00Z,MR JOHN SMITH,10.0,GBP,CREDIT,TRANSFER,,,641.32,GBP,,TFR,,
b84a416b50bb09c4e4745ed20e37e076,2021-05-02T00:00:00Z,SAVE THE CHANGE,-0.59,GBP,DEBIT,BILL_PAYMENT,,,640.73,GBP,,BP,,
4f1f80b61ca9ba23818fdf78cd9744f8,2021-05-01T00:00:00Z,TALKTALK TELECOM,-46.82,GBP,DEBIT,PURCHASE,,,593.91,GBP,,DEB,,
16256749fb245af24584796a54bbfa84,2021-05-01T00:00:00Z,ACCOUNT OVERDRAFT FEE,-0.01,GBP,DEBIT,BILL_PAYMENT,,,593.9,GBP,,BP,,
7c2447f3c43e87cc27197b92fc86f89f,2021-05-01T00:00:00Z,MR JOHN SMITH,-227.0,GBP,DEBIT,TRANSFER,,,366.9,GBP,,TFR,,
1cd9c0a82bbfa22cac08ccb50652048d,2021-05-01T00:00:00Z,TESCO,-39.99,GBP,DEBIT,PURCHASE,,,326.91,GBP,,DEB,,
3851877170b97863096abf526600319e,2021-05-01T00:00:00Z,REVOLUT,-0.01,GBP,DEBIT,PURCHASE,,,326.9,GBP,,DEB,,
e3188006fbfb6d70d01161e362e82fc5,2021-05-01T00:00:00Z,CENTRA,-0.01,GBP,DEBIT,PURCHASE,,,326.89,GBP,,DEB,,
264de4d2b4968ad06cc8ecc1bdaec687,2021-05-01T00:00:00Z,DUNNES STORES,-0.01,GBP,DEBIT,PURCHASE,,,326.88,GBP,,DEB,,
80882e431feeaaf3a3bb4dca76063f2f,2021-05-01T00:00:00Z,SPAR,-0.01,GBP,DEBIT,PURCHASE,,,326.87,GBP,,DEB,,
2b03e7d72f69eb59e3aefbe5c799b179,2021-05-01T00:00:00Z,SPAR,-0.01,GBP,DEBIT,PURCHASE,,,326.86,GBP,,DEB,,
a7f77eae9de66a1f3836fa864e1e8f81,2021-05-01T00:00:00Z,SUPERVALUE,-0.01,GBP,DEBIT,PURCHASE,,,326.85,GBP,,DEB,,
53ee643a958dc4b5370cc6f7966aa7df,2021-05-01T00:00:00Z,LIDL,-0.01,GBP,DEBIT,PURCHASE,,,326.84,GBP,,DEB,,
7590c46692fdf97e4b3688db5d6cf643,2021-05-01T00:00:00Z,APLLEGREEN,-0.01,GBP,DEBIT,PURCHASE,,,326.83,GBP,,DEB,,
9de3dc5c23330e6bf7f7f90603f17926,2021-05-01T00:00:00Z,MCDONALD'S,-0.01,GBP,DEBIT,PURCHASE,,,326.82,GBP,,DEB,,
41e13db1410e7a1b058051af63b51353,2021-05-01T00:00:00Z,HARVEY NORMAN,-0.01,GBP,DEBIT,PURCHASE,,,326.81,GBP,,DEB,,
212fc6284038bcbc14eb49093ffdcb27,2021-05-01T00:00:00Z,ULSTER BANK,-0.01,GBP,DEBIT,PURCHASE,,,326.8,GBP,,DEB,,
43e394cd116d24d63f0c53efaba5c008,2021-05-01T00:00:00Z,CIRCLE K,-0.01,GBP,DEBIT,PURCHASE,,,326.79,GBP,,DEB,,
ba67513070a0007648572ed97e862ee9,2021-05-01T00:00:00Z,BET365,-0.01,GBP,DEBIT,PURCHASE,,,326.78,GBP,,DEB,,
a0bc64d3eee93c338cc76740ae7686ad,2021-05-01T00:00:00Z,ACCOUNT OVERDRAFT FEE,-0.01,GBP,DEBIT,BILL_PAYMENT,,,326.77,GBP,,BP,,
cc1ea3024417a5a1d9164d15ba03fa15,2021-05-01T00:00:00Z,Sainsbury's,-23.99,GBP,DEBIT,PURCHASE,,,302.78,GBP,,DEB,,
a0392e45ce840f383e45df115feff2e7,2021-05-01T00:00:00Z,MR JOHN SMITH,-20.91,GBP,DEBIT,TRANSFER,,,282.78,GBP,,TFR,,
802b7cc76bf3464cf6fc069fbe29e039,2021-05-01T00:00:00Z,NUDE FINANCE,-10.0,GBP,DEBIT,PURCHASE,,,272.78,GBP,,DEB,,
f55e0dbf857e17d43ea2590652ed0822,2021-05-01T00:00:00Z,E.ON NEXT,-10.0,GBP,DEBIT,PURCHASE,,,262.78,GBP,,DEB,,
4f379fba785b305a2156d853c391df3f,2021-05-01T00:00:00Z,L&G INSURANCE,-10.0,GBP,DEBIT,PURCHASE,,,252.78,GBP,,DEB,,
69e1a18437a00c0e2688ae63963efa76,2021-05-01T00:00:00Z,HALIFAX,-10.0,GBP,DEBIT,PURCHASE,,,242.78,GBP,,DEB,,
74901261ce8b0f1c007904a8898794fe,2021-05-01T00:00:00Z,OVO ENERGY,-10.0,GBP,DEBIT,PURCHASE,,,232.78,GBP,,DEB,,
99204da1f01d2d760ed3f4437bcfa734,2021-04-28T00:00:00Z,TSB CLEVELEYS,420.0,GBP,CREDIT,CASH,,,-640.42,GBP,,CSH,,
c212687cdea9abfb403d0360eb250d08,2021-04-28T00:00:00Z,AMAZON INT'L,-36.59,GBP,DEBIT,PURCHASE,,,-677.01,GBP,,DEB,,
4f5a73141c341ea5da695405f60e77a4,2021-04-28T00:00:00Z,RETURNED DD,40.0,GBP,CREDIT,CREDIT,,,-637.01,GBP,,DEP,,
64f5d238d8c7c8c8857c08c5a54e4e21,2021-04-28T00:00:00Z,MR JOHN SMITH,-32.72,GBP,DEBIT,TRANSFER,,,-669.73,GBP,,TFR,,
e26dbf80c156a20d63477f6ad2923a5d,2021-04-28T00:00:00Z,WORKING TAX CREDIT,22.42,GBP,CREDIT,CREDIT,,,-647.31,GBP,,BGC,,
cdac25bb38bb21fc4fe7d1e8f6155e42,2021-04-27T00:00:00Z,MS JANE DOE,-7.93,GBP,DEBIT,TRANSFER,,,-655.24,GBP,,TFR,,
8eb1a076be6b41b51c5b74f1fc1e6993,2021-04-27T00:00:00Z,CIRCLE UK TRADING REFUND,50.59,GBP,CREDIT,CREDIT,,,-604.65,GBP,,DEP,,
aea8a0571ec64f9dc0a17478d74a6bbf,2021-04-27T00:00:00Z,MS JANE DOE,15.86,GBP,CREDIT,TRANSFER,,,-588.79,GBP,,TFR,,
70399fa827ecb73859dfcf08aa465403,2021-04-27T00:00:00Z,DVLA LICENSE,-20.56,GBP,DEBIT,DIRECT_DEBIT,,,-609.35,GBP,,DD,,
8645cbea9a1a309511cb2dfcef2daa41,2021-04-27T00:00:00Z,E&L INSURANCE,-2.99,GBP,DEBIT,DIRECT_DEBIT,,,-612.34,GBP,,DD,,
6a93b962f20e5efa3501b751b808c1c1,2021-04-27T00:00:00Z,TESCO ONLINE SHOPPING,-23.62,GBP,DEBIT,DIRECT_DEBIT,,,-635.96,GBP,,DD,,
7bab6e2b09b1589d05a5618d5661fd14,2021-04-27T00:00:00Z,PAYPAL EBAY,-7.56,GBP,DEBIT,PURCHASE,,,-643.52,GBP,,DEB,,
ec9c1acc156924ffb784c1da4506cca6,2021-04-25T00:00:00Z,CASHBACK,70.0,GBP,CREDIT,CASH,,,-573.52,GBP,,CSH,,
b8bd0f073a27fe1b44ea42a2653a46fc,2021-04-25T00:00:00Z,MENS HEALTH SUBSCRIPTION,-24.5,GBP,DEBIT,DIRECT_DEBIT,,,-598.02,GBP,,DD,,
936c26ee36bda93235976869c0c6f85e,2021-04-25T00:00:00Z,OUTGOING DD,-10.0,GBP,DEBIT,DIRECT_DEBIT,,,-608.02,GBP,,DD,,
6331da5eec707e6ef29ea35508ccae64,2021-04-25T00:00:00Z,SAVE THE CHANGE,-0.41,GBP,DEBIT,BILL_PAYMENT,,,-608.43,GBP,,BP,,
b2511a9a5f9e91b88e8dd5076535945b,2021-04-25T00:00:00Z,AMAZON PLC,-36.59,GBP,DEBIT,PURCHASE,,,-645.02,GBP,,DEB,,
1e049d02c90eb9d50553bbc08277a06f,2021-04-25T00:00:00Z,SAVE THE CHANGE,-0.5,GBP,DEBIT,BILL_PAYMENT,,,-645.52,GBP,,BP,,
3c7f7dd08d6c4b01e6d29c6fd3ffc8fc,2021-04-25T00:00:00Z,WWW.BINGO.COM,-10.5,GBP,DEBIT,PURCHASE,,,-656.02,GBP,,DEB,,
14cb8d70f12cb625c7e7e4c0269fcb39,2021-04-23T00:00:00Z,MORSES CLUB LTD,-30.0,GBP,DEBIT,PURCHASE,,,-626.02,GBP,,DEB,,
496630dab8ddd8ded33d7ce7b1c4e8be,2021-04-23T00:00:00Z,ANYVAN LTD,32.5,GBP,CREDIT,CREDIT,,,-593.52,GBP,,FPI,,
1e2e3669c6926879fa9a1e64477c006b,2021-04-23T00:00:00Z,LNK ATM WITHDRAWAL,-100.0,GBP,DEBIT,ATM,,,-693.52,GBP,,CPT,,
7cacc88151bac90ba5a38c729d42f9d9,2021-04-23T00:00:00Z,SAVE THE CHANGE,-1.57,GBP,DEBIT,BILL_PAYMENT,,,-695.09,GBP,,BP,,
519a955054d7c84b8206b7fd4542022f,2021-04-23T00:00:00Z,WWW.METROBANK.COM,-20.0,GBP,DEBIT,PURCHASE,,,-715.09,GBP,,DEB,,
375c86aa5afab55447a1048c0a15d554,2021-04-22T00:00:00Z,AMAZON INT'L,-5.0,GBP,DEBIT,PURCHASE,,,-720.09,GBP,,DEB,,
7bcbbd6782189d78925c6589faf427c5,2021-04-22T00:00:00Z,SAVE THE CHANGE,-0.01,GBP,DEBIT,BILL_PAYMENT,,,-720.1,GBP,,BP,,
26aa721802d2ad3bd94ec37d5aa711d4,2021-04-22T00:00:00Z,TESCO MOBILE LTD,-39.25,GBP,DEBIT,PURCHASE,,,-759.35,GBP,,DEB,,
56f968a6491b34a56f08ef3f011c4cfb,2021-04-22T00:00:00Z,PAYPAL WWW.EBAY.COM,-36.59,GBP,DEBIT,PURCHASE,,,-795.94,GBP,,DEB,,
dc69e39a6257a362b24e83598ab04574,2021-04-22T00:00:00Z,OAKAM LIMITED,-36.59,GBP,DEBIT,PURCHASE,,,-832.53,GBP,,DEB,,
9279c90df25aee197de4734c9893bc40,2021-04-20T00:00:00Z,REGENDA REDWING,-150.0,GBP,DEBIT,PURCHASE,,,-982.53,GBP,,DEB,,
a6fdb38efde9e7ae3efd4226f641b0fb,2021-04-20T00:00:00Z,WORKING TAX CREDIT,22.42,GBP,CREDIT,CREDIT,,,-960.11,GBP,,BGC,,
3616f096b6635afb5b5c946d3f9f6bc2,2021-04-20T00:00:00Z,PARKRETAIL.CO.UK,-550.0,GBP,DEBIT,PURCHASE,,,-1510.11,GBP,,DEB,,
cad499c512199d81250d9b5f481063a0,2021-04-20T00:00:00Z,CHILD TAX CREDIT,345.13,GBP,CREDIT,CREDIT,,,-1164.98,GBP,,BGC,,
eb2c6b30136bb5b35dc2ccec47b8a7d6,2021-04-19T00:00:00Z,AMAZON PRIME,-7.99,GBP,DEBIT,PURCHASE,,,-1172.97,GBP,,DEB,,
a1747014163602313a3dbfa75ad114c5,2021-04-19T00:00:00Z,CLEVELEYS.COM,1450.42,GBP,CREDIT,CREDIT,,,277.45,GBP,,DEP,,
76b25386f47479861c22478166d37db8,2021-04-18T00:00:00Z,CIRCLE UK TRADING,82.21,GBP,CREDIT,CREDIT,,,359.66,GBP,,FPI,,
3f8a7eb3017a2ab5a24a272d4135c347,2021-04-17T00:00:00Z,MR JOHN SMITH,137.6,GBP,CREDIT,CREDIT,,,497.26,GBP,,BGC,,
4f178e1b184164009a696119c1b3d917,2021-04-17T00:00:00Z,AA INSURANCE,-12.73,GBP,DEBIT,DIRECT_DEBIT,,,484.53,GBP,,DD,,
decac325a28e743fb2149e734e888876,2021-04-17T00:00:00Z,AXA WEALTH LTD,-40.0,GBP,DEBIT,DIRECT_DEBIT,,,444.53,GBP,,DD,,
87c1efe19cdfe825da9c1df230463017,2021-04-17T00:00:00Z,MORRISONS PETROL,-20.0,GBP,DEBIT,PURCHASE,,,424.53,GBP,,DEB,,
f0a1d27cc03bbea3103b2725abda717d,2021-04-17T00:00:00Z,SAVE THE CHANGE,-0.63,GBP,DEBIT,BILL_PAYMENT,,,423.9,GBP,,BP,,
bafcd1997fc4f06e8c4bfaae8ff31ea5,2021-04-17T00:00:00Z,TAILSCOM,-6.37,GBP,DEBIT,PURCHASE,,,417.53,GBP,,DEB,,
74a8a20d054a7d130f54e15194e64de5,2021-04-15T00:00:00Z,ASDA STOES LTD,-32.0,GBP,DEBIT,PURCHASE,,,385.53,GBP,,DEB,,
aaacce7e0d825dcdb040ea8af87643de,2021-04-15T00:00:00Z,SAVE THE CHANGE,-0.55,GBP,DEBIT,BILL_PAYMENT,,,384.98,GBP,,BP,,
9ebeb1f6771c92ec941ea64728a4fd45,2021-04-15T00:00:00Z,AMAZON BLACK FRIDAY,-15.45,GBP,DEBIT,PURCHASE,,,369.53,GBP,,DEB,,
8ecfaf70b4057dd45215ea82cdc355af,2021-04-15T00:00:00Z,SAVE THE CHANGE,-0.5,GBP,DEBIT,BILL_PAYMENT,,,369.03,GBP,,BP,,
eeed3fc727d90890852457d901319e1e,2021-04-15T00:00:00Z,TESCO EXTRA,-3.59,GBP,DEBIT,PURCHASE,,,365.44,GBP,,DEB,,
2980a30d3fbe1fa1c21e5e42c97cbf45,2021-04-15T00:00:00Z,PAYPAL EBAY,-10.0,GBP,DEBIT,PURCHASE,,,355.44,GBP,,DEB,,
26c79930dd4b912e84d6adf06125e122,2021-04-14T00:00:00Z,PAYPAL BETFRED,-2.0,GBP,DEBIT,PURCHASE,,,353.44,GBP,,DEB,,
57ebecbedbcf88774cfcd4e3fbb88b37,2021-04-14T00:00:00Z,MT SECURETRADE LIM,-20.5,GBP,DEBIT,PURCHASE,,,332.94,GBP,,DEB,,
fa9c3e64b3ec97c908c798d43c979ef7,2021-04-14T00:00:00Z,MT SECURETRADE LIM,43.5,GBP,CREDIT,PURCHASE,,,376.44,GBP,,DEB,,
83bb1a32101f0deedb4d63e4a17637c7,2021-04-12T00:00:00Z,SAVE THE CHANGE,-0.41,GBP,DEBIT,BILL_PAYMENT,,,376.03,GBP,,BP,,
274ef67971a89bc18baaa324fef55c97,2021-04-12T00:00:00Z,AA MEMBERSHIP,-23.11,GBP,DEBIT,DIRECT_DEBIT,,,352.92,GBP,,DD,,
afc13d252706b246f41bd0fc7bb5164e,2021-04-11T00:00:00Z,CIRCLE UK TRADING,50.0,GBP,CREDIT,CREDIT,,,402.92,GBP,,FPI,,
193a7667e5933e6c5e71cf4f053aac44,2021-04-11T00:00:00Z,MS JANE DOE,50.0,GBP,CREDIT,TRANSFER,,,452.92,GBP,,TFR,,
9d779d6a8ffa6e294b583b9df1767228,2021-04-11T00:00:00Z,WORKING TAX CREDIT,22.42,GBP,CREDIT,CREDIT,,,475.34,GBP,,BGC,,
786bc6afa38c261ac6a95ab8bab59aef,2021-04-11T00:00:00Z,BUTLINS HOLIDAYS,-17.0,GBP,DEBIT,PURCHASE,,,458.34,GBP,,DEB,,
8ebac47ec22fd78acd3a81228c98aff8,2021-04-10T00:00:00Z,AXA WEALTH LTD,-40.0,GBP,DEBIT,DIRECT_DEBIT,,,418.34,GBP,,DD,,
f68e182f2e8f605ed7319246e6901b46,2021-04-10T00:00:00Z,ASDA STORES LTD,-5.0,GBP,DEBIT,PURCHASE,,,413.34,GBP,,DEB,,
b35be26c3e4650e8e9314dc9a30f0d69,2021-04-10T00:00:00Z,RETURNED DD,40.0,GBP,CREDIT,CREDIT,,,453.34,GBP,,DEP,,
9498c984fd056c97bd18674e83f97057,2021-04-10T00:00:00Z,CIRCLE UK TRADING,50.36,GBP,CREDIT,CREDIT,,,503.7,GBP,,FPI,,
6bea2525c67ca08d0a44553d64452333,2021-04-10T00:00:00Z,OUTGOING DD,-30.0,GBP,DEBIT,DIRECT_DEBIT,,,473.7,GBP,,DD,,
3b64b729b773d488d32be4b68506e5d4,2021-04-10T00:00:00Z,EDF ENERGY,-24.5,GBP,DEBIT,BILL_PAYMENT,,,449.2,GBP,,BP,,
e74208809c97e6ec343e9303e463bb80,2021-04-09T00:00:00Z,DVLA LICENCE,-23.62,GBP,DEBIT,DIRECT_DEBIT,,,425.58,GBP,,DD,,
8f7234d210cd66f2805b2303341bd1b8,2021-04-09T00:00:00Z,DVLA TAX,-20.56,GBP,DEBIT,DIRECT_DEBIT,,,405.02,GBP,,DD,,
79c6f8d35e5724f31b58bb7ea126fcb8,2021-04-09T00:00:00Z,SAVE THE CHANGE,-0.41,GBP,DEBIT,BILL_PAYMENT,,,404.61,GBP,,BP,,
1f029fe22de1a234d48f2efbac0e76cc,2021-04-09T00:00:00Z,MS JANE DOE,70.0,GBP,CREDIT,TRANSFER,,,474.61,GBP,,TFR,,
6ae46d86df810a66ed11909b1b7131d0,2021-04-08T00:00:00Z,SAVE THE CHANGE,-0.01,GBP,DEBIT,BILL_PAYMENT,,,474.6,GBP,,BP,,
9b8f4eb6e810577f86b8086129d27f90,2021-04-08T00:00:00Z,WORKING TAX CREDIT,22.42,GBP,CREDIT,CREDIT,,,497.02,GBP,,BGC,,
54f485f12344cddeec6dab4f26260095,2021-04-08T00:00:00Z,CREDITREPORTSERVIC,-14.99,GBP,DEBIT,PURCHASE,,,482.03,GBP,,DEB,,
3446737a0d8fefd0b2cc7df15e3b50b7,2021-04-08T00:00:00Z,REGENDA REDWING RE,-100.0,GBP,DEBIT,PURCHASE,,,382.03,GBP,,DEB,,
82e460ac2be676dad74abfb93eeb1a8d,2021-04-08T00:00:00Z,BROADWAY GAMING LT CD 0315,-10.0,GBP,DEBIT,PURCHASE,,,372.03,GBP,,DEB,,
7e9cdfc6578d63352cf6ae396970b0b9,2021-04-08T00:00:00Z,SAVE THE CHANGE,-0.69,GBP,DEBIT,BILL_PAYMENT,,,371.34,GBP,,BP,,
357af4010515f7fbd46c2f34da167289,2021-04-08T00:00:00Z,SAVE THE CHANGE,-1.04,GBP,DEBIT,BILL_PAYMENT,,,370.3,GBP,,BP,,
c2c00e9477fbfaae1f5b10970bf71b9b,2021-04-08T00:00:00Z,BOOKER LIMITED BLA,-24.31,GBP,DEBIT,PURCHASE,,,345.99,GBP,,DEB,,
b21c83ce97b56f0f819f9182d3ff7f5f,2021-04-07T00:00:00Z,EE & T-MOBILE,-82.37,GBP,DEBIT,PURCHASE,,,263.62,GBP,,DEB,,
6e4db705c89ce6456c0a31adf319f85c,2021-04-07T00:00:00Z,SAVE THE CHANGE,-1.15,GBP,DEBIT,BILL_PAYMENT,,,262.47,GBP,,BP,,
5a55624fc6580c2724c8a1ec190033d2,2021-04-07T00:00:00Z,MS JANE DOE,-70.0,GBP,DEBIT,TRANSFER,,,192.47,GBP,,TFR,,
991002e7bc20295def1a5b6e648a911a,2021-04-07T00:00:00Z,18db38 Betropolis LTD LC Betropolis,-10.0,GBP,DEBIT,PURCHASE,,,45.1,GBP,,DEB,,
2959acfd00606c34fc58163c5f318b8a,2021-04-06T00:00:00Z,TESCO MOBILE LTD,-28.25,GBP,DEBIT,PURCHASE,,,164.22,GBP,,DEB,,
71292d3afc87623179492ed9b0a30320,2021-04-06T00:00:00Z,WORKING TAX CREDIT,22.42,GBP,CREDIT,CREDIT,,,186.64,GBP,,BGC,,
0a55b35da2ca6b2b96049efcb2379633,2021-04-06T00:00:00Z,W M MORRISONS PLC,-12.89,GBP,DEBIT,PURCHASE,,,173.75,GBP,,DEB,,
e54bfc00301a1df5e9ec5f01022556d1,2021-04-06T00:00:00Z,TESCO MOBILE LTD,-50.0,GBP,DEBIT,PURCHASE,,,123.75,GBP,,DEB,,
a8932aa9cc1cd4c73a265797fabc8d3b,2021-04-06T00:00:00Z,HOME BARGAINS FLEE,-9.71,GBP,DEBIT,PURCHASE,,,114.04,GBP,,DEB,,
33ac6ad91bae266121d1f85c04751496,2021-04-06T00:00:00Z,CHILD TAX CREDIT,346.35,GBP,CREDIT,CREDIT,,,460.39,GBP,,BGC,,
4f1ff49a4ce3e3f9fcfb0b5af4d70a2f,2021-04-06T00:00:00Z,MR JOHN SMITH,137.6,GBP,CREDIT,CREDIT,,,597.99,GBP,,BGC,,
d20f6c0821eec83549f93dacdf0fbedd,2021-04-06T00:00:00Z,MS JANE DOE,61.89,GBP,CREDIT,TRANSFER,,,659.88,GBP,,TFR,,
2506ca87f1a71b0c9f715ea41e04d0e2,2021-04-06T00:00:00Z,SAVE THE CHANGE,-0.01,GBP,DEBIT,BILL_PAYMENT,,,659.87,GBP,,BP,,
ca3513c49f073ca91afd35ba7e89e5a2,2021-04-06T00:00:00Z,AMAZON PRIME,-5.0,GBP,DEBIT,PURCHASE,,,654.87,GBP,,DEB,,
117897425c9c84b5f411f551c8098a0d,2021-04-05T00:00:00Z,LNK ATM WITHDRAWAL,-60.0,GBP,DEBIT,ATM,,,594.87,GBP,,CPT,,
5693d900d99f58dbcee88bea272196e6,2021-04-05T00:00:00Z,SAVE THE CHANGE,-1.89,GBP,DEBIT,BILL_PAYMENT,,,592.98,GBP,,BP,,
115a00d732b0370589a1ffb9dfa5fb75,2021-04-05T00:00:00Z,THE INSURANCE EMPO,-5.79,GBP,DEBIT,DIRECT_DEBIT,,,587.19,GBP,,DD,,
fc6d89bc6e49beb0b9ad4b1f5ef22286,2021-04-05T00:00:00Z,AMAZON PRIME,-7.99,GBP,DEBIT,PURCHASE,,,579.2,GBP,,DEB,,
7347afce5f8a0e75581c913a4537458e,2021-04-05T00:00:00Z,VANQUIS BANK,-23.15,GBP,DEBIT,PURCHASE,,,556.05,GBP,,DEB,,
322694cfe8bf32d1ffa3a5e2083da447,2021-04-05T00:00:00Z,AA INSURANCE,-12.73,GBP,DEBIT,DIRECT_DEBIT,,,543.32,GBP,,DD,,
a8d7316c14eeedf7db796fa9046f7922,2021-04-05T00:00:00Z,WWW.TAILS.COM,-6.37,GBP,DEBIT,PURCHASE,,,536.95,GBP,,DEB,,
f56438727bbf48437d13da5fad1957a8,2021-04-05T00:00:00Z,ANNATAR,-20.0,GBP,DEBIT,PURCHASE,,,516.95,GBP,,DEB,,
8894d4cc023c01e16aa637b441af1d09,2021-04-04T00:00:00Z,ANNATAR LIMITED,10.0,GBP,CREDIT,PURCHASE,,,526.95,GBP,,DEB,,
07b3ef7137999b667dd532870a0bb4d7,2021-04-04T00:00:00Z,ANYVAN LTD,70.0,GBP,CREDIT,CREDIT,,,596.95,GBP,,FPI,,
8ba976c921d379a0cec03b4778594e66,2021-04-04T00:00:00Z,ANYVAN LTD,59.17,GBP,CREDIT,CREDIT,,,656.12,GBP,,FPI,,
3a396f75d5b2475053804f57b70a69af,2021-04-04T00:00:00Z,LNK ATM LONDON,-20.0,GBP,DEBIT,ATM,,,636.12,GBP,,CPT,,
9bacd1089a31451b7909ae0f8ccf21b1,2021-04-04T00:00:00Z,LAPTOP DIRECT LTD.,-5.0,GBP,DEBIT,PURCHASE,,,631.12,GBP,,DEB,,
30f3b710d72804a32c3b32239b71166a,2021-04-04T00:00:00Z,ANIMAL FRIENDS LTD,-3.07,GBP,DEBIT,DIRECT_DEBIT,,,628.05,GBP,,DD,,
804b900654ef1db5d932b47f98ef2286,2021-04-04T00:00:00Z,LNK ATM WITHDRAWAL,-100.0,GBP,DEBIT,ATM,,,528.05,GBP,,CPT,,
30251413c73327c3c7a36ca1fe025dd4,2021-04-04T00:00:00Z,MR JOHN SMITH,100.0,GBP,CREDIT,TRANSFER,,,628.05,GBP,,TFR,,
d3aa3f5b5cf9618a0fde958c246dd640,2021-04-04T00:00:00Z,INTUIT LIMITED,-3.59,GBP,DEBIT,DIRECT_DEBIT,,,624.46,GBP,,DD,,
7ce2d350aeddd49544898198105fb8e2,2021-04-04T00:00:00Z,PAYPAL EBAY,25.0,GBP,CREDIT,PURCHASE,,,649.46,GBP,,DEB,,
73dc944e0a5e42791c74e06d1d453647,2021-04-04T00:00:00Z,RENT,-130.0,GBP,DEBIT,BILL_PAYMENT,,,519.46,GBP,,BP,,
d5a912e4e2983757f62bdb7fdaf182c8,2021-04-03T00:00:00Z,MS JANE DOE,0.89,GBP,CREDIT,TRANSFER,,,520.35,GBP,,TFR,,
cb62511ae3f158638ec2779efcb853d9,2021-04-03T00:00:00Z,SAVE THE CHANGE,-0.41,GBP,DEBIT,BILL_PAYMENT,,,519.94,GBP,,BP,,
8ab88eebb40e777b693108f8fe6a9ee8,2021-04-03T00:00:00Z,MS JANE DOE,130.0,GBP,CREDIT,TRANSFER,,,649.94,GBP,,TFR,,
645faf09c6372867c7732f1da7cde78b,2021-04-03T00:00:00Z,MR JOHN SMITH,7.0,GBP,CREDIT,TRANSFER,,,656.94,GBP,,TFR,,
053e186f576267dde578008fbe1ec07f,2021-04-03T00:00:00Z,AA MEMBERSHIP,-23.11,GBP,DEBIT,DIRECT_DEBIT,,,633.83,GBP,,DD,,
e1df215165f13207ac0c19358dcc96ef,2021-04-03T00:00:00Z,VIRGIN GAMES,35.49,GBP,CREDIT,PURCHASE,,,669.32,GBP,,DEB,,
c25c4ba262e2193eddb449e4e9eaf894,2021-04-03T00:00:00Z,SAVE THE CHANGE,-0.01,GBP,DEBIT,BILL_PAYMENT,,,669.31,GBP,,BP,,
8966ad389581a01a3387426719f47038,2021-04-03T00:00:00Z,GOOGLE PLAY STORE,-2.99,GBP,DEBIT,PURCHASE,,,666.32,GBP,,DEB,,
965fe7e8b257eb0585a4ff795ae19199,2021-04-03T00:00:00Z,TESCO EXTRA,-30.0,GBP,DEBIT,PURCHASE,,,636.32,GBP,,DEB,,
9b0579a2212767efa5504fb205a09270,2021-04-03T00:00:00Z,RETURNED DIRECT DEBIT,40.0,GBP,CREDIT,CREDIT,,,676.32,GBP,,DEP,,
350fd136b8f0beaa05bcf1560134753b,2021-04-03T00:00:00Z,LNK ATM LONDON,-40.0,GBP,DEBIT,ATM,,,636.32,GBP,,CPT,,
5359f7e3c2e4e6611f3681092285bee5,2021-04-03T00:00:00Z,WWW.ASDA.COM,-5.0,GBP,DEBIT,PURCHASE,,,631.32,GBP,,DEB,,
69998f31dc87b233a4426e95f3c9d51b,2021-04-02T00:00:00Z,MR JOHN SMITH,30.0,GBP,CREDIT,TRANSFER,,,661.32,GBP,,TFR,,
371100e3535da5b4c7d0cc89fc3c6d87,2021-04-02T00:00:00Z,LNK ATM LONDON,-30.0,GBP,DEBIT,ATM,,,631.32,GBP,,CPT,,
c8f4bd2ae6e3d4cd2778789637b1fe13,2021-04-02T00:00:00Z,MR JOHN SMITH,10.0,GBP,CREDIT,TRANSFER,,,641.32,GBP,,TFR,,
08b8566772bca506c25ec13e81e684df,2021-04-02T00:00:00Z,SAVE THE CHANGE,-0.59,GBP,DEBIT,BILL_PAYMENT,,,640.73,GBP,,BP,,
0021df49f2f111b34b8cfb6eb8ea55e5,2021-04-01T00:00:00Z,TALKTALK TELECOM,-46.82,GBP,DEBIT,PURCHASE,,,593.91,GBP,,DEB,,
c75d404ef458048c0374ee17ecdbfde0,2021-04-01T00:00:00Z,ACCOUNT OVERDRAFT FEE,-0.01,GBP,DEBIT,BILL_PAYMENT,,,593.9,GBP,,BP,,
daad9da63684a8dde42f5c8d921149a3,2021-04-01T00:00:00Z,MR JOHN SMITH,-227.0,GBP,DEBIT,TRANSFER,,,366.9,GBP,,TFR,,
74e580125f857ac15c7240954b208e44,2021-04-01T00:00:00Z,TESCO,-39.99,GBP,DEBIT,PURCHASE,,,326.91,GBP,,DEB,,
0228af8b1639f7822f2a68c0c53bddf9,2021-04-01T00:00:00Z,REVOLUT,-0.01,GBP,DEBIT,PURCHASE,,,326.9,GBP,,DEB,,
c6b5b5306e3644473aec73bd316e67fd,2021-04-01T00:00:00Z,CENTRA,-0.01,GBP,DEBIT,PURCHASE,,,326.89,GBP,,DEB,,
b25999053b019e4f11b0f5623b72cb19,2021-04-01T00:00:00Z,DUNNES STORES,-0.01,GBP,DEBIT,PURCHASE,,,326.88,GBP,,DEB,,
c94ae9c6182405b4ddd638fb9432c2db,2021-04-01T00:00:00Z,SPAR,-0.01,GBP,DEBIT,PURCHASE,,,326.87,GBP,,DEB,,
ef7f68c3c2ec5745252c0faa2b9e978f,2021-04-01T00:00:00Z,SPAR,-0.01,GBP,DEBIT,PURCHASE,,,326.86,GBP,,DEB,,
ea92cf99985fa3b6e501d45e7c1d61cf,2021-04-01T00:00:00Z,SUPERVALUE,-0.01,GBP,DEBIT,PURCHASE,,,326.85,GBP,,DEB,,
b00cf818656beed550ff00a4cb5fc5f4,2021-04-01T00:00:00Z,LIDL,-0.01,GBP,DEBIT,PURCHASE,,,326.84,GBP,,DEB,,
47ff2a2cbb615b1f5039f0bdd24d8e20,2021-04-01T00:00:00Z,APLLEGREEN,-0.01,GBP,DEBIT,PURCHASE,,,326.83,GBP,,DEB,,
8204a3493486eebb4041021e84c80c04,2021-04-01T00:00:00Z,MCDONALD'S,-0.01,GBP,DEBIT,PURCHASE,,,326.82,GBP,,DEB,,
c4c26f4f1036323d16cf078dd4ca9224,2021-04-01T00:00:00Z,HARVEY NORMAN,-0.01,GBP,DEBIT,PURCHASE,,,326.81,GBP,,DEB,,
dc07b2ae3966eca088d48c3ac9db5a24,2021-04-01T00:00:00Z,ULSTER BANK,-0.01,GBP,DEBIT,PURCHASE,,,326.8,GBP,,DEB,,
570647eb34fd84095b33cfa72c97ad01,2021-04-01T00:00:00Z,CIRCLE K,-0.01,GBP,DEBIT,PURCHASE,,,326.79,GBP,,DEB,,
65e7c3b838ad0abf78e393ac21eee693,2021-04-01T00:00:00Z,BET365,-0.01,GBP,DEBIT,PURCHASE,,,326.78,GBP,,DEB,,
fcd45d2d22c3691a10f271175f69a63f,2021-04-01T00:00:00Z,ACCOUNT OVERDRAFT FEE,-0.01,GBP,DEBIT,BILL_PAYMENT,,,326.77,GBP,,BP,,
f6db0f2d827564136dee48f8f6f07925,2021-04-01T00:00:00Z,Sainsbury's,-23.99,GBP,DEBIT,PURCHASE,,,302.78,GBP,,DEB,,
cd57b9d06ed278e9b6f9cc068c974e51,2021-04-01T00:00:00Z,MR JOHN SMITH,-20.91,GBP,DEBIT,TRANSFER,,,282.78,GBP,,TFR,,
d930ff2100a0fce2452e3ec157313d26,2021-04-01T00:00:00Z,NUDE FINANCE,-10.0,GBP,DEBIT,PURCHASE,,,272.78,GBP,,DEB,,
4cc7a0d306171d646865313388ea0dfd,2021-04-01T00:00:00Z,E.ON NEXT,-10.0,GBP,DEBIT,PURCHASE,,,262.78,GBP,,DEB,,
74e8468f956bc18f6ba04e56a99097b3,2021-04-01T00:00:00Z,L&G INSURANCE,-10.0,GBP,DEBIT,PURCHASE,,,252.78,GBP,,DEB,,
a54e3d9561d46bbf791a19cee316ac30,2021-04-01T00:00:00Z,HALIFAX,-10.0,GBP,DEBIT,PURCHASE,,,242.78,GBP,,DEB,,
847fe35781e789ac7255b44db3b700f5,2021-04-01T00:00:00Z,OVO ENERGY,-10.0,GBP,DEBIT,PURCHASE,,,232.78,GBP,,DEB,,
c57e43860e0c5aba0aa5ae83fd6723cd,2021-03-28T00:00:00Z,TSB CLEVELEYS,420.0,GBP,CREDIT,CASH,,,-640.42,GBP,,CSH,,
0a2a949fde8c727825536b80108874d2,2021-03-28T00:00:00Z,AMAZON INT'L,-36.59,GBP,DEBIT,PURCHASE,,,-677.01,GBP,,DEB,,
4fb767be66db2e02cffe89367a028ce0,2021-03-28T00:00:00Z,RETURNED DD,40.0,GBP,CREDIT,CREDIT,,,-637.01,GBP,,DEP,,
6e589114d77d7cc212289176a4d5d4d8,2021-03-28T00:00:00Z,MR JOHN SMITH,-32.72,GBP,DEBIT,TRANSFER,,,-669.73,GBP,,TFR,,
62eb9983e54eca4d497da9efd0602a99,2021-03-28T00:00:00Z,WORKING TAX CREDIT,22.42,GBP,CREDIT,CREDIT,,,-647.31,GBP,,BGC,,
4c8d6fe75616dba185ddb6b6b6a8e444,2021-03-27T00:00:00Z,MS JANE DOE,-7.93,GBP,DEBIT,TRANSFER,,,-655.24,GBP,,TFR,,
d77433c90f2b6455aab54a7b9cfbd05d,2021-03-27T00:00:00Z,CIRCLE UK TRADING REFUND,50.59,GBP,CREDIT,CREDIT,,,-604.65,GBP,,DEP,,
fe92f346a375a098cda947d7719ff152,2021-03-27T00:00:00Z,MS JANE DOE,15.86,GBP,CREDIT,TRANSFER,,,-588.79,GBP,,TFR,,
d4df70466acd0c615900c74c655cf50e,2021-03-27T00:00:00Z,DVLA LICENSE,-20.56,GBP,DEBIT,DIRECT_DEBIT,,,-609.35,GBP,,DD,,
5829980c70486afdb94b03482eec626c,2021-03-27T00:00:00Z,E&L INSURANCE,-2.99,GBP,DEBIT,DIRECT_DEBIT,,,-612.34,GBP,,DD,,
eb7f4a7eaa70d5bfcbe100a3ad9c98a7,2021-03-27T00:00:00Z,TESCO ONLINE SHOPPING,-23.62,GBP,DEBIT,DIRECT_DEBIT,,,-635.96,GBP,,DD,,
467c6e6c901d692159e159171a2d4895,2021-03-27T00:00:00Z,PAYPAL EBAY,-7.56,GBP,DEBIT,PURCHASE,,,-643.52,GBP,,DEB,,
8854225e2a7d5f9bc648be4edc04277a,2021-03-25T00:00:00Z,CASHBACK,70.0,GBP,CREDIT,CASH,,,-573.52,GBP,,CSH,,
b92ae109b27e7bd6d7832638e8282c2d,2021-03-25T00:00:00Z,MENS HEALTH SUBSCRIPTION,-24.5,GBP,DEBIT,DIRECT_DEBIT,,,-598.02,GBP,,DD,,
40383d24ccaf6d420d377447230d5e36,2021-03-25T00:00:00Z,OUTGOING DD,-10.0,GBP,DEBIT,DIRECT_DEBIT,,,-608.02,GBP,,DD,,
a06c38e112af1a7fa64127f647a00964,2021-03-25T00:00:00Z,SAVE THE CHANGE,-0.41,GBP,DEBIT,BILL_PAYMENT,,,-608.43,GBP,,BP,,
c3b81519098dd61b2925761fe19df4f9,2021-03-25T00:00:00Z,AMAZON PLC,-36.59,GBP,DEBIT,PURCHASE,,,-645.02,GBP,,DEB,,
087493be298f7e83fb197c7db5f72936,2021-03-25T00:00:00Z,SAVE THE CHANGE,-0.5,GBP,DEBIT,BILL_PAYMENT,,,-645.52,GBP,,BP,,
68a31c2f6bd951eaa4a0df9f44dedb8f,2021-03-25T00:00:00Z,WWW.BINGO.COM,-10.5,GBP,DEBIT,PURCHASE,,,-656.02,GBP,,DEB,,
409cd1450aba31b9dc246a7f51bc235c,2021-03-23T00:00:00Z,MORSES CLUB LTD,-30.0,GBP,DEBIT,PURCHASE,,,-626.02,GBP,,DEB,,
670b846a7d60d49e10e21401f28c6eda,2021-03-23T00:00:00Z,ANYVAN LTD,32.5,GBP,CREDIT,CREDIT,,,-593.52,GBP,,FPI,,
14c38a52ca2a2532ec8a9348eb153608,2021-03-23T00:00:00Z,LNK ATM WITHDRAWAL,-100.0,GBP,DEBIT,ATM,,,-693.52,GBP,,CPT,,
a49a92dc4f7ab07ec7d85c00b5b73305,2021-03-23T00:00:00Z,SAVE THE CHANGE,-1.57,GBP,DEBIT,BILL_PAYMENT,,,-695.09,GBP,,BP,,
d1a0a3de292147cf4750ce3378aa0acc,2021-03-23T00:00:00Z,WWW.METROBANK.COM,-20.0,GBP,DEBIT,PURCHASE,,,-715.09,GBP,,DEB,,
b7fd1bf1197b7f8bc1daf707f69dd60a,2021-03-22T00:00:00Z,AMAZON INT'L,-5.0,GBP,DEBIT,PURCHASE,,,-720.09,GBP,,DEB,,
6c2ec452bedaa162e6a8e25a0243fc7b,2021-03-22T00:00:00Z,SAVE THE CHANGE,-0.01,GBP,DEBIT,BILL_PAYMENT,,,-720.1,GBP,,BP,,
b05174a19219269c16f573737e169a08,2021-03-22T00:00:00Z,TESCO MOBILE LTD,-39.25,GBP,DEBIT,PURCHASE,,,-759.35,GBP,,DEB,,
a01ef5cec98c6b5c55ddcd0e73e6fe0e,2021-03-22T00:00:00Z,PAYPAL WWW.EBAY.COM,-36.59,GBP,DEBIT,PURCHASE,,,-795.94,GBP,,DEB,,
2908e05132f8835903984a52b145eab1,2021-03-22T00:00:00Z,OAKAM LIMITED,-36.59,GBP,DEBIT,PURCHASE,,,-832.53,GBP,,DEB,,
85c6e627f2920094383760d28e02dabb,2021-03-20T00:00:00Z,REGENDA REDWING,-150.0,GBP,DEBIT,PURCHASE,,,-982.53,GBP,,DEB,,
ab3a3bb28ac6fc46110bf944f01e9168,2021-03-20T00:00:00Z,WORKING TAX CREDIT,22.42,GBP,CREDIT,CREDIT,,,-960.11,GBP,,BGC,,
582f5530cb4ce8ea63f008e78fa6c392,2021-03-20T00:00:00Z,PARKRETAIL.CO.UK,-550.0,GBP,DEBIT,PURCHASE,,,-1510.11,GBP,,DEB,,
0ea56663cea62e23be6856332ca844a7,2021-03-20T00:00:00Z,CHILD TAX CREDIT,345.13,GBP,CREDIT,CREDIT,,,-1164.98,GBP,,BGC,,
2e1508fd2775fc9deacb5726f22d203b,2021-03-19T00:00:00Z,AMAZON PRIME,-7.99,GBP,DEBIT,PURCHASE,,,-1172.97,GBP,,DEB,,
957395ee36bf73428f59f5e6b0410631,2021-03-19T00:00:00Z,CLEVELEYS.COM,1450.42,GBP,CREDIT,CREDIT,,,277.45,GBP,,DEP,,
56c6b8d6165d281ef97a380ee88d19a1,2021-03-18T00:00:00Z,CIRCLE UK TRADING,82.21,GBP,CREDIT,CREDIT,,,359.66,GBP,,FPI,,
5f1620d1dc73638f23ecc3ae723ed82f,2021-03-17T00:00:00Z,MR JOHN SMITH,137.6,GBP,CREDIT,CREDIT,,,497.26,GBP,,BGC,,
ca61dece5d8fb925a5627dcaa645705d,2021-03-17T00:00:00Z,AA INSURANCE,-12.73,GBP,DEBIT,DIRECT_DEBIT,,,484.53,GBP,,DD,,
82a826511c918f42bf3f9038e8f89d02,2021-03-17T00:00:00Z,AXA WEALTH LTD,-40.0,GBP,DEBIT,DIRECT_DEBIT,,,444.53,GBP,,DD,,
6ec8628aa4536283bbc4ce17b1bc9a70,2021-03-17T00:00:00Z,MORRISONS PETROL,-20.0,GBP,DEBIT,PURCHASE,,,424.53,GBP,,DEB,,
40686170b8d0141cffa6128960d11a7d,2021-03-17T00:00:00Z,SAVE THE CHANGE,-0.63,GBP,DEBIT,BILL_PAYMENT,,,423.9,GBP,,BP,,
032f2fdac4f47ac88e4789fcdbea4d8e,2021-03-17T00:00:00Z,TAILSCOM,-6.37,GBP,DEBIT,PURCHASE,,,417.53,GBP,,DEB,,
d5b63b7cdf46694463fc3ee81f95ebca,2021-03-15T00:00:00Z,ASDA STOES LTD,-32.0,GBP,DEBIT,PURCHASE,,,385.53,GBP,,DEB,,
c4178f3e06b49795eedc57bffea2831c,2021-03-15T00:00:00Z,SAVE THE CHANGE,-0.55,GBP,DEBIT,BILL_PAYMENT,,,384.98,GBP,,BP,,
af0e2d064430568b89fd1322b64749f7,2021-03-15T00:00:00Z,AMAZON BLACK FRIDAY,-15.45,GBP,DEBIT,PURCHASE,,,369.53,GBP,,DEB,,
5b5b55d59bfce6a6e31af91fcea89564,2021-03-15T00:00:00Z,SAVE THE CHANGE,-0.5,GBP,DEBIT,BILL_PAYMENT,,,369.03,GBP,,BP,,
e2e0e55a5c717b8fe887acfbec8b03aa,2021-03-15T00:00:00Z,TESCO EXTRA,-3.59,GBP,DEBIT,PURCHASE,,,365.44,GBP,,DEB,,
a040f75c347bda3b263354e2f36b02ac,2021-03-15T00:00:00Z,PAYPAL EBAY,-10.0,GBP,DEBIT,PURCHASE,,,355.44,GBP,,DEB,,
c319b64985f43a9a528230968ff95644,2021-03-14T00:00:00Z,PAYPAL BETFRED,-2.0,GBP,DEBIT,PURCHASE,,,353.44,GBP,,DEB,,
a1fec5add1f894ccb7380b49b57b68be,2021-03-14T00:00:00Z,MT SECURETRADE LIM,-20.5,GBP,DEBIT,PURCHASE,,,332.94,GBP,,DEB,,
0142bbcef850743d5c17103940250343,2021-03-14T00:00:00Z,MT SECURETRADE LIM,43.5,GBP,CREDIT,PURCHASE,,,376.44,GBP,,DEB,,
e10845d1045c80f57863347e3602f4b8,2021-03-12T00:00:00Z,SAVE THE CHANGE,-0.41,GBP,DEBIT,BILL_PAYMENT,,,376.03,GBP,,BP,,
2b0361f291277f47a2e510ac67d9cae4,2021-03-12T00:00:00Z,AA MEMBERSHIP,-23.11,GBP,DEBIT,DIRECT_DEBIT,,,352.92,GBP,,DD,,
150fd968a75cb5b9e27aa174480378ca,2021-03-11T00:00:00Z,CIRCLE UK TRADING,50.0,GBP,CREDIT,CREDIT,,,402.92,GBP,,FPI,,
891edfdde70655056bac6a7e3a6de5c1,2021-03-11T00:00:00Z,MS JANE DOE,50.0,GBP,CREDIT,TRANSFER,,,452.92,GBP,,TFR,,
5a43a5a1b4f40545b743103eb11414da,2021-03-11T00:00:00Z,WORKING TAX CREDIT,22.42,GBP,CREDIT,CREDIT,,,475.34,GBP,,BGC,,
f659d2548a541988944e2743d290ea7d,2021-03-11T00:00:00Z,BUTLINS HOLIDAYS,-17.0,GBP,DEBIT,PURCHASE,,,458.34,GBP,,DEB,,
ea2ead6f3734c19829739f940c96f01b,2021-03-10T00:00:00Z,AXA WEALTH LTD,-40.0,GBP,DEBIT,DIRECT_DEBIT,,,418.34,GBP,,DD,,
4856897bd71fea0fb84397b7117d0c1f,2021-03-10T00:00:00Z,ASDA STORES LTD,-5.0,GBP,DEBIT,PURCHASE,,,413.34,GBP,,DEB,,
1d7cf3ad5cb51920aed536b0056ac845,2021-03-10T00:00:00Z,RETURNED DD,40.0,GBP,CREDIT,CREDIT,,,453.34,GBP,,DEP,,
4c8d244f7fc719d99a1d674e32385011,2021-03-10T00:00:00Z,CIRCLE UK TRADING,50.36,GBP,CREDIT,CREDIT,,,503.7,GBP,,FPI,,
67b01ea92ce1e892f045c73cef62a5f4,2021-03-10T00:00:00Z,OUTGOING DD,-30.0,GBP,DEBIT,DIRECT_DEBIT,,,473.7,GBP,,DD,,
8f3b98ed7a5b3a1dff125187a1e7f858,2021-03-10T00:00:00Z,EDF ENERGY,-24.5,GBP,DEBIT,BILL_PAYMENT,,,449.2,GBP,,BP,,
befd4468b625e62429cdfffcbe9d475e,2021-03-09T00:00:00Z,DVLA LICENCE,-23.62,GBP,DEBIT,DIRECT_DEBIT,,,425.58,GBP,,DD,,
bd9b23fb514ca90ff3df473cb737745c,2021-03-09T00:00:00Z,DVLA TAX,-20.56,GBP,DEBIT,DIRECT_DEBIT,,,405.02,GBP,,DD,,
1adebbc7839593e04d25fb8731f40141,2021-03-09T00:00:00Z,SAVE THE CHANGE,-0.41,GBP,DEBIT,BILL_PAYMENT,,,404.61,GBP,,BP,,
250b9d3be4efb22db14b35ec9de1e2f8,2021-03-09T00:00:00Z,MS JANE DOE,70.0,GBP,CREDIT,TRANSFER,,,474.61,GBP,,TFR,,
0fc46ff2cdbc52b0476be12a1ed82892,2021-03-08T00:00:00Z,SAVE THE CHANGE,-0.01,GBP,DEBIT,BILL_PAYMENT,,,474.6,GBP,,BP,,
0f5d7afa3a811ff1bd858da85826984e,2021-03-08T00:00:00Z,WORKING TAX CREDIT,22.42,GBP,CREDIT,CREDIT,,,497.02,GBP,,BGC,,
b7e4b2b5d834f1206b37d23cc33d0074,2021-03-08T00:00:00Z,CREDITREPORTSERVIC,-14.99,GBP,DEBIT,PURCHASE,,,482.03,GBP,,DEB,,
996198e0df8bc6ac6a07428a8141c9f8,2021-03-08T00:00:00Z,REGENDA REDWING RE,-100.0,GBP,DEBIT,PURCHASE,,,382.03,GBP,,DEB,,
5691c009f50e749e9707073d6041eb20,2021-03-08T00:00:00Z,BROADWAY GAMING LT CD 0315,-10.0,GBP,DEBIT,PURCHASE,,,372.03,GBP,,DEB,,
ad1d6caf443f2534ff8587e4145b5c63,2021-03-08T00:00:00Z,SAVE THE CHANGE,-0.69,GBP,DEBIT,BILL_PAYMENT,,,371.34,GBP,,BP,,
85d1faddd5de320c4c8cbb6fd3c72aa3,2021-03-08T00:00:00Z,SAVE THE CHANGE,-1.04,GBP,DEBIT,BILL_PAYMENT,,,370.3,GBP,,BP,,
5f873b9e7227f18fc869b41d8d865a9f,2021-03-08T00:00:00Z,BOOKER LIMITED BLA,-24.31,GBP,DEBIT,PURCHASE,,,345.99,GBP,,DEB,,
b44a105456b4d278f96cca1db541b64c,2021-03-07T00:00:00Z,EE & T-MOBILE,-82.37,GBP,DEBIT,PURCHASE,,,263.62,GBP,,DEB,,
832a6ab689460cc5cdd3167cd40c2ec1,2021-03-07T00:00:00Z,SAVE THE CHANGE,-1.15,GBP,DEBIT,BILL_PAYMENT,,,262.47,GBP,,BP,,
2099d6dd75dfcfb9ff8ebc39cc4c420b,2021-03-07T00:00:00Z,MS JANE DOE,-70.0,GBP,DEBIT,TRANSFER,,,192.47,GBP,,TFR,,
ad21bc68f70b0a239ea103858d493939,2021-03-07T00:00:00Z,18db38 Betropolis LTD LC Betropolis,-10.0,GBP,DEBIT,PURCHASE,,,45.1,GBP,,DEB,,
0ae5a4f797dfcb7e7b8c11a66df4a833,2021-03-06T00:00:00Z,TESCO MOBILE LTD,-28.25,GBP,DEBIT,PURCHASE,,,164.22,GBP,,DEB,,
1b34d602c81a73838d8eb36934a103c9,2021-03-06T00:00:00Z,WORKING TAX CREDIT,22.42,GBP,CREDIT,CREDIT,,,186.64,GBP,,BGC,,
5c0bb82b25b4d44adaf5c52e16af70c2,2021-03-06T00:00:00Z,W M MORRISONS PLC,-12.89,GBP,DEBIT,PURCHASE,,,173.75,GBP,,DEB,,
e70500b519fd72b7a79d93aab0910f62,2021-03-06T00:00:00Z,TESCO MOBILE LTD,-50.0,GBP,DEBIT,PURCHASE,,,123.75,GBP,,DEB,,
d944660ad216dbe6562e94105ba8a8f6,2021-03-06T00:00:00Z,HOME BARGAINS FLEE,-9.71,GBP,DEBIT,PURCHASE,,,114.04,GBP,,DEB,,
0f4dc447e80bf26a7904c0fec4349ae7,2021-03-06T00:00:00Z,CHILD TAX CREDIT,346.35,GBP,CREDIT,CREDIT,,,460.39,GBP,,BGC,,
cdbb1d6a1a847b770b0de94410c47a76,2021-03-06T00:00:00Z,MR JOHN SMITH,137.6,GBP,CREDIT,CREDIT,,,597.99,GBP,,BGC,,
635bcec221fcb94b512bc3bf51441631,2021-03-06T00:00:00Z,MS JANE DOE,61.89,GBP,CREDIT,TRANSFER,,,659.88,GBP,,TFR,,
dddecf1c23d7c2af7076b89c56562c84,2021-03-06T00:00:00Z,SAVE THE CHANGE,-0.01,GBP,DEBIT,BILL_PAYMENT,,,659.87,GBP,,BP,,
8b9a19ff23b3a077322f169f7b7f0a79,2021-03-06T00:00:00Z,AMAZON PRIME,-5.0,GBP,DEBIT,PURCHASE,,,654.87,GBP,,DEB,,
3f7c15fcbf67b19a7ef2635f83c63ebe,2021-03-05T00:00:00Z,LNK ATM WITHDRAWAL,-60.0,GBP,DEBIT,ATM,,,594.87,GBP,,CPT,,
e196c4fd47eb7601664ffc497f62b69e,2021-03-05T00:00:00Z,SAVE THE CHANGE,-1.89,GBP,DEBIT,BILL_PAYMENT,,,592.98,GBP,,BP,,
e2894191a3ea7419af3fb027a09b77a2,2021-03-05T00:00:00Z,THE INSURANCE EMPO,-5.79,GBP,DEBIT,DIRECT_DEBIT,,,587.19,GBP,,DD,,
513c264357a960da85575e417920d172,2021-03-05T00:00:00Z,AMAZON PRIME,-7.99,GBP,DEBIT,PURCHASE,,,579.2,GBP,,DEB,,
e4714441135c6588cb5d1b91d8a646aa,2021-03-05T00:00:00Z,VANQUIS BANK,-23.15,GBP,DEBIT,PURCHASE,,,556.05,GBP,,DEB,,
396544f069b976c22634f158c6ed833b,2021-03-05T00:00:00Z,AA INSURANCE,-12.73,GBP,DEBIT,DIRECT_DEBIT,,,543.32,GBP,,DD,,
a68368c32f78ed5d23bf776a611e265a,2021-03-05T00:00:00Z,WWW.TAILS.COM,-6.37,GBP,DEBIT,PURCHASE,,,536.95,GBP,,DEB,,
aa479688e5841493104a3269a66494ae,2021-03-05T00:00:00Z,ANNATAR,-20.0,GBP,DEBIT,PURCHASE,,,516.95,GBP,,DEB,,
a198fa09574c4dcf5d3d89cda49ad834,2021-03-04T00:00:00Z,ANNATAR LIMITED,10.0,GBP,CREDIT,PURCHASE,,,526.95,GBP,,DEB,,
220e45950a081eae92fa5361c13c5fd8,2021-03-04T00:00:00Z,ANYVAN LTD,70.0,GBP,CREDIT,CREDIT,,,596.95,GBP,,FPI,,
beb3cff0a0836983d74ddf637228ddf4,2021-03-04T00:00:00Z,ANYVAN LTD,59.17,GBP,CREDIT,CREDIT,,,656.12,GBP,,FPI,,
451eb881444b0469245eccfd6cd00c6a,2021-03-04T00:00:00Z,LNK ATM LONDON,-20.0,GBP,DEBIT,ATM,,,636.12,GBP,,CPT,,
f1ff8fa115f7b65494b7519f10a2dea0,2021-03-04T00:00:00Z,LAPTOP DIRECT LTD.,-5.0,GBP,DEBIT,PURCHASE,,,631.12,GBP,,DEB,,
64a413e95e73fbb02c07353b6c3df841,2021-03-04T00:00:00Z,ANIMAL FRIENDS LTD,-3.07,GBP,DEBIT,DIRECT_DEBIT,,,628.05,GBP,,DD,,
3483360e666199a8cdc66f24de27f6c9,2021-03-04T00:00:00Z,LNK ATM WITHDRAWAL,-100.0,GBP,DEBIT,ATM,,,528.05,GBP,,CPT,,
cf511af790060b3755a9525717462458,2021-03-04T00:00:00Z,MR JOHN SMITH,100.0,GBP,CREDIT,TRANSFER,,,628.05,GBP,,TFR,,
d07e57860c3a80c8a600d69285947e4f,2021-03-04T00:00:00Z,INTUIT LIMITED,-3.59,GBP,DEBIT,DIRECT_DEBIT,,,624.46,GBP,,DD,,
f30e323fde6cf8261baa70f995f13eea,2021-03-04T00:00:00Z,PAYPAL EBAY,25.0,GBP,CREDIT,PURCHASE,,,649.46,GBP,,DEB,,
ecea0b0428f48d53795a571b8f784a8c,2021-03-04T00:00:00Z,RENT,-130.0,GBP,DEBIT,BILL_PAYMENT,,,519.46,GBP,,BP,,
5af792e182f316799d3d0925b1a26c36,2021-03-03T00:00:00Z,MS JANE DOE,0.89,GBP,CREDIT,TRANSFER,,,520.35,GBP,,TFR,,
9bfa845f147a0d7ac8521ef28a53975c,2021-03-03T00:00:00Z,SAVE THE CHANGE,-0.41,GBP,DEBIT,BILL_PAYMENT,,,519.94,GBP,,BP,,
71b89fca4515e7e0a0d21ac7379a1d2f,2021-03-03T00:00:00Z,MS JANE DOE,130.0,GBP,CREDIT,TRANSFER,,,649.94,GBP,,TFR,,
caf92bcfc56591658b720e7b6271c8b1,2021-03-03T00:00:00Z,MR JOHN SMITH,7.0,GBP,CREDIT,TRANSFER,,,656.94,GBP,,TFR,,
b5bc2e355d0ae31573c9c38216e60d6b,2021-03-03T00:00:00Z,AA MEMBERSHIP,-23.11,GBP,DEBIT,DIRECT_DEBIT,,,633.83,GBP,,DD,,
b6c7d43e729a1b42bf20c54980547521,2021-03-03T00:00:00Z,VIRGIN GAMES,35.49,GBP,CREDIT,PURCHASE,,,669.32,GBP,,DEB,,
a0d871ed4cda819a762e456a6264cee4,2021-03-03T00:00:00Z,SAVE THE CHANGE,-0.01,GBP,DEBIT,BILL_PAYMENT,,,669.31,GBP,,BP,,
5a22265270391040ee203998bca0c40f,2021-03-03T00:00:00Z,GOOGLE PLAY STORE,-2.99,GBP,DEBIT,PURCHASE,,,666.32,GBP,,DEB,,
0a60855d3ddec32f4faa039d76dc7109,2021-03-03T00:00:00Z,TESCO EXTRA,-30.0,GBP,DEBIT,PURCHASE,,,636.32,GBP,,DEB,,
e3eb0780f90c0c3cea8a52fee5276242,2021-03-03T00:00:00Z,RETURNED DIRECT DEBIT,40.0,GBP,CREDIT,CREDIT,,,676.32,GBP,,DEP,,
060967b28f64bf3c71a6641c07b64402,2021-03-03T00:00:00Z,LNK ATM LONDON,-40.0,GBP,DEBIT,ATM,,,636.32,GBP,,CPT,,
22b49d44a3b6240442f3f3f873ac1535,2021-03-03T00:00:00Z,WWW.ASDA.COM,-5.0,GBP,DEBIT,PURCHASE,,,631.32,GBP,,DEB,,
a22281d394f39c2c46f06f50001d0a69,2021-03-02T00:00:00Z,MR JOHN SMITH,30.0,GBP,CREDIT,TRANSFER,,,661.32,GBP,,TFR,,
4c81228c4de0ae68e80eb7c3963278e5,2021-03-02T00:00:00Z,LNK ATM LONDON,-30.0,GBP,DEBIT,ATM,,,631.32,GBP,,CPT,,
4729402825f3247b4422efadfaf07f39,2021-03-02T00:00:00Z,MR JOHN SMITH,10.0,GBP,CREDIT,TRANSFER,,,641.32,GBP,,TFR,,
7fe9c5053baad321ba432de7d17582ed,2021-03-02T00:00:00Z,SAVE THE CHANGE,-0.59,GBP,DEBIT,BILL_PAYMENT,,,640.73,GBP,,BP,,
87793a374f2ab0932aca4944f3423c15,2021-03-01T00:00:00Z,TALKTALK TELECOM,-46.82,GBP,DEBIT,PURCHASE,,,593.91,GBP,,DEB,,
a050eb9f16737ebd3934547b0c8408eb,2021-03-01T00:00:00Z,ACCOUNT OVERDRAFT FEE,-0.01,GBP,DEBIT,BILL_PAYMENT,,,593.9,GBP,,BP,,
0bd129d5e639041fc17fd1090d074691,2021-03-01T00:00:00Z,MR JOHN SMITH,-227.0,GBP,DEBIT,TRANSFER,,,366.9,GBP,,TFR,,
a4a4291be89d41069019bbced1f22562,2021-03-01T00:00:00Z,TESCO,-39.99,GBP,DEBIT,PURCHASE,,,326.91,GBP,,DEB,,
6c18f672f62cfc104233a639d11519f5,2021-03-01T00:00:00Z,REVOLUT,-0.01,GBP,DEBIT,PURCHASE,,,326.9,GBP,,DEB,,
216fbb38d1edba3c2b73c0d91c401839,2021-03-01T00:00:00Z,CENTRA,-0.01,GBP,DEBIT,PURCHASE,,,326.89,GBP,,DEB,,
c200e809579e5a3ab2869102884da2a5,2021-03-01T00:00:00Z,DUNNES STORES,-0.01,GBP,DEBIT,PURCHASE,,,326.88,GBP,,DEB,,
a833ec7972c3af32dda4c1539d30bb66,2021-03-01T00:00:00Z,SPAR,-0.01,GBP,DEBIT,PURCHASE,,,326.87,GBP,,DEB,,
8eb607df90ef33a6e37ac39e2cd102ca,2021-03-01T00:00:00Z,SPAR,-0.01,GBP,DEBIT,PURCHASE,,,326.86,GBP,,DEB,,
52e7416cde3b26e5a9ed7a376de45cab,2021-03-01T00:00:00Z,SUPERVALUE,-0.01,GBP,DEBIT,PURCHASE,,,326.85,GBP,,DEB,,
bbdc6d9274e69dbd3a1ae247302651ce,2021-03-01T00:00:00Z,LIDL,-0.01,GBP,DEBIT,PURCHASE,,,326.84,GBP,,DEB,,
13ba30d3495675d9e53ce657ff410e8f,2021-03-01T00:00:00Z,APLLEGREEN,-0.01,GBP,DEBIT,PURCHASE,,,326.83,GBP,,DEB,,
0a5eb620bb2088498a15ff3496f7d2ce,2021-03-01T00:00:00Z,MCDONALD'S,-0.01,GBP,DEBIT,PURCHASE,,,326.82,GBP,,DEB,,
a1b8fa13ff38be9af584b6edb8322cfb,2021-03-01T00:00:00Z,HARVEY NORMAN,-0.01,GBP,DEBIT,PURCHASE,,,326.81,GBP,,DEB,,
e79b813b4a3b7cb4407fb66e322726c7,2021-03-01T00:00:00Z,ULSTER BANK,-0.01,GBP,DEBIT,PURCHASE,,,326.8,GBP,,DEB,,
24a9f15e30a01018606a7fd619f8b9d1,2021-03-01T00:00:00Z,CIRCLE K,-0.01,GBP,DEBIT,PURCHASE,,,326.79,GBP,,DEB,,
fc670eb2840ac2ec38e35a825094c459,2021-03-01T00:00:00Z,BET365,-0.01,GBP,DEBIT,PURCHASE,,,326.78,GBP,,DEB,,
4ae1da60f63c2448786d45be837bae8a,2021-03-01T00:00:00Z,ACCOUNT OVERDRAFT FEE,-0.01,GBP,DEBIT,BILL_PAYMENT,,,326.77,GBP,,BP,,
77b283cd0c28a79a5e60a81f176a00a7,2021-03-01T00:00:00Z,Sainsbury's,-23.99,GBP,DEBIT,PURCHASE,,,302.78,GBP,,DEB,,
d7a005730d36533d38a76b62e5276d17,2021-03-01T00:00:00Z,MR JOHN SMITH,-20.91,GBP,DEBIT,TRANSFER,,,282.78,GBP,,TFR,,
08c98649a3bb20b9dfac48cf29894050,2021-03-01T00:00:00Z,NUDE FINANCE,-10.0,GBP,DEBIT,PURCHASE,,,272.78,GBP,,DEB,,
ba5a58be624da58cbf361415ba2e6ff7,2021-03-01T00:00:00Z,E.ON NEXT,-10.0,GBP,DEBIT,PURCHASE,,,262.78,GBP,,DEB,,
edd8267ef7860a476839eca52e0e2d80,2021-03-01T00:00:00Z,L&G INSURANCE,-10.0,GBP,DEBIT,PURCHASE,,,252.78,GBP,,DEB,,
af0e1ab0f4e2cdb526717f9d2300efe9,2021-03-01T00:00:00Z,HALIFAX,-10.0,GBP,DEBIT,PURCHASE,,,242.78,GBP,,DEB,,
fceab4c43ff94b93af7fe838a6b3336c,2021-03-01T00:00:00Z,OVO ENERGY,-10.0,GBP,DEBIT,PURCHASE,,,232.78,GBP,,DEB,,
f6218d934d5d45964873f6cec60e5641,2021-02-28T00:00:00Z,TSB CLEVELEYS,420.0,GBP,CREDIT,CASH,,,-640.42,GBP,,CSH,,
c35307c2dd82ae4ea232fe796875a5f2,2021-02-28T00:00:00Z,AMAZON INT'L,-36.59,GBP,DEBIT,PURCHASE,,,-677.01,GBP,,DEB,,
b98f2d7671e56e9fcddc4b93c8b913b0,2021-02-28T00:00:00Z,RETURNED DD,40.0,GBP,CREDIT,CREDIT,,,-637.01,GBP,,DEP,,
b6d3697ca689571a684f3254f50d30e4,2021-02-28T00:00:00Z,MR JOHN SMITH,-32.72,GBP,DEBIT,TRANSFER,,,-669.73,GBP,,TFR,,
6da9356376fc8fe3d1e9ccec766dbc4d,2021-02-28T00:00:00Z,WORKING TAX CREDIT,22.42,GBP,CREDIT,CREDIT,,,-647.31,GBP,,BGC,,
a3c492b6a6f785715772cce81fa86940,2021-02-27T00:00:00Z,MS JANE DOE,-7.93,GBP,DEBIT,TRANSFER,,,-655.24,GBP,,TFR,,
213d1d54bd997e53d400ad02b0360e70,2021-02-27T00:00:00Z,CIRCLE UK TRADING REFUND,50.59,GBP,CREDIT,CREDIT,,,-604.65,GBP,,DEP,,
e6f0ca10ab3b1bd4e91a1aca2e405c9f,2021-02-27T00:00:00Z,MS JANE DOE,15.86,GBP,CREDIT,TRANSFER,,,-588.79,GBP,,TFR,,
998462fec08d2c535175465b65f07bcc,2021-02-27T00:00:00Z,DVLA LICENSE,-20.56,GBP,DEBIT,DIRECT_DEBIT,,,-609.35,GBP,,DD,,
745fc252b75b9e9a3d900e01c9dab526,2021-02-27T00:00:00Z,E&L INSURANCE,-2.99,GBP,DEBIT,DIRECT_DEBIT,,,-612.34,GBP,,DD,,
c0469fd71eb85673bdf3e2f6d64419f4,2021-02-27T00:00:00Z,TESCO ONLINE SHOPPING,-23.62,GBP,DEBIT,DIRECT_DEBIT,,,-635.96,GBP,,DD,,
265cd1b6c7dbcd09bac467f8781f3eea,2021-02-27T00:00:00Z,PAYPAL EBAY,-7.56,GBP,DEBIT,PURCHASE,,,-643.52,GBP,,DEB,,
dc946b11e8e1f73b985cb450194bf2ff,2021-02-25T00:00:00Z,CASHBACK,70.0,GBP,CREDIT,CASH,,,-573.52,GBP,,CSH,,
5450de0b5122eae22978fac37e3ee608,2021-02-25T00:00:00Z,MENS HEALTH SUBSCRIPTION,-24.5,GBP,DEBIT,DIRECT_DEBIT,,,-598.02,GBP,,DD,,
f86956b027ba96e2386d5dea699a6703,2021-02-25T00:00:00Z,OUTGOING DD,-10.0,GBP,DEBIT,DIRECT_DEBIT,,,-608.02,GBP,,DD,,
030e354a5409905691b80ebd07a39e81,2021-02-25T00:00:00Z,SAVE THE CHANGE,-0.41,GBP,DEBIT,BILL_PAYMENT,,,-608.43,GBP,,BP,,
af53f1ed882063c6cddfcd3e7bdf3859,2021-02-25T00:00:00Z,AMAZON PLC,-36.59,GBP,DEBIT,PURCHASE,,,-645.02,GBP,,DEB,,
b10125675103a0be2ecc86daabc9af73,2021-02-25T00:00:00Z,SAVE THE CHANGE,-0.5,GBP,DEBIT,BILL_PAYMENT,,,-645.52,GBP,,BP,,
7f7e3dc4106043efb464d9700f522872,2021-02-25T00:00:00Z,WWW.BINGO.COM,-10.5,GBP,DEBIT,PURCHASE,,,-656.02,GBP,,DEB,,
04fa25348df0ac2f4f3693c3d96b7abd,2021-02-23T00:00:00Z,MORSES CLUB LTD,-30.0,GBP,DEBIT,PURCHASE,,,-626.02,GBP,,DEB,,
cdb6b782a3847dceac0e1c9fe21af978,2021-02-23T00:00:00Z,ANYVAN LTD,32.5,GBP,CREDIT,CREDIT,,,-593.52,GBP,,FPI,,
c8723479240c9481e9fb83d2e90bc53a,2021-02-23T00:00:00Z,LNK ATM WITHDRAWAL,-100.0,GBP,DEBIT,ATM,,,-693.52,GBP,,CPT,,
7233f5c49ddbd76fcb0d7644cda081ff,2021-02-23T00:00:00Z,SAVE THE CHANGE,-1.57,GBP,DEBIT,BILL_PAYMENT,,,-695.09,GBP,,BP,,
9a1edde95bdbe6916373d0cec4ebb247,2021-02-23T00:00:00Z,WWW.METROBANK.COM,-20.0,GBP,DEBIT,PURCHASE,,,-715.09,GBP,,DEB,,
ac9f245111b4beea1a67a330d8729898,2021-02-22T00:00:00Z,AMAZON INT'L,-5.0,GBP,DEBIT,PURCHASE,,,-720.09,GBP,,DEB,,
8550afbba4af5f8056c7a12fc7d92e29,2021-02-22T00:00:00Z,SAVE THE CHANGE,-0.01,GBP,DEBIT,BILL_PAYMENT,,,-720.1,GBP,,BP,,
cc3f4245d064da40e5afb8c692748689,2021-02-22T00:00:00Z,TESCO MOBILE LTD,-39.25,GBP,DEBIT,PURCHASE,,,-759.35,GBP,,DEB,,
ecfeb3c48f812ef95fe030b951cd4c4b,2021-02-22T00:00:00Z,PAYPAL WWW.EBAY.COM,-36.59,GBP,DEBIT,PURCHASE,,,-795.94,GBP,,DEB,,
2dc7b57aebc90fed68efaf4fcddd3d8b,2021-02-22T00:00:00Z,OAKAM LIMITED,-36.59,GBP,DEBIT,PURCHASE,,,-832.53,GBP,,DEB,,
152c5ca19e6b7c1e3a4d01c3cd98a55d,2021-02-20T00:00:00Z,REGENDA REDWING,-150.0,GBP,DEBIT,PURCHASE,,,-982.53,GBP,,DEB,,
22b923c71561128abd18025840195260,2021-02-20T00:00:00Z,WORKING TAX CREDIT,22.42,GBP,CREDIT,CREDIT,,,-960.11,GBP,,BGC,,
591d0dd4eb362bbd1f13770e7b812379,2021-02-20T00:00:00Z,PARKRETAIL.CO.UK,-550.0,GBP,DEBIT,PURCHASE,,,-1510.11,GBP,,DEB,,
cb2a88b47874d0aa7c3766b848efbb1e,2021-02-20T00:00:00Z,CHILD TAX CREDIT,345.13,GBP,CREDIT,CREDIT,,,-1164.98,GBP,,BGC,,
95e641d5683e18747a103e13705ba014,2021-02-19T00:00:00Z,AMAZON PRIME,-7.99,GBP,DEBIT,PURCHASE,,,-1172.97,GBP,,DEB,,
8e1244c0da2a84ac0e8adc8e7e086082,2021-02-19T00:00:00Z,CLEVELEYS.COM,1450.42,GBP,CREDIT,CREDIT,,,277.45,GBP,,DEP,,
6c405081d81bdf51b3712f9ac205a63d,2021-02-18T00:00:00Z,CIRCLE UK TRADING,82.21,GBP,CREDIT,CREDIT,,,359.66,GBP,,FPI,,
e3d26dc1da5efae95e3ced8257283ea4,2021-02-17T00:00:00Z,MR JOHN SMITH,137.6,GBP,CREDIT,CREDIT,,,497.26,GBP,,BGC,,
79bfbe695c3707e38f4b2777fc3d5e7d,2021-02-17T00:00:00Z,AA INSURANCE,-12.73,GBP,DEBIT,DIRECT_DEBIT,,,484.53,GBP,,DD,,
596e61c8da07eaee8591e50d8caf22c9,2021-02-17T00:00:00Z,AXA WEALTH LTD,-40.0,GBP,DEBIT,DIRECT_DEBIT,,,444.53,GBP,,DD,,
1b180ab7e2f1c44020c584a85e17e403,2021-02-17T00:00:00Z,MORRISONS PETROL,-20.0,GBP,DEBIT,PURCHASE,,,424.53,GBP,,DEB,,
40c35fa164c1cf257596e5f82fb7b52b,2021-02-17T00:00:00Z,SAVE THE CHANGE,-0.63,GBP,DEBIT,BILL_PAYMENT,,,423.9,GBP,,BP,,
fd27c3a024abb08dc9af755b7584be3f,2021-02-17T00:00:00Z,TAILSCOM,-6.37,GBP,DEBIT,PURCHASE,,,417.53,GBP,,DEB,,
bbd9b8a66e15146c3cc08857553e59a9,2021-02-15T00:00:00Z,ASDA STOES LTD,-32.0,GBP,DEBIT,PURCHASE,,,385.53,GBP,,DEB,,
1ba813fbb8c7d4c3902bec9d84726165,2021-02-15T00:00:00Z,SAVE THE CHANGE,-0.55,GBP,DEBIT,BILL_PAYMENT,,,384.98,GBP,,BP,,
b350336abfc0a15406ca4658b71b16bf,2021-02-15T00:00:00Z,AMAZON BLACK FRIDAY,-15.45,GBP,DEBIT,PURCHASE,,,369.53,GBP,,DEB,,
f4b6cb862d2a085d019371b1e1e86fe0,2021-02-15T00:00:00Z,SAVE THE CHANGE,-0.5,GBP,DEBIT,BILL_PAYMENT,,,369.03,GBP,,BP,,
b290cd504b0cc4d205b89fcf9ca7dd6e,2021-02-15T00:00:00Z,TESCO EXTRA,-3.59,GBP,DEBIT,PURCHASE,,,365.44,GBP,,DEB,,
adcb03097db0aa04629b306b3ab4ba6f,2021-02-15T00:00:00Z,PAYPAL EBAY,-10.0,GBP,DEBIT,PURCHASE,,,355.44,GBP,,DEB,,
19e57f6a977048921102938d9ecd7400,2021-02-14T00:00:00Z,PAYPAL BETFRED,-2.0,GBP,DEBIT,PURCHASE,,,353.44,GBP,,DEB,,
652b7a694a62e12518895908f4c37c25,2021-02-14T00:00:00Z,MT SECURETRADE LIM,-20.5,GBP,DEBIT,PURCHASE,,,332.94,GBP,,DEB,,
5d638b943f80e80247817b3b2c50806c,2021-02-14T00:00:00Z,MT SECURETRADE LIM,43.5,GBP,CREDIT,PURCHASE,,,376.44,GBP,,DEB,,
526ac81f46ed06a6be8b3af8aae279e6,2021-02-12T00:00:00Z,SAVE THE CHANGE,-0.41,GBP,DEBIT,BILL_PAYMENT,,,376.03,GBP,,BP,,
f7eafd6f902f6e9afe2a384d10a554eb,2021-02-12T00:00:00Z,AA MEMBERSHIP,-23.11,GBP,DEBIT,DIRECT_DEBIT,,,352.92,GBP,,DD,,
9177593c9a0c554809732ac92a61717e,2021-02-11T00:00:00Z,CIRCLE UK TRADING,50.0,GBP,CREDIT,CREDIT,,,402.92,GBP,,FPI,,
162b580e4b951ab9410360e4ebd0d664,2021-02-11T00:00:00Z,MS JANE DOE,50.0,GBP,CREDIT,TRANSFER,,,452.92,GBP,,TFR,,
e1d2c1c1c8419f0156a6a22cd19e3df5,2021-02-11T00:00:00Z,WORKING TAX CREDIT,22.42,GBP,CREDIT,CREDIT,,,475.34,GBP,,BGC,,
289bcf39948cff1c644c357235bc7e36,2021-02-11T00:00:00Z,BUTLINS HOLIDAYS,-17.0,GBP,DEBIT,PURCHASE,,,458.34,GBP,,DEB,,
c206d5e0adc5e736a9140fa4f68c28da,2021-02-10T00:00:00Z,AXA WEALTH LTD,-40.0,GBP,DEBIT,DIRECT_DEBIT,,,418.34,GBP,,DD,,
69cf073da20041737c4abbe0a5ef85e1,2021-02-10T00:00:00Z,ASDA STORES LTD,-5.0,GBP,DEBIT,PURCHASE,,,413.34,GBP,,DEB,,
03c3a4eeb3b7ca8e806d92de43122fc6,2021-02-10T00:00:00Z,RETURNED DD,40.0,GBP,CREDIT,CREDIT,,,453.34,GBP,,DEP,,
a267e04146e4ac2dfb0f4631af40981b,2021-02-10T00:00:00Z,CIRCLE UK TRADING,50.36,GBP,CREDIT,CREDIT,,,503.7,GBP,,FPI,,
d23cdc2ca3cca0d70ff2cf8787cf514f,2021-02-10T00:00:00Z,OUTGOING DD,-30.0,GBP,DEBIT,DIRECT_DEBIT,,,473.7,GBP,,DD,,
15ca78ce68daee04e43cd534b141e7a9,2021-02-10T00:00:00Z,EDF ENERGY,-24.5,GBP,DEBIT,BILL_PAYMENT,,,449.2,GBP,,BP,,
bfff93dd0582f4660a6b7b6bccefd99e,2021-02-09T00:00:00Z,DVLA LICENCE,-23.62,GBP,DEBIT,DIRECT_DEBIT,,,425.58,GBP,,DD,,
1757dd96d0acf75574bdfe3fc2e26862,2021-02-09T00:00:00Z,DVLA TAX,-20.56,GBP,DEBIT,DIRECT_DEBIT,,,405.02,GBP,,DD,,
c8faebd8618c0cad1ec788885fa8a4df,2021-02-09T00:00:00Z,SAVE THE CHANGE,-0.41,GBP,DEBIT,BILL_PAYMENT,,,404.61,GBP,,BP,,
6c0a48af362dd6edcf32d482e6f79635,2021-02-09T00:00:00Z,MS JANE DOE,70.0,GBP,CREDIT,TRANSFER,,,474.61,GBP,,TFR,,
96c409f1f331e9d177ed30080c13e404,2021-02-08T00:00:00Z,SAVE THE CHANGE,-0.01,GBP,DEBIT,BILL_PAYMENT,,,474.6,GBP,,BP,,
8177f94d56d16482b28b9aa0b247a390,2021-02-08T00:00:00Z,WORKING TAX CREDIT,22.42,GBP,CREDIT,CREDIT,,,497.02,GBP,,BGC,,
9ccbf77a7d31e650db148ba85c2f609e,2021-02-08T00:00:00Z,CREDITREPORTSERVIC,-14.99,GBP,DEBIT,PURCHASE,,,482.03,GBP,,DEB,,
0d6c0d8f0c8e8e6464014225abca0812,2021-02-08T00:00:00Z,REGENDA REDWING RE,-100.0,GBP,DEBIT,PURCHASE,,,382.03,GBP,,DEB,,
69ede3ea3cf97684c7c0c38242b2aee9,2021-02-08T00:00:00Z,BROADWAY GAMING LT CD 0315,-10.0,GBP,DEBIT,PURCHASE,,,372.03,GBP,,DEB,,
7262ea54e07e50cc4696a25c9036a73b,2021-02-08T00:00:00Z,SAVE THE CHANGE,-0.69,GBP,DEBIT,BILL_PAYMENT,,,371.34,GBP,,BP,,
3df7d477e32e7db7a14c8c2f3f71c194,2021-02-08T00:00:00Z,SAVE THE CHANGE,-1.04,GBP,DEBIT,BILL_PAYMENT,,,370.3,GBP,,BP,,
7a3029d4220cabe6c9faac41ae50dca2,2021-02-08T00:00:00Z,BOOKER LIMITED BLA,-24.31,GBP,DEBIT,PURCHASE,,,345.99,GBP,,DEB,,
028e37997d6445683d619f7424a0f3d1,2021-02-07T00:00:00Z,EE & T-MOBILE,-82.37,GBP,DEBIT,PURCHASE,,,263.62,GBP,,DEB,,
3a81d145dc81de6d6eed589a0abd93f3,2021-02-07T00:00:00Z,SAVE THE CHANGE,-1.15,GBP,DEBIT,BILL_PAYMENT,,,262.47,GBP,,BP,,
9081be3be0547a9ccf9db487fef5705b,2021-02-07T00:00:00Z,MS JANE DOE,-70.0,GBP,DEBIT,TRANSFER,,,192.47,GBP,,TFR,,
2a466eeeeabb3ce7df463e90015074b2,2021-02-07T00:00:00Z,18db38 Betropolis LTD LC Betropolis,-10.0,GBP,DEBIT,PURCHASE,,,45.1,GBP,,DEB,,
da107a1fc110db5f8ca10c52bc674f77,2021-02-06T00:00:00Z,TESCO MOBILE LTD,-28.25,GBP,DEBIT,PURCHASE,,,164.22,GBP,,DEB,,
51f2ea094a9e440c25d9940919295502,2021-02-06T00:00:00Z,WORKING TAX CREDIT,22.42,GBP,CREDIT,CREDIT,,,186.64,GBP,,BGC,,
953c4c4629029444821aadaf55aedd53,2021-02-06T00:00:00Z,W M MORRISONS PLC,-12.89,GBP,DEBIT,PURCHASE,,,173.75,GBP,,DEB,,
6821422595500de899611ccc542f267b,2021-02-06T00:00:00Z,TESCO MOBILE LTD,-50.0,GBP,DEBIT,PURCHASE,,,123.75,GBP,,DEB,,
c9b653984607fecede2083aba883ed4b,2021-02-06T00:00:00Z,HOME BARGAINS FLEE,-9.71,GBP,DEBIT,PURCHASE,,,114.04,GBP,,DEB,,
f687e1df551c170ca9f5afb1e7ca1afe,2021-02-06T00:00:00Z,CHILD TAX CREDIT,346.35,GBP,CREDIT,CREDIT,,,460.39,GBP,,BGC,,
1738e5e70014395ded3a152c0f2b8c16,2021-02-06T00:00:00Z,MR JOHN SMITH,137.6,GBP,CREDIT,CREDIT,,,597.99,GBP,,BGC,,
babf8ff8483543d53daaca944b4d1b43,2021-02-06T00:00:00Z,MS JANE DOE,61.89,GBP,CREDIT,TRANSFER,,,659.88,GBP,,TFR,,
f79624e7d43c64d879d1b65d4e27349d,2021-02-06T00:00:00Z,SAVE THE CHANGE,-0.01,GBP,DEBIT,BILL_PAYMENT,,,659.87,GBP,,BP,,
b0220f2ae70db0abc622e05f077250c3,2021-02-06T00:00:00Z,AMAZON PRIME,-5.0,GBP,DEBIT,PURCHASE,,,654.87,GBP,,DEB,,
d0a5e22bc088f74629bbae968bd19e18,2021-02-05T00:00:00Z,LNK ATM WITHDRAWAL,-60.0,GBP,DEBIT,ATM,,,594.87,GBP,,CPT,,
0c1975fb174ddd4b320c860afeab4a48,2021-02-05T00:00:00Z,SAVE THE CHANGE,-1.89,GBP,DEBIT,BILL_PAYMENT,,,592.98,GBP,,BP,,
570f0f61f78de7a2af7ca6a633b330a0,2021-02-05T00:00:00Z,THE INSURANCE EMPO,-5.79,GBP,DEBIT,DIRECT_DEBIT,,,587.19,GBP,,DD,,
2846a7bde7004b82f0ffe5a5f78ef9c5,2021-02-05T00:00:00Z,AMAZON PRIME,-7.99,GBP,DEBIT,PURCHASE,,,579.2,GBP,,DEB,,
4ce11482a4ce270a09643258671ff4b7,2021-02-05T00:00:00Z,VANQUIS BANK,-23.15,GBP,DEBIT,PURCHASE,,,556.05,GBP,,DEB,,
f048465a8fdb1a2f8fa3feab4e78d4f7,2021-02-05T00:00:00Z,AA INSURANCE,-12.73,GBP,DEBIT,DIRECT_DEBIT,,,543.32,GBP,,DD,,
835078b43464ec7aa0dc147642909a31,2021-02-05T00:00:00Z,WWW.TAILS.COM,-6.37,GBP,DEBIT,PURCHASE,,,536.95,GBP,,DEB,,
2f68537d4c65f6680d80268bc09ffa96,2021-02-05T00:00:00Z,ANNATAR,-20.0,GBP,DEBIT,PURCHASE,,,516.95,GBP,,DEB,,
25dd4fbf5813f953a89949ce19bd45cf,2021-02-04T00:00:00Z,ANNATAR LIMITED,10.0,GBP,CREDIT,PURCHASE,,,526.95,GBP,,DEB,,
58c890654c5b3faac5ef8a67d98aa8a3,2021-02-04T00:00:00Z,ANYVAN LTD,70.0,GBP,CREDIT,CREDIT,,,596.95,GBP,,FPI,,
82d2829cbdc60831e3fc383d55c61e5d,2021-02-04T00:00:00Z,ANYVAN LTD,59.17,GBP,CREDIT,CREDIT,,,656.12,GBP,,FPI,,
e8bf69e83c2682ff561b68d00719df99,2021-02-04T00:00:00Z,LNK ATM LONDON,-20.0,GBP,DEBIT,ATM,,,636.12,GBP,,CPT,,
ecbe642483575c323cdbadbc35ec2b22,2021-02-04T00:00:00Z,LAPTOP DIRECT LTD.,-5.0,GBP,DEBIT,PURCHASE,,,631.12,GBP,,DEB,,
2081448810a8f302b60a1d666a3deca6,2021-02-04T00:00:00Z,ANIMAL FRIENDS LTD,-3.07,GBP,DEBIT,DIRECT_DEBIT,,,628.05,GBP,,DD,,
6e5bf209d0a782d2e59c3191f9c984fd,2021-02-04T00:00:00Z,LNK ATM WITHDRAWAL,-100.0,GBP,DEBIT,ATM,,,528.05,GBP,,CPT,,
0cd9dea391b058e6171ff81e7fbcc233,2021-02-04T00:00:00Z,MR JOHN SMITH,100.0,GBP,CREDIT,TRANSFER,,,628.05,GBP,,TFR,,
bb7eb86f1e977ca244f0bd0f7d43c8d6,2021-02-04T00:00:00Z,INTUIT LIMITED,-3.59,GBP,DEBIT,DIRECT_DEBIT,,,624.46,GBP,,DD,,
d7dbf138b9e267e1ff8a74813e6ab445,2021-02-04T00:00:00Z,PAYPAL EBAY,25.0,GBP,CREDIT,PURCHASE,,,649.46,GBP,,DEB,,
68654c8a5a3246557529c46170b05095,2021-02-04T00:00:00Z,RENT,-130.0,GBP,DEBIT,BILL_PAYMENT,,,519.46,GBP,,BP,,
1274c1486f13a7e6833f97b3b3d9f4f1,2021-02-03T00:00:00Z,MS JANE DOE,0.89,GBP,CREDIT,TRANSFER,,,520.35,GBP,,TFR,,
b180dfbdf186354f446b585d9df5dc8e,2021-02-03T00:00:00Z,SAVE THE CHANGE,-0.41,GBP,DEBIT,BILL_PAYMENT,,,519.94,GBP,,BP,,
fc2fec6d15b798c5976aa1b857e13f96,2021-02-03T00:00:00Z,MS JANE DOE,130.0,GBP,CREDIT,TRANSFER,,,649.94,GBP,,TFR,,
7b3d16f2f3133593113ea2a1578f3e0e,2021-02-03T00:00:00Z,MR JOHN SMITH,7.0,GBP,CREDIT,TRANSFER,,,656.94,GBP,,TFR,,
cdb61174bd4dc2d8ac161a09f0147815,2021-02-03T00:00:00Z,AA MEMBERSHIP,-23.11,GBP,DEBIT,DIRECT_DEBIT,,,633.83,GBP,,DD,,
7fc37de3851e6d6ddbb276b3ad57a9cf,2021-02-03T00:00:00Z,VIRGIN GAMES,35.49,GBP,CREDIT,PURCHASE,,,669.32,GBP,,DEB,,
20439a545516b28910bf6597c2350cc5,2021-02-03T00:00:00Z,SAVE THE CHANGE,-0.01,GBP,DEBIT,BILL_PAYMENT,,,669.31,GBP,,BP,,
97f9a78e0a50fca7d95fec310aa997d4,2021-02-03T00:00:00Z,GOOGLE PLAY STORE,-2.99,GBP,DEBIT,PURCHASE,,,666.32,GBP,,DEB,,
4eb69714d11d3d6be6fc67e2923b6142,2021-02-03T00:00:00Z,TESCO EXTRA,-30.0,GBP,DEBIT,PURCHASE,,,636.32,GBP,,DEB,,
de513c671b40d2b1e2acac8134ade91d,2021-02-03T00:00:00Z,RETURNED DIRECT DEBIT,40.0,GBP,CREDIT,CREDIT,,,676.32,GBP,,DEP,,
c7bc217641f5bb3007a075c824d1c370,2021-02-03T00:00:00Z,LNK ATM LONDON,-40.0,GBP,DEBIT,ATM,,,636.32,GBP,,CPT,,
0659a8280e5f972936ca63a5eb9d428f,2021-02-03T00:00:00Z,WWW.ASDA.COM,-5.0,GBP,DEBIT,PURCHASE,,,631.32,GBP,,DEB,,
c86cb0f68bf8361c31cd1859cc4d59e6,2021-02-02T00:00:00Z,MR JOHN SMITH,30.0,GBP,CREDIT,TRANSFER,,,661.32,GBP,,TFR,,
94dc071598c133983aede87478fe19ae,2021-02-02T00:00:00Z,LNK ATM LONDON,-30.0,GBP,DEBIT,ATM,,,631.32,GBP,,CPT,,
eb2d1336d2a0932e534a4ca973e78094,2021-02-02T00:00:00Z,MR JOHN SMITH,10.0,GBP,CREDIT,TRANSFER,,,641.32,GBP,,TFR,,
f4067e425e6080e2f0cd5e301e167e48,2021-02-02T00:00:00Z,SAVE THE CHANGE,-0.59,GBP,DEBIT,BILL_PAYMENT,,,640.73,GBP,,BP,,
6f8bf88e53858d3ef6ad4fcf2e9469f1,2021-02-01T00:00:00Z,TALKTALK TELECOM,-46.82,GBP,DEBIT,PURCHASE,,,593.91,GBP,,DEB,,
4a397b00e193028b34d4e0718fe96e3c,2021-02-01T00:00:00Z,ACCOUNT OVERDRAFT FEE,-0.01,GBP,DEBIT,BILL_PAYMENT,,,593.9,GBP,,BP,,
38086d8fba99e895e21b03d2de305137,2021-02-01T00:00:00Z,MR JOHN SMITH,-227.0,GBP,DEBIT,TRANSFER,,,366.9,GBP,,TFR,,
a87a5636da70a2d2faa7435608d7882f,2021-02-01T00:00:00Z,TESCO,-39.99,GBP,DEBIT,PURCHASE,,,326.91,GBP,,DEB,,
2f30a66700a88e421d1be5771e1a7de6,2021-02-01T00:00:00Z,REVOLUT,-0.01,GBP,DEBIT,PURCHASE,,,326.9,GBP,,DEB,,
2b4cd8d29d5babb866f80770b808b381,2021-02-01T00:00:00Z,CENTRA,-0.01,GBP,DEBIT,PURCHASE,,,326.89,GBP,,DEB,,
8370317ee81b873718a9a6ca7002db5e,2021-02-01T00:00:00Z,DUNNES STORES,-0.01,GBP,DEBIT,PURCHASE,,,326.88,GBP,,DEB,,
d7241d8c6edbbf8baf4460c8a1275136,2021-02-01T00:00:00Z,SPAR,-0.01,GBP,DEBIT,PURCHASE,,,326.87,GBP,,DEB,,
329cc1918883a022fe581d2dbac7f16a,2021-02-01T00:00:00Z,SPAR,-0.01,GBP,DEBIT,PURCHASE,,,326.86,GBP,,DEB,,
8c04989fcbc5e992ebf8b1932c55a41e,2021-02-01T00:00:00Z,SUPERVALUE,-0.01,GBP,DEBIT,PURCHASE,,,326.85,GBP,,DEB,,
1fbc68dd788693ced123ddbd5d95852c,2021-02-01T00:00:00Z,LIDL,-0.01,GBP,DEBIT,PURCHASE,,,326.84,GBP,,DEB,,
27f6ec62376d3d09c12be48b8cbab7bb,2021-02-01T00:00:00Z,APLLEGREEN,-0.01,GBP,DEBIT,PURCHASE,,,326.83,GBP,,DEB,,
a5acd0da45b11f4ac455b69e73d89e32,2021-02-01T00:00:00Z,MCDONALD'S,-0.01,GBP,DEBIT,PURCHASE,,,326.82,GBP,,DEB,,
ed3b8d7997c34dc8720a67ffb25d5e6b,2021-02-01T00:00:00Z,HARVEY NORMAN,-0.01,GBP,DEBIT,PURCHASE,,,326.81,GBP,,DEB,,
8b42aaeb088db3af25e7c2f648b56bdb,2021-02-01T00:00:00Z,ULSTER BANK,-0.01,GBP,DEBIT,PURCHASE,,,326.8,GBP,,DEB,,
4c634c1f593ffe135deb85b37ee3d2f6,2021-02-01T00:00:00Z,CIRCLE K,-0.01,GBP,DEBIT,PURCHASE,,,326.79,GBP,,DEB,,
424876b8df883f477ba13ebd11f7ea8c,2021-02-01T00:00:00Z,BET365,-0.01,GBP,DEBIT,PURCHASE,,,326.78,GBP,,DEB,,
6312c06d481a2799359dcfeb0132d418,2021-02-01T00:00:00Z,ACCOUNT OVERDRAFT FEE,-0.01,GBP,DEBIT,BILL_PAYMENT,,,326.77,GBP,,BP,,
493da43327645c53c5f49c61830c249e,2021-02-01T00:00:00Z,Sainsbury's,-23.99,GBP,DEBIT,PURCHASE,,,302.78,GBP,,DEB,,
65ddedc450825f3ccb533ecccbf0b4b4,2021-02-01T00:00:00Z,MR JOHN SMITH,-20.91,GBP,DEBIT,TRANSFER,,,282.78,GBP,,TFR,,
443d82d614aa40dac5df7f3cbfc3bd09,2021-02-01T00:00:00Z,NUDE FINANCE,-10.0,GBP,DEBIT,PURCHASE,,,272.78,GBP,,DEB,,
bcba2b631fa23452c59691d91671a86d,2021-02-01T00:00:00Z,E.ON NEXT,-10.0,GBP,DEBIT,PURCHASE,,,262.78,GBP,,DEB,,
06ec5dd6966b0866f14e5b3e1df1427e,2021-02-01T00:00:00Z,L&G INSURANCE,-10.0,GBP,DEBIT,PURCHASE,,,252.78,GBP,,DEB,,
955e4c30ae664694f55828df4f554ea8,2021-02-01T00:00:00Z,HALIFAX,-10.0,GBP,DEBIT,PURCHASE,,,242.78,GBP,,DEB,,
70f32c67e2b78f927ab4aec8cb592864,2021-02-01T00:00:00Z,OVO ENERGY,-10.0,GBP,DEBIT,PURCHASE,,,232.78,GBP,,DEB,,
f931ce0e08944fe5dbcf72ecc60d390f,2021-01-28T00:00:00Z,TSB CLEVELEYS,420.0,GBP,CREDIT,CASH,,,-640.42,GBP,,CSH,,
a50cbc2467b03897d9df96fc4bb38074,2021-01-28T00:00:00Z,AMAZON INT'L,-36.59,GBP,DEBIT,PURCHASE,,,-677.01,GBP,,DEB,,
68fe4d1f884bb64446df94347c358f40,2021-01-28T00:00:00Z,RETURNED DD,40.0,GBP,CREDIT,CREDIT,,,-637.01,GBP,,DEP,,
78a8bbf46c113bebc5c44052233f944f,2021-01-28T00:00:00Z,MR JOHN SMITH,-32.72,GBP,DEBIT,TRANSFER,,,-669.73,GBP,,TFR,,
22545ed97a48e1d48e52a38ba46d9b42,2021-01-28T00:00:00Z,WORKING TAX CREDIT,22.42,GBP,CREDIT,CREDIT,,,-647.31,GBP,,BGC,,
83ce1a738d840f8f4b147d18fa2559c8,2021-01-27T00:00:00Z,MS JANE DOE,-7.93,GBP,DEBIT,TRANSFER,,,-655.24,GBP,,TFR,,
aeddd583cbdf41cd6d2cbc759dee77f3,2021-01-27T00:00:00Z,CIRCLE UK TRADING REFUND,50.59,GBP,CREDIT,CREDIT,,,-604.65,GBP,,DEP,,
99bea26581c94f4ff68c6d842150fb3c,2021-01-27T00:00:00Z,MS JANE DOE,15.86,GBP,CREDIT,TRANSFER,,,-588.79,GBP,,TFR,,
f45ec442bb33836675cd5be8134c3a76,2021-01-27T00:00:00Z,DVLA LICENSE,-20.56,GBP,DEBIT,DIRECT_DEBIT,,,-609.35,GBP,,DD,,
4e74f9cae3cf99852c9bf7229be41c11,2021-01-27T00:00:00Z,E&L INSURANCE,-2.99,GBP,DEBIT,DIRECT_DEBIT,,,-612.34,GBP,,DD,,
e3a587286f9fcb099326bcda774b5bb8,2021-01-27T00:00:00Z,TESCO ONLINE SHOPPING,-23.62,GBP,DEBIT,DIRECT_DEBIT,,,-635.96,GBP,,DD,,
9e6c26192b5d1cdb3e9c9203bd7e27b7,2021-01-27T00:00:00Z,PAYPAL EBAY,-7.56,GBP,DEBIT,PURCHASE,,,-643.52,GBP,,DEB,,
6896e70267551a36e7459ffdf92f0f4e,2021-01-25T00:00:00Z,CASHBACK,70.0,GBP,CREDIT,CASH,,,-573.52,GBP,,CSH,,
c3487d1f2c8af289f1ad0e2aee02abe7,2021-01-25T00:00:00Z,MENS HEALTH SUBSCRIPTION,-24.5,GBP,DEBIT,DIRECT_DEBIT,,,-598.02,GBP,,DD,,
a8f9e75cf827c3fc6059887e66fccef6,2021-01-25T00:00:00Z,OUTGOING DD,-10.0,GBP,DEBIT,DIRECT_DEBIT,,,-608.02,GBP,,DD,,
6ff19232744294e425feddd40de54cbd,2021-01-25T00:00:00Z,SAVE THE CHANGE,-0.41,GBP,DEBIT,BILL_PAYMENT,,,-608.43,GBP,,BP,,
c086accf77709b3fa06a334d94360a29,2021-01-25T00:00:00Z,AMAZON PLC,-36.59,GBP,DEBIT,PURCHASE,,,-645.02,GBP,,DEB,,
e85c37f0b28fceee0aeb6c74554ad833,2021-01-25T00:00:00Z,SAVE THE CHANGE,-0.5,GBP,DEBIT,BILL_PAYMENT,,,-645.52,GBP,,BP,,
23c69214fddacfae5a2450ee33a5d5c6,2021-01-25T00:00:00Z,WWW.BINGO.COM,-10.5,GBP,DEBIT,PURCHASE,,,-656.02,GBP,,DEB,,
365a49bdda5a4333f1031710263284ea,2021-01-23T00:00:00Z,MORSES CLUB LTD,-30.0,GBP,DEBIT,PURCHASE,,,-626.02,GBP,,DEB,,
b5ecb4a4cf358b01f03050abf87f842f,2021-01-23T00:00:00Z,ANYVAN LTD,32.5,GBP,CREDIT,CREDIT,,,-593.52,GBP,,FPI,,
3f826361dd0205e7f12e519a45648460,2021-01-23T00:00:00Z,LNK ATM WITHDRAWAL,-100.0,GBP,DEBIT,ATM,,,-693.52,GBP,,CPT,,
3683eb5286d49b42227f2602a7bd88e6,2021-01-23T00:00:00Z,SAVE THE CHANGE,-1.57,GBP,DEBIT,BILL_PAYMENT,,,-695.09,GBP,,BP,,
5e0829d51becc32c132f551aa41e5bb6,2021-01-23T00:00:00Z,WWW.METROBANK.COM,-20.0,GBP,DEBIT,PURCHASE,,,-715.09,GBP,,DEB,,
fafd52ad35142af3ad52c64b55a9f05a,2021-01-22T00:00:00Z,AMAZON INT'L,-5.0,GBP,DEBIT,PURCHASE,,,-720.09,GBP,,DEB,,
38f8723edd1d532c6379cd0a9f651e58,2021-01-22T00:00:00Z,SAVE THE CHANGE,-0.01,GBP,DEBIT,BILL_PAYMENT,,,-720.1,GBP,,BP,,
c2659150a1e3b75f276b35644598f02a,2021-01-22T00:00:00Z,TESCO MOBILE LTD,-39.25,GBP,DEBIT,PURCHASE,,,-759.35,GBP,,DEB,,
1560f6b6cc6d24fc6b7990cc31b11263,2021-01-22T00:00:00Z,PAYPAL WWW.EBAY.COM,-36.59,GBP,DEBIT,PURCHASE,,,-795.94,GBP,,DEB,,
fdcf1449ce8ad1cf309942fc931da11d,2021-01-22T00:00:00Z,OAKAM LIMITED,-36.59,GBP,DEBIT,PURCHASE,,,-832.53,GBP,,DEB,,
4859074620325a3ee63bcdbbf19083e5,2021-01-20T00:00:00Z,REGENDA REDWING,-150.0,GBP,DEBIT,PURCHASE,,,-982.53,GBP,,DEB,,
4d1dcf7fea2da32650fb0a4e30285a4a,2021-01-20T00:00:00Z,WORKING TAX CREDIT,22.42,GBP,CREDIT,CREDIT,,,-960.11,GBP,,BGC,,
9d278a3f8da9acd7a4e5b16dbf554c7b,2021-01-20T00:00:00Z,PARKRETAIL.CO.UK,-550.0,GBP,DEBIT,PURCHASE,,,-1510.11,GBP,,DEB,,
2cd2973b67c4e728e93f81354ac3f565,2021-01-20T00:00:00Z,CHILD TAX CREDIT,345.13,GBP,CREDIT,CREDIT,,,-1164.98,GBP,,BGC,,
6f11bdc79a6eb4fc2681900d303ca198,2021-01-19T00:00:00Z,AMAZON PRIME,-7.99,GBP,DEBIT,PURCHASE,,,-1172.97,GBP,,DEB,,
096461a4642495322a9ffdf21d83c477,2021-01-19T00:00:00Z,CLEVELEYS.COM,1450.42,GBP,CREDIT,CREDIT,,,277.45,GBP,,DEP,,
356ad99bd8b0924db4f16d2e2531ae36,2021-01-18T00:00:00Z,CIRCLE UK TRADING,82.21,GBP,CREDIT,CREDIT,,,359.66,GBP,,FPI,,
60f79b4a7ccfe157404d54cf5c65639f,2021-01-17T00:00:00Z,MR JOHN SMITH,137.6,GBP,CREDIT,CREDIT,,,497.26,GBP,,BGC,,
6b90c3bf34d7c9259132651918d6bba4,2021-01-17T00:00:00Z,AA INSURANCE,-12.73,GBP,DEBIT,DIRECT_DEBIT,,,484.53,GBP,,DD,,
6308e07d1c7075ce83d9ee4b2aa093af,2021-01-17T00:00:00Z,AXA WEALTH LTD,-40.0,GBP,DEBIT,DIRECT_DEBIT,,,444.53,GBP,,DD,,
3092d4d9166d50610a95352a4f5872e1,2021-01-17T00:00:00Z,MORRISONS PETROL,-20.0,GBP,DEBIT,PURCHASE,,,424.53,GBP,,DEB,,
742ab023a3831df9804842f78b6b7c36,2021-01-17T00:00:00Z,SAVE THE CHANGE,-0.63,GBP,DEBIT,BILL_PAYMENT,,,423.9,GBP,,BP,,
9a0b2dd59f7df6ba75aea4957039fd29,2021-01-17T00:00:00Z,TAILSCOM,-6.37,GBP,DEBIT,PURCHASE,,,417.53,GBP,,DEB,,
c1806f0bfc3bef7b6ff091a766448fa7,2021-01-15T00:00:00Z,ASDA STOES LTD,-32.0,GBP,DEBIT,PURCHASE,,,385.53,GBP,,DEB,,
5e5898178f50ff3ea3e6e953819ed1ce,2021-01-15T00:00:00Z,SAVE THE CHANGE,-0.55,GBP,DEBIT,BILL_PAYMENT,,,384.98,GBP,,BP,,
703311030516acfd1816ee4b72bad71a,2021-01-15T00:00:00Z,AMAZON BLACK FRIDAY,-15.45,GBP,DEBIT,PURCHASE,,,369.53,GBP,,DEB,,
390a1a8ec165c43721abb9a20daf5f49,2021-01-15T00:00:00Z,SAVE THE CHANGE,-0.5,GBP,DEBIT,BILL_PAYMENT,,,369.03,GBP,,BP,,
a788ed5fd74422132df4a2a95045c6c8,2021-01-15T00:00:00Z,TESCO EXTRA,-3.59,GBP,DEBIT,PURCHASE,,,365.44,GBP,,DEB,,
c00feb71146c799e2e1cdbcac5f049e5,2021-01-15T00:00:00Z,PAYPAL EBAY,-10.0,GBP,DEBIT,PURCHASE,,,355.44,GBP,,DEB,,
a1b14a0a77039eafd83a61727b559100,2021-01-14T00:00:00Z,PAYPAL BETFRED,-2.0,GBP,DEBIT,PURCHASE,,,353.44,GBP,,DEB,,
c18d8375fd61fb8877e9273e0f216340,2021-01-14T00:00:00Z,MT SECURETRADE LIM,-20.5,GBP,DEBIT,PURCHASE,,,332.94,GBP,,DEB,,
b8ddb7b46c31388adca1cd5ba37b99fd,2021-01-14T00:00:00Z,MT SECURETRADE LIM,43.5,GBP,CREDIT,PURCHASE,,,376.44,GBP,,DEB,,
1b8b4a3de2efe95a834a45c44ae258af,2021-01-12T00:00:00Z,SAVE THE CHANGE,-0.41,GBP,DEBIT,BILL_PAYMENT,,,376.03,GBP,,BP,,
c2dcb5ec76b5e61382400b137aa179b2,2021-01-12T00:00:00Z,AA MEMBERSHIP,-23.11,GBP,DEBIT,DIRECT_DEBIT,,,352.92,GBP,,DD,,
c6edb20fda2835410fd20518ab9cd927,2021-01-11T00:00:00Z,CIRCLE UK TRADING,50.0,GBP,CREDIT,CREDIT,,,402.92,GBP,,FPI,,
1fffdcbb61af1773a94b5f0f46a655ae,2021-01-11T00:00:00Z,MS JANE DOE,50.0,GBP,CREDIT,TRANSFER,,,452.92,GBP,,TFR,,
1b3d2beba96e4f6c4251462e9f083fbb,2021-01-11T00:00:00Z,WORKING TAX CREDIT,22.42,GBP,CREDIT,CREDIT,,,475.34,GBP,,BGC,,
1d7334bd9c5baca9d0826d52b8d78b99,2021-01-11T00:00:00Z,BUTLINS HOLIDAYS,-17.0,GBP,DEBIT,PURCHASE,,,458.34,GBP,,DEB,,
d58032c6475307d8957bda707467ebc1,2021-01-10T00:00:00Z,AXA WEALTH LTD,-40.0,GBP,DEBIT,DIRECT_DEBIT,,,418.34,GBP,,DD,,
f03cf326206a0be7f32f9a8e1c252f4e,2021-01-10T00:00:00Z,ASDA STORES LTD,-5.0,GBP,DEBIT,PURCHASE,,,413.34,GBP,,DEB,,
820fe73f451fb116df05243c43429c0d,2021-01-10T00:00:00Z,RETURNED DD,40.0,GBP,CREDIT,CREDIT,,,453.34,GBP,,DEP,,
6f672bbf88e4236ad81b47c915405244,2021-01-10T00:00:00Z,CIRCLE UK TRADING,50.36,GBP,CREDIT,CREDIT,,,503.7,GBP,,FPI,,
dd9c19de842850149f763b5a5c6d7884,2021-01-10T00:00:00Z,OUTGOING DD,-30.0,GBP,DEBIT,DIRECT_DEBIT,,,473.7,GBP,,DD,,
1c26e7478ba93d4896bc50f2ed35d1f9,2021-01-10T00:00:00Z,EDF ENERGY,-24.5,GBP,DEBIT,BILL_PAYMENT,,,449.2,GBP,,BP,,
3ae1a014d6e8953a8f4bfd06af44574b,2021-01-09T00:00:00Z,DVLA LICENCE,-23.62,GBP,DEBIT,DIRECT_DEBIT,,,425.58,GBP,,DD,,
b65fa51788954c40ffe49d1fe3d45cd5,2021-01-09T00:00:00Z,DVLA TAX,-20.56,GBP,DEBIT,DIRECT_DEBIT,,,405.02,GBP,,DD,,
d43f224b7ad339e04a768b191d3a9b58,2021-01-09T00:00:00Z,SAVE THE CHANGE,-0.41,GBP,DEBIT,BILL_PAYMENT,,,404.61,GBP,,BP,,
09dbb709c403b75b5b022e8e343f3e31,2021-01-09T00:00:00Z,MS JANE DOE,70.0,GBP,CREDIT,TRANSFER,,,474.61,GBP,,TFR,,
8f2b97f90eb7d8ff6621023f0bc8a117,2021-01-08T00:00:00Z,SAVE THE CHANGE,-0.01,GBP,DEBIT,BILL_PAYMENT,,,474.6,GBP,,BP,,
1895e9e7b65617e2f5f1884f53877473,2021-01-08T00:00:00Z,WORKING TAX CREDIT,22.42,GBP,CREDIT,CREDIT,,,497.02,GBP,,BGC,,
e38ce14176d5c7cc7e53ecb81bf1197d,2021-01-08T00:00:00Z,CREDITREPORTSERVIC,-14.99,GBP,DEBIT,PURCHASE,,,482.03,GBP,,DEB,,
5659a466974dd63c9df25bfa9ae1fe17,2021-01-08T00:00:00Z,REGENDA REDWING RE,-100.0,GBP,DEBIT,PURCHASE,,,382.03,GBP,,DEB,,
8a74349e93080d19f8a9c63fc5145319,2021-01-08T00:00:00Z,BROADWAY GAMING LT CD 0315,-10.0,GBP,DEBIT,PURCHASE,,,372.03,GBP,,DEB,,
8956f04b3d3f770d094e23860f4e858d,2021-01-08T00:00:00Z,SAVE THE CHANGE,-0.69,GBP,DEBIT,BILL_PAYMENT,,,371.34,GBP,,BP,,
a2f92229c299e3ac596c393119db84b7,2021-01-08T00:00:00Z,SAVE THE CHANGE,-1.04,GBP,DEBIT,BILL_PAYMENT,,,370.3,GBP,,BP,,
52e04095343c2cd5178594a42afccec8,2021-01-08T00:00:00Z,BOOKER LIMITED BLA,-24.31,GBP,DEBIT,PURCHASE,,,345.99,GBP,,DEB,,
a58646a2b20e2bfbd570ac9e6d92c4de,2021-01-07T00:00:00Z,EE & T-MOBILE,-82.37,GBP,DEBIT,PURCHASE,,,263.62,GBP,,DEB,,
364099b942cea3c6118dbd8a9cb586e5,2021-01-07T00:00:00Z,SAVE THE CHANGE,-1.15,GBP,DEBIT,BILL_PAYMENT,,,262.47,GBP,,BP,,
2d85b0e3ef6221426cc49b1c50c88052,2021-01-07T00:00:00Z,MS JANE DOE,-70.0,GBP,DEBIT,TRANSFER,,,192.47,GBP,,TFR,,
45bc44b2845f64e229e4d5ca2387914a,2021-01-07T00:00:00Z,18db38 Betropolis LTD LC Betropolis,-10.0,GBP,DEBIT,PURCHASE,,,45.1,GBP,,DEB,,
a577789047388ae07ef1cf718d01296c,2021-01-06T00:00:00Z,TESCO MOBILE LTD,-28.25,GBP,DEBIT,PURCHASE,,,164.22,GBP,,DEB,,
f6e0444a34c7a46b1e2066f3e4c99828,2021-01-06T00:00:00Z,WORKING TAX CREDIT,22.42,GBP,CREDIT,CREDIT,,,186.64,GBP,,BGC,,
1c3c083c1e9dffc10e5d424bea734dd7,2021-01-06T00:00:00Z,W M MORRISONS PLC,-12.89,GBP,DEBIT,PURCHASE,,,173.75,GBP,,DEB,,
717a9743dbbde1d4e0423baa4c4720e8,2021-01-06T00:00:00Z,TESCO MOBILE LTD,-50.0,GBP,DEBIT,PURCHASE,,,123.75,GBP,,DEB,,
bdeed571d7d37a2690f0ae09c81a0180,2021-01-06T00:00:00Z,HOME BARGAINS FLEE,-9.71,GBP,DEBIT,PURCHASE,,,114.04,GBP,,DEB,,
5b123acb407ceb3bba46f970e0f173ab,2021-01-06T00:00:00Z,CHILD TAX CREDIT,346.35,GBP,CREDIT,CREDIT,,,460.39,GBP,,BGC,,
574f839ddd53e96057010b3470d7dbd4,2021-01-06T00:00:00Z,MR JOHN SMITH,137.6,GBP,CREDIT,CREDIT,,,597.99,GBP,,BGC,,
28d6e180e772da4ee6d59345ad69780b,2021-01-06T00:00:00Z,MS JANE DOE,61.89,GBP,CREDIT,TRANSFER,,,659.88,GBP,,TFR,,
37d03eb00edbd7376fd84ce84048d6a4,2021-01-06T00:00:00Z,SAVE THE CHANGE,-0.01,GBP,DEBIT,BILL_PAYMENT,,,659.87,GBP,,BP,,
7b9cac130a549cc7642a32efb53236af,2021-01-06T00:00:00Z,AMAZON PRIME,-5.0,GBP,DEBIT,PURCHASE,,,654.87,GBP,,DEB,,
60549dbe93d485a86be1ae5cc6949830,2021-01-05T00:00:00Z,LNK ATM WITHDRAWAL,-60.0,GBP,DEBIT,ATM,,,594.87,GBP,,CPT,,
422eb7eec685a55c87c36243c597de80,2021-01-05T00:00:00Z,SAVE THE CHANGE,-1.89,GBP,DEBIT,BILL_PAYMENT,,,592.98,GBP,,BP,,
387cfed3536038dcc27f4b12e88018d7,2021-01-05T00:00:00Z,THE INSURANCE EMPO,-5.79,GBP,DEBIT,DIRECT_DEBIT,,,587.19,GBP,,DD,,
a1440ec852838e2fdefb9344e7ef294c,2021-01-05T00:00:00Z,AMAZON PRIME,-7.99,GBP,DEBIT,PURCHASE,,,579.2,GBP,,DEB,,
f1703d8e9f2204eb361bd7d71612f52d,2021-01-05T00:00:00Z,VANQUIS BANK,-23.15,GBP,DEBIT,PURCHASE,,,556.05,GBP,,DEB,,
0fd41539b424855da6d5db8fc15982da,2021-01-05T00:00:00Z,AA INSURANCE,-12.73,GBP,DEBIT,DIRECT_DEBIT,,,543.32,GBP,,DD,,
42f1e22021a32b2017fc43709a0221af,2021-01-05T00:00:00Z,WWW.TAILS.COM,-6.37,GBP,DEBIT,PURCHASE,,,536.95,GBP,,DEB,,
554a0b1ba39d3593ad2d4b7ae336544c,2021-01-05T00:00:00Z,ANNATAR,-20.0,GBP,DEBIT,PURCHASE,,,516.95,GBP,,DEB,,
fabcccfbcc7018b442e27f5bc9163c6b,2021-01-04T00:00:00Z,ANNATAR LIMITED,10.0,GBP,CREDIT,PURCHASE,,,526.95,GBP,,DEB,,
f911dbcd6c29cb764086a2d2711a76cb,2021-01-04T00:00:00Z,ANYVAN LTD,70.0,GBP,CREDIT,CREDIT,,,596.95,GBP,,FPI,,
4630c050905a77c3fbb2c056678e442d,2021-01-04T00:00:00Z,ANYVAN LTD,59.17,GBP,CREDIT,CREDIT,,,656.12,GBP,,FPI,,
836b1a97d4a3eb67572a85e46abc252f,2021-01-04T00:00:00Z,LNK ATM LONDON,-20.0,GBP,DEBIT,ATM,,,636.12,GBP,,CPT,,
a0e53f4648b5d05d2260a1e7770e7727,2021-01-04T00:00:00Z,LAPTOP DIRECT LTD.,-5.0,GBP,DEBIT,PURCHASE,,,631.12,GBP,,DEB,,
654bec7452248834aa61dcaa7881f201,2021-01-04T00:00:00Z,ANIMAL FRIENDS LTD,-3.07,GBP,DEBIT,DIRECT_DEBIT,,,628.05,GBP,,DD,,
30f475a5fbeb246c66f2ff64c0e32960,2021-01-04T00:00:00Z,LNK ATM WITHDRAWAL,-100.0,GBP,DEBIT,ATM,,,528.05,GBP,,CPT,,
c023a8aa80089c2e9672f2a834388b84,2021-01-04T00:00:00Z,MR JOHN SMITH,100.0,GBP,CREDIT,TRANSFER,,,628.05,GBP,,TFR,,
df6add833a3659966b34719e5ab1db4d,2021-01-04T00:00:00Z,INTUIT LIMITED,-3.59,GBP,DEBIT,DIRECT_DEBIT,,,624.46,GBP,,DD,,
33cff798880274fd0ebd8c1d8d7273be,2021-01-04T00:00:00Z,PAYPAL EBAY,25.0,GBP,CREDIT,PURCHASE,,,649.46,GBP,,DEB,,
bf8f0fd6885b3306425677bfe65008fc,2021-01-04T00:00:00Z,RENT,-130.0,GBP,DEBIT,BILL_PAYMENT,,,519.46,GBP,,BP,,
1e8927e00c024adea0962661093a0bbb,2021-01-03T00:00:00Z,MS JANE DOE,0.89,GBP,CREDIT,TRANSFER,,,520.35,GBP,,TFR,,
a69527e026532cf14cce9343de5417a3,2021-01-03T00:00:00Z,SAVE THE CHANGE,-0.41,GBP,DEBIT,BILL_PAYMENT,,,519.94,GBP,,BP,,
9b632fe30b756fb0a388ad14ce975223,2021-01-03T00:00:00Z,MS JANE DOE,130.0,GBP,CREDIT,TRANSFER,,,649.94,GBP,,TFR,,
f71807e53f53cf7032ccf24420e7fda6,2021-01-03T00:00:00Z,MR JOHN SMITH,7.0,GBP,CREDIT,TRANSFER,,,656.94,GBP,,TFR,,
fa98b48fd28bd835b957c1ff750f4cf8,2021-01-03T00:00:00Z,AA MEMBERSHIP,-23.11,GBP,DEBIT,DIRECT_DEBIT,,,633.83,GBP,,DD,,
0e80ee3dc971b1d99f0e0ff1426dcf97,2021-01-03T00:00:00Z,VIRGIN GAMES,35.49,GBP,CREDIT,PURCHASE,,,669.32,GBP,,DEB,,
6ce1941f1dfd707f779e66b610dc0ace,2021-01-03T00:00:00Z,SAVE THE CHANGE,-0.01,GBP,DEBIT,BILL_PAYMENT,,,669.31,GBP,,BP,,
72049aa2e83ef4a57d4dc586aa1e83ca,2021-01-03T00:00:00Z,GOOGLE PLAY STORE,-2.99,GBP,DEBIT,PURCHASE,,,666.32,GBP,,DEB,,
2d9b26fdbcef20880067c3ae98d9a207,2021-01-03T00:00:00Z,TESCO EXTRA,-30.0,GBP,DEBIT,PURCHASE,,,636.32,GBP,,DEB,,
3f50743c2667b3463aac59f926188c44,2021-01-03T00:00:00Z,RETURNED DIRECT DEBIT,40.0,GBP,CREDIT,CREDIT,,,676.32,GBP,,DEP,,
9aac0067689802d8b8b9f9c4e9c1f8d9,2021-01-03T00:00:00Z,LNK ATM LONDON,-40.0,GBP,DEBIT,ATM,,,636.32,GBP,,CPT,,
6e69182afca047b2787ea5ac83c7218e,2021-01-03T00:00:00Z,WWW.ASDA.COM,-5.0,GBP,DEBIT,PURCHASE,,,631.32,GBP,,DEB,,
b3611bb330e4c194711c1993724f253a,2021-01-02T00:00:00Z,MR JOHN SMITH,30.0,GBP,CREDIT,TRANSFER,,,661.32,GBP,,TFR,,
bdc98c490e9fc4523a5fe5e340f8e288,2021-01-02T00:00:00Z,LNK ATM LONDON,-30.0,GBP,DEBIT,ATM,,,631.32,GBP,,CPT,,
8305295af78a6402402b12fca04890c4,2021-01-02T00:00:00Z,MR JOHN SMITH,10.0,GBP,CREDIT,TRANSFER,,,641.32,GBP,,TFR,,
fbb07d280c3817a4094fb215bfeab349,2021-01-02T00:00:00Z,SAVE THE CHANGE,-0.59,GBP,DEBIT,BILL_PAYMENT,,,640.73,GBP,,BP,,
66d44746c4474509d72e072f620a01bc,2021-01-01T00:00:00Z,TALKTALK TELECOM,-46.82,GBP,DEBIT,PURCHASE,,,593.91,GBP,,DEB,,
99cac8fb69fbf8317e117de9b7d45182,2021-01-01T00:00:00Z,ACCOUNT OVERDRAFT FEE,-0.01,GBP,DEBIT,BILL_PAYMENT,,,593.9,GBP,,BP,,
c5c9be0ed6b07918a335ca757a30603c,2021-01-01T00:00:00Z,MR JOHN SMITH,-227.0,GBP,DEBIT,TRANSFER,,,366.9,GBP,,TFR,,
114ae17d7464a6d6db404de3174fc1fc,2021-01-01T00:00:00Z,TESCO,-39.99,GBP,DEBIT,PURCHASE,,,326.91,GBP,,DEB,,
4cdf8f06bd5591079d53e650eaf240da,2021-01-01T00:00:00Z,REVOLUT,-0.01,GBP,DEBIT,PURCHASE,,,326.9,GBP,,DEB,,
e7591f7daccebd400553b87071053512,2021-01-01T00:00:00Z,CENTRA,-0.01,GBP,DEBIT,PURCHASE,,,326.89,GBP,,DEB,,
db06807d952ae4f9b179badbe0c17788,2021-01-01T00:00:00Z,DUNNES STORES,-0.01,GBP,DEBIT,PURCHASE,,,326.88,GBP,,DEB,,
33c4d601bf837b35cfb3bbda6b7e70df,2021-01-01T00:00:00Z,SPAR,-0.01,GBP,DEBIT,PURCHASE,,,326.87,GBP,,DEB,,
ebb9dd8c75822c2584513e974192a4fe,2021-01-01T00:00:00Z,SPAR,-0.01,GBP,DEBIT,PURCHASE,,,326.86,GBP,,DEB,,
0e694c361f4d3c9734a7ca4d6fdb9ec7,2021-01-01T00:00:00Z,SUPERVALUE,-0.01,GBP,DEBIT,PURCHASE,,,326.85,GBP,,DEB,,
d912c703d26df8bc6757e89b4331a1a0,2021-01-01T00:00:00Z,LIDL,-0.01,GBP,DEBIT,PURCHASE,,,326.84,GBP,,DEB,,
37f2297a16ad8ddc514d8b3f419db9a5,2021-01-01T00:00:00Z,APLLEGREEN,-0.01,GBP,DEBIT,PURCHASE,,,326.83,GBP,,DEB,,
01e0fb1423955b5d1a1388c1471e593a,2021-01-01T00:00:00Z,MCDONALD'S,-0.01,GBP,DEBIT,PURCHASE,,,326.82,GBP,,DEB,,
690f6b2385b4018e74d6d27083963d4b,2021-01-01T00:00:00Z,HARVEY NORMAN,-0.01,GBP,DEBIT,PURCHASE,,,326.81,GBP,,DEB,,
6a83713be9c7959c92d8efaa261d1bd5,2021-01-01T00:00:00Z,ULSTER BANK,-0.01,GBP,DEBIT,PURCHASE,,,326.8,GBP,,DEB,,
921df25720c275efdfdd5b77b6220eab,2021-01-01T00:00:00Z,CIRCLE K,-0.01,GBP,DEBIT,PURCHASE,,,326.79,GBP,,DEB,,
97ef65bb111422d28a5794bde5ca3dfa,2021-01-01T00:00:00Z,BET365,-0.01,GBP,DEBIT,PURCHASE,,,326.78,GBP,,DEB,,
ff7c33da88bae873f24d448506fe3a1f,2021-01-01T00:00:00Z,ACCOUNT OVERDRAFT FEE,-0.01,GBP,DEBIT,BILL_PAYMENT,,,326.77,GBP,,BP,,
07bfb8610d7f170d4a8dcb2dde19806d,2021-01-01T00:00:00Z,Sainsbury's,-23.99,GBP,DEBIT,PURCHASE,,,302.78,GBP,,DEB,,
99d3096707dfcfa27264fac4ae3d4e5f,2021-01-01T00:00:00Z,MR JOHN SMITH,-20.91,GBP,DEBIT,TRANSFER,,,282.78,GBP,,TFR,,
e31d86aa443c195a062527076d6472ff,2021-01-01T00:00:00Z,NUDE FINANCE,-10.0,GBP,DEBIT,PURCHASE,,,272.78,GBP,,DEB,,
9c59d0b79dc89dde3f0a4b79d0376a9f,2021-01-01T00:00:00Z,E.ON NEXT,-10.0,GBP,DEBIT,PURCHASE,,,262.78,GBP,,DEB,,
7e80c7773e571496533e4054ebd429df,2021-01-01T00:00:00Z,L&G INSURANCE,-10.0,GBP,DEBIT,PURCHASE,,,252.78,GBP,,DEB,,
81d56c01328bb4dad3503dd1db185a47,2021-01-01T00:00:00Z,HALIFAX,-10.0,GBP,DEBIT,PURCHASE,,,242.78,GBP,,DEB,,
dfa8ee6e19524648183ffc743b92c758,2021-01-01T00:00:00Z,OVO ENERGY,-10.0,GBP,DEBIT,PURCHASE,,,232.78,GBP,,DEB,,
