transaction_id,timestamp,description,amount,currency,transaction_type,transaction_category,transaction_classification,merchant_name,running_balance_amount,running_balance_currency,meta_bank_transaction_id,meta_provider_category,meta_counterpart_sort_code,meta_counterpart_account_number
315630f1d9299f3b13c74d27b2a67638,2021-12-28T00:00:00Z,TSB CLEVELEYS,420.0,GBP,CREDIT,CASH,,,-640.42,GBP,,CSH,,
bab16e37ff420da4444bed9ac748eeb5,2021-12-28T00:00:00Z,AMAZON INT'L,-36.59,GBP,DEBIT,PURCHASE,,,-677.01,GBP,,DEB,,
3d35a0bd8759aec559b22546eba965b5,2021-12-28T00:00:00Z,RETURNED DD,40.0,GBP,CREDIT,CREDIT,,,-637.01,GBP,,DEP,,
8357dfdd381dadc00c6829c4e69577bd,2021-12-28T00:00:00Z,MR JOHN SMITH,-32.72,GBP,DEBIT,TRANSFER,,,-669.73,GBP,,TFR,,
d0b196351c91edf771432ae8e91e6242,2021-12-28T00:00:00Z,WORKING TAX CREDIT,22.42,GBP,CREDIT,CREDIT,,,-647.31,GBP,,BGC,,
a353f6e83a50dfb650768dbda8681e0d,2021-12-27T00:00:00Z,MS JANE DOE,-7.93,GBP,DEBIT,TRANSFER,,,-655.24,GBP,,TFR,,
5195313aa594e6604fd530d6d9b1f891,2021-12-27T00:00:00Z,CIRCLE UK TRADING REFUND,50.59,GBP,CREDIT,CREDIT,,,-604.65,GBP,,DEP,,
ded0c76b63d233bc96415415ad4e8392,2021-12-27T00:00:00Z,MS JANE DOE,15.86,GBP,CREDIT,TRANSFER,,,-588.79,GBP,,TFR,,
576de387072dae1deb533bed16ecd15f,2021-12-27T00:00:00Z,DVLA LICENSE,-20.56,GBP,DEBIT,DIRECT_DEBIT,,,-609.35,GBP,,DD,,
033f4cd0b57588aa88af6a89435f6afb,2021-12-27T00:00:00Z,E&L INSURANCE,-2.99,GBP,DEBIT,DIRECT_DEBIT,,,-612.34,GBP,,DD,,
3e35de32b711074058a6a8756695fd5a,2021-12-27T00:00:00Z,TESCO ONLINE SHOPPING,-23.62,GBP,DEBIT,DIRECT_DEBIT,,,-635.96,GBP,,DD,,
a88316318fe8bb1d4bdbf309c543734d,2021-12-27T00:00:00Z,PAYPAL EBAY,-7.56,GBP,DEBIT,PURCHASE,,,-643.52,GBP,,DEB,,
66f66607d61f56352dd8b3f89388dc0c,2021-12-25T00:00:00Z,CASHBACK,70.0,GBP,CREDIT,CASH,,,-573.52,GBP,,CSH,,
fea277e3f4b0181c1f6786a5282edf91,2021-12-25T00:00:00Z,MENS HEALTH SUBSCRIPTION,-24.5,GBP,DEBIT,DIRECT_DEBIT,,,-598.02,GBP,,DD,,
8c7e33d015ea7249f995d4d6a22c90aa,2021-12-25T00:00:00Z,OUTGOING DD,-10.0,GBP,DEBIT,DIRECT_DEBIT,,,-608.02,GBP,,DD,,
28799e1de70a9ed725f8ed7a04543e4b,2021-12-25T00:00:00Z,SAVE THE CHANGE,-0.41,GBP,DEBIT,BILL_PAYMENT,,,-608.43,GBP,,BP,,
aae8e60604dec7c269dff4e485012914,2021-12-25T00:00:00Z,AMAZON PLC,-36.59,GBP,DEBIT,PURCHASE,,,-645.02,GBP,,DEB,,
a632c1393caae4f0501cffd32d533067,2021-12-25T00:00:00Z,SAVE THE CHANGE,-0.5,GBP,DEBIT,BILL_PAYMENT,,,-645.52,GBP,,BP,,
a80198f7c7106669721542590bc1d7aa,2021-12-25T00:00:00Z,WWW.BINGO.COM,-10.5,GBP,DEBIT,PURCHASE,,,-656.02,GBP,,DEB,,
c137bd3bd2793edbdaad7a006d0f1b77,2021-12-23T00:00:00Z,MORSES CLUB LTD,-30.0,GBP,DEBIT,PURCHASE,,,-626.02,GBP,,DEB,,
2b0599fefb127e0fd6336df3d0af61d5,2021-12-23T00:00:00Z,ANYVAN LTD,32.5,GBP,CREDIT,CREDIT,,,-593.52,GBP,,FPI,,
f27f2b7544c932c9a0c439f25927a0b4,2021-12-23T00:00:00Z,LNK ATM WITHDRAWAL,-100.0,GBP,DEBIT,ATM,,,-693.52,GBP,,CPT,,
2fb684f59c798d645b4193d72e9bdf71,2021-12-23T00:00:00Z,SAVE THE CHANGE,-1.57,GBP,DEBIT,BILL_PAYMENT,,,-695.09,GBP,,BP,,
b1a096faae6d329e2e41ed3f60350812,2021-12-23T00:00:00Z,WWW.METROBANK.COM,-20.0,GBP,DEBIT,PURCHASE,,,-715.09,GBP,,DEB,,
c2d1615dd920d44a28c4533328e6c28f,2021-12-22T00:00:00Z,AMAZON INT'L,-5.0,GBP,DEBIT,PURCHASE,,,-720.09,GBP,,DEB,,
197a767623b45884fab4899fcf91f041,2021-12-22T00:00:00Z,SAVE THE CHANGE,-0.01,GBP,DEBIT,BILL_PAYMENT,,,-720.1,GBP,,BP,,
c46fdcf0656803d3b4bc57668fc0390c,2021-12-22T00:00:00Z,TESCO MOBILE LTD,-39.25,GBP,DEBIT,PURCHASE,,,-759.35,GBP,,DEB,,
e446be8b848b6a8fe836c0e59ae2fe8d,2021-12-22T00:00:00Z,PAYPAL WWW.EBAY.COM,-36.59,GBP,DEBIT,PURCHASE,,,-795.94,GBP,,DEB,,
6409ff76021ff9c835e803c0206ed1b6,2021-12-22T00:00:00Z,OAKAM LIMITED,-36.59,GBP,DEBIT,PURCHASE,,,-832.53,GBP,,DEB,,
73cf8a8486e76609f39bf52d256b2b3f,2021-12-20T00:00:00Z,REGENDA REDWING,-150.0,GBP,DEBIT,PURCHASE,,,-982.53,GBP,,DEB,,
2936ddd3e933f487dda6dfb630b65146,2021-12-20T00:00:00Z,WORKING TAX CREDIT,22.42,GBP,CREDIT,CREDIT,,,-960.11,GBP,,BGC,,
c799ed3e134fe37a41a5faa53285f21b,2021-12-20T00:00:00Z,PARKRETAIL.CO.UK,-550.0,GBP,DEBIT,PURCHASE,,,-1510.11,GBP,,DEB,,
b1b8cf24600abb45ab1ff9f0eb24eb55,2021-12-20T00:00:00Z,CHILD TAX CREDIT,345.13,GBP,CREDIT,CREDIT,,,-1164.98,GBP,,BGC,,
317e4be18c59201bbeabef3e4942bb2c,2021-12-19T00:00:00Z,AMAZON PRIME,-7.99,GBP,DEBIT,PURCHASE,,,-1172.97,GBP,,DEB,,
8a34f917bf185fa2608aa2c19d967f44,2021-12-19T00:00:00Z,CLEVELEYS.COM,1450.42,GBP,CREDIT,CREDIT,,,277.45,GBP,,DEP,,
6131ad8e1479a3ff22ec25e51dbf27bb,2021-12-18T00:00:00Z,CIRCLE UK TRADING,82.21,GBP,CREDIT,CREDIT,,,359.66,GBP,,FPI,,
a36fb872bc235d44bb90a7b3194f2b5c,2021-12-17T00:00:00Z,MR JOHN SMITH,137.6,GBP,CREDIT,CREDIT,,,497.26,GBP,,BGC,,
85fcaa06f72254f6a8b335f66ca4aeae,2021-12-17T00:00:00Z,AA INSURANCE,-12.73,GBP,DEBIT,DIRECT_DEBIT,,,484.53,GBP,,DD,,
d69b6e04ccdefa1bef829a108da12e76,2021-12-17T00:00:00Z,AXA WEALTH LTD,-40.0,GBP,DEBIT,DIRECT_DEBIT,,,444.53,GBP,,DD,,
2133a2beb77684223ee43e5994593394,2021-12-17T00:00:00Z,MORRISONS PETROL,-20.0,GBP,DEBIT,PURCHASE,,,424.53,GBP,,DEB,,
6373119b5f76d9e7ce5dc33a999c5df3,2021-12-17T00:00:00Z,SAVE THE CHANGE,-0.63,GBP,DEBIT,BILL_PAYMENT,,,423.9,GBP,,BP,,
81de6619a98224a399888506baead782,2021-12-17T00:00:00Z,TAILSCOM,-6.37,GBP,DEBIT,PURCHASE,,,417.53,GBP,,DEB,,
0e1f1ec0ba9b4ff0a2c22d087f83c1c7,2021-12-15T00:00:00Z,ASDA STOES LTD,-32.0,GBP,DEBIT,PURCHASE,,,385.53,GBP,,DEB,,
7fe9f09c36541b8aa4351610598b201a,2021-12-15T00:00:00Z,SAVE THE CHANGE,-0.55,GBP,DEBIT,BILL_PAYMENT,,,384.98,GBP,,BP,,
441c42a14fff759d51f6c97bb873fed1,2021-12-15T00:00:00Z,AMAZON BLACK FRIDAY,-15.45,GBP,DEBIT,PURCHASE,,,369.53,GBP,,DEB,,
d3d99b431e30c683e3b8a6be704311bd,2021-12-15T00:00:00Z,SAVE THE CHANGE,-0.5,GBP,DEBIT,BILL_PAYMENT,,,369.03,GBP,,BP,,
5ef045cd389fdc6e2c0c54d217453e7a,2021-12-15T00:00:00Z,TESCO EXTRA,-3.59,GBP,DEBIT,PURCHASE,,,365.44,GBP,,DEB,,
22c2938a6e5246ad0342ca6b062f5c9c,2021-12-15T00:00:00Z,PAYPAL EBAY,-10.0,GBP,DEBIT,PURCHASE,,,355.44,GBP,,DEB,,
39793be836bad3b5f23d87bf73d771bc,2021-12-14T00:00:00Z,PAYPAL BETFRED,-2.0,GBP,DEBIT,PURCHASE,,,353.44,GBP,,DEB,,
b79f456f47abbc153123264330ebc98f,2021-12-14T00:00:00Z,MT SECURETRADE LIM,-20.5,GBP,DEBIT,PURCHASE,,,332.94,GBP,,DEB,,
5a9feba585b236c4f06fea91a6bf4d6b,2021-12-14T00:00:00Z,MT SECURETRADE LIM,43.5,GBP,CREDIT,PURCHASE,,,376.44,GBP,,DEB,,
fe9c0e34f116ff53654d7d3b57c709fd,2021-12-12T00:00:00Z,SAVE THE CHANGE,-0.41,GBP,DEBIT,BILL_PAYMENT,,,376.03,GBP,,BP,,
ab9ba99db24cb03edeb19bd1e82d96b8,2021-12-12T00:00:00Z,AA MEMBERSHIP,-23.11,GBP,DEBIT,DIRECT_DEBIT,,,352.92,GBP,,DD,,
b802678d3c7b1f98b36be39433351f13,2021-12-11T00:00:00Z,CIRCLE UK TRADING,50.0,GBP,CREDIT,CREDIT,,,402.92,GBP,,FPI,,
aeaed2c11db380c6a451ff599026aca4,2021-12-11T00:00:00Z,MS JANE DOE,50.0,GBP,CREDIT,TRANSFER,,,452.92,GBP,,TFR,,
401fcc45f71d46aeab18bba022dbeb7f,2021-12-11T00:00:00Z,WORKING TAX CREDIT,22.42,GBP,CREDIT,CREDIT,,,475.34,GBP,,BGC,,
447a24f803da01c00040205c6164c1aa,2021-12-11T00:00:00Z,BUTLINS HOLIDAYS,-17.0,GBP,DEBIT,PURCHASE,,,458.34,GBP,,DEB,,
e33c8b34e6505c39548b4eef217cbaf0,2021-12-10T00:00:00Z,AXA WEALTH LTD,-40.0,GBP,DEBIT,DIRECT_DEBIT,,,418.34,GBP,,DD,,
9a0f90090f21085cad7db9a1045fdcf7,2021-12-10T00:00:00Z,ASDA STORES LTD,-5.0,GBP,DEBIT,PURCHASE,,,413.34,GBP,,DEB,,
b8c49bf28d5602dd9183ff1502c2fb81,2021-12-10T00:00:00Z,RETURNED DD,40.0,GBP,CREDIT,CREDIT,,,453.34,GBP,,DEP,,
7998f8f0ca4c7211cae526ad3eb333b5,2021-12-10T00:00:00Z,CIRCLE UK TRADING,50.36,GBP,CREDIT,CREDIT,,,503.7,GBP,,FPI,,
fb5ca28db8beaab9bb978cbabe168754,2021-12-10T00:00:00Z,OUTGOING DD,-30.0,GBP,DEBIT,DIRECT_DEBIT,,,473.7,GBP,,DD,,
cbe50265afb252b177d987ba6ccc0472,2021-12-10T00:00:00Z,EDF ENERGY,-24.5,GBP,DEBIT,BILL_PAYMENT,,,449.2,GBP,,BP,,
d767dca511e74f5bb1254dbf0e61d3f5,2021-12-09T00:00:00Z,DVLA LICENCE,-23.62,GBP,DEBIT,DIRECT_DEBIT,,,425.58,GBP,,DD,,
67da83a03ca2384b19a6fdf3e15ce1d8,2021-12-09T00:00:00Z,DVLA TAX,-20.56,GBP,DEBIT,DIRECT_DEBIT,,,405.02,GBP,,DD,,
2945703e313f29db50f41bcb950d0b91,2021-12-09T00:00:00Z,SAVE THE CHANGE,-0.41,GBP,DEBIT,BILL_PAYMENT,,,404.61,GBP,,BP,,
20f00cfe1e755eb5396ad41954f67d43,2021-12-09T00:00:00Z,MS JANE DOE,70.0,GBP,CREDIT,TRANSFER,,,474.61,GBP,,TFR,,
31ee170a9bca94e5873c5cdb67597de4,2021-12-08T00:00:00Z,SAVE THE CHANGE,-0.01,GBP,DEBIT,BILL_PAYMENT,,,474.6,GBP,,BP,,
df60aa0887337ade5304a7b1ebe503af,2021-12-08T00:00:00Z,WORKING TAX CREDIT,22.42,GBP,CREDIT,CREDIT,,,497.02,GBP,,BGC,,
8cbc91fa040be30d4c81b554b9df30d0,2021-12-08T00:00:00Z,CREDITREPORTSERVIC,-14.99,GBP,DEBIT,PURCHASE,,,482.03,GBP,,DEB,,
d0ab56c48b28ba39b2b312ea4aa12dfb,2021-12-08T00:00:00Z,REGENDA REDWING RE,-100.0,GBP,DEBIT,PURCHASE,,,382.03,GBP,,DEB,,
28d162060fdb51b632f9b7df52fc2294,2021-12-08T00:00:00Z,BROADWAY GAMING LT CD 0315,-10.0,GBP,DEBIT,PURCHASE,,,372.03,GBP,,DEB,,
89c809609cde0a3c4dc88fd0f675f2b9,2021-12-08T00:00:00Z,SAVE THE CHANGE,-0.69,GBP,DEBIT,BILL_PAYMENT,,,371.34,GBP,,BP,,
928a3e58ca39fb83021f5540feaa9981,2021-12-08T00:00:00Z,SAVE THE CHANGE,-1.04,GBP,DEBIT,BILL_PAYMENT,,,370.3,GBP,,BP,,
c8f26ad0c9ba333a1495c3bddd23efa8,2021-12-08T00:00:00Z,BOOKER LIMITED BLA,-24.31,GBP,DEBIT,PURCHASE,,,345.99,GBP,,DEB,,
0c53ca782b0af57a601563fcb1b6f9f9,2021-12-07T00:00:00Z,EE & T-MOBILE,-82.37,GBP,DEBIT,PURCHASE,,,263.62,GBP,,DEB,,
b6cee52e553e264c9518769598ec67b2,2021-12-07T00:00:00Z,SAVE THE CHANGE,-1.15,GBP,DEBIT,BILL_PAYMENT,,,262.47,GBP,,BP,,
ced22101d2b590ddd9f59f229176baaa,2021-12-07T00:00:00Z,MS JANE DOE,-70.0,GBP,DEBIT,TRANSFER,,,192.47,GBP,,TFR,,
3bf243288d6135721d567c165a40875b,2021-12-07T00:00:00Z,18db38 Betropolis LTD LC Betropolis,-10.0,GBP,DEBIT,PURCHASE,,,45.1,GBP,,DEB,,
f754195e36b73c331c9cb7321512ddde,2021-12-06T00:00:00Z,TESCO MOBILE LTD,-28.25,GBP,DEBIT,PURCHASE,,,164.22,GBP,,DEB,,
b7396756b144b97bed31eab5457f851d,2021-12-06T00:00:00Z,WORKING TAX CREDIT,22.42,GBP,CREDIT,CREDIT,,,186.64,GBP,,BGC,,
2cfb54d22d1a7a8ec18f6164f996eb0a,2021-12-06T00:00:00Z,W M MORRISONS PLC,-12.89,GBP,DEBIT,PURCHASE,,,173.75,GBP,,DEB,,
1ba3cc4edda277832eb00face15de31b,2021-12-06T00:00:00Z,TESCO MOBILE LTD,-50.0,GBP,DEBIT,PURCHASE,,,123.75,GBP,,DEB,,
adca9799ccd953fe94fb027f99b693a7,2021-12-06T00:00:00Z,HOME BARGAINS FLEE,-9.71,GBP,DEBIT,PURCHASE,,,114.04,GBP,,DEB,,
34b9c1248591664d758f394a1dc5613d,2021-12-06T00:00:00Z,CHILD TAX CREDIT,346.35,GBP,CREDIT,CREDIT,,,460.39,GBP,,BGC,,
1c4d8e41b8c411ecd94aa0737ca4cee2,2021-12-06T00:00:00Z,MR JOHN SMITH,137.6,GBP,CREDIT,CREDIT,,,597.99,GBP,,BGC,,
6d3d9c9c4fc9b6d15a646b35091e3be5,2021-12-06T00:00:00Z,MS JANE DOE,61.89,GBP,CREDIT,TRANSFER,,,659.88,GBP,,TFR,,
8603a441f4f16d54a57e814863140110,2021-12-06T00:00:00Z,SAVE THE CHANGE,-0.01,GBP,DEBIT,BILL_PAYMENT,,,659.87,GBP,,BP,,
cf70f75c5305bc9d779c217f93443aac,2021-12-06T00:00:00Z,AMAZON PRIME,-5.0,GBP,DEBIT,PURCHASE,,,654.87,GBP,,DEB,,
db40bac7135754abd9b59505504da7b7,2021-12-05T00:00:00Z,LNK ATM WITHDRAWAL,-60.0,GBP,DEBIT,ATM,,,594.87,GBP,,CPT,,
a3562b65e160adbf11187d0266d7ad28,2021-12-05T00:00:00Z,SAVE THE CHANGE,-1.89,GBP,DEBIT,BILL_PAYMENT,,,592.98,GBP,,BP,,
a963d82c30fed20f5bca5e41171f38c4,2021-12-05T00:00:00Z,THE INSURANCE EMPO,-5.79,GBP,DEBIT,DIRECT_DEBIT,,,587.19,GBP,,DD,,
85a63dd4c987e03bc299f1b9dec6f596,2021-12-05T00:00:00Z,AMAZON PRIME,-7.99,GBP,DEBIT,PURCHASE,,,579.2,GBP,,DEB,,
e2824c1097d55bd8667ff92440ef87a6,2021-12-05T00:00:00Z,VANQUIS BANK,-23.15,GBP,DEBIT,PURCHASE,,,556.05,GBP,,DEB,,
72f981e5e6da37ef4b2df275fda0a576,2021-12-05T00:00:00Z,AA INSURANCE,-12.73,GBP,DEBIT,DIRECT_DEBIT,,,543.32,GBP,,DD,,
d21fa31bf5f80c88517eeec2125d8e21,2021-12-05T00:00:00Z,WWW.TAILS.COM,-6.37,GBP,DEBIT,PURCHASE,,,536.95,GBP,,DEB,,
18ad8537d26c93d10f7617a17adbc00b,2021-12-05T00:00:00Z,ANNATAR,-20.0,GBP,DEBIT,PURCHASE,,,516.95,GBP,,DEB,,
93ce498998701f55d617c8bcd2672c8f,2021-12-04T00:00:00Z,ANNATAR LIMITED,10.0,GBP,CREDIT,PURCHASE,,,526.95,GBP,,DEB,,
4e6e177312bfcaeb680eef79752199d6,2021-12-04T00:00:00Z,ANYVAN LTD,70.0,GBP,CREDIT,CREDIT,,,596.95,GBP,,FPI,,
1b2d3bf0afa0f4a593539a7b58bee764,2021-12-04T00:00:00Z,ANYVAN LTD,59.17,GBP,CREDIT,CREDIT,,,656.12,GBP,,FPI,,
83166f2d57bfb4bebfb5e60ae8295db2,2021-12-04T00:00:00Z,LNK ATM LONDON,-20.0,GBP,DEBIT,ATM,,,636.12,GBP,,CPT,,
20e77f5685144737a1a28172eaf2f827,2021-12-04T00:00:00Z,LAPTOP DIRECT LTD.,-5.0,GBP,DEBIT,PURCHASE,,,631.12,GBP,,DEB,,
8106e1fe7d725e9c2124f5ea266e461e,2021-12-04T00:00:00Z,ANIMAL FRIENDS LTD,-3.07,GBP,DEBIT,DIRECT_DEBIT,,,628.05,GBP,,DD,,
7d14f7831b10463c3986b6eae2422aa7,2021-12-04T00:00:00Z,LNK ATM WITHDRAWAL,-100.0,GBP,DEBIT,ATM,,,528.05,GBP,,CPT,,
2b6d253a84d9afa03cb00e5de3d462ef,2021-12-04T00:00:00Z,MR JOHN SMITH,100.0,GBP,CREDIT,TRANSFER,,,628.05,GBP,,TFR,,
caf79e2ad5f89b23bc38b4d4a41de9f7,2021-12-04T00:00:00Z,INTUIT LIMITED,-3.59,GBP,DEBIT,DIRECT_DEBIT,,,624.46,GBP,,DD,,
09baeaf3706c3c13ae82efdd9349abdd,2021-12-04T00:00:00Z,PAYPAL EBAY,25.0,GBP,CREDIT,PURCHASE,,,649.46,GBP,,DEB,,
58b4917bd338c591312fc720db028295,2021-12-04T00:00:00Z,RENT,-130.0,GBP,DEBIT,BILL_PAYMENT,,,519.46,GBP,,BP,,
6ed67434f346dba9d3a921e2561179cc,2021-12-03T00:00:00Z,MS JANE DOE,0.89,GBP,CREDIT,TRANSFER,,,520.35,GBP,,TFR,,
5e8c0d05424a2b861ae5f946012d36ab,2021-12-03T00:00:00Z,SAVE THE CHANGE,-0.41,GBP,DEBIT,BILL_PAYMENT,,,519.94,GBP,,BP,,
68d5772c2dc4d83ecb28675b693a7c98,2021-12-03T00:00:00Z,MS JANE DOE,130.0,GBP,CREDIT,TRANSFER,,,649.94,GBP,,TFR,,
fc44a5b8b095bc5270c5d71f78065b76,2021-12-03T00:00:00Z,MR JOHN SMITH,7.0,GBP,CREDIT,TRANSFER,,,656.94,GBP,,TFR,,
929ef3a8c2e83088a6880345d426dfac,2021-12-03T00:00:00Z,AA MEMBERSHIP,-23.11,GBP,DEBIT,DIRECT_DEBIT,,,633.83,GBP,,DD,,
c734496201a0c4498645c2258b5990da,2021-12-03T00:00:00Z,VIRGIN GAMES,35.49,GBP,CREDIT,PURCHASE,,,669.32,GBP,,DEB,,
954f7f058e78534c82d4892d2940365d,2021-12-03T00:00:00Z,SAVE THE CHANGE,-0.01,GBP,DEBIT,BILL_PAYMENT,,,669.31,GBP,,BP,,
cd2da5600a7dbae5be3288128602f577,2021-12-03T00:00:00Z,GOOGLE PLAY STORE,-2.99,GBP,DEBIT,PURCHASE,,,666.32,GBP,,DEB,,
a37a5b7ef26e46739b5a0e88d7fef78e,2021-12-03T00:00:00Z,TESCO EXTRA,-30.0,GBP,DEBIT,PURCHASE,,,636.32,GBP,,DEB,,
865f4680ca7b76a5d80fa36c53be75d0,2021-12-03T00:00:00Z,RETURNED DIRECT DEBIT,40.0,GBP,CREDIT,CREDIT,,,676.32,GBP,,DEP,,
6e7478dd2f87911b5a3d110fab62f09f,2021-12-03T00:00:00Z,LNK ATM LONDON,-40.0,GBP,DEBIT,ATM,,,636.32,GBP,,CPT,,
a7607cad425078f972df5358f1263870,2021-12-03T00:00:00Z,WWW.ASDA.COM,-5.0,GBP,DEBIT,PURCHASE,,,631.32,GBP,,DEB,,
15369d3ec9373c374899aa00371d3b42,2021-12-02T00:00:00Z,MR JOHN SMITH,30.0,GBP,CREDIT,TRANSFER,,,661.32,GBP,,TFR,,
38ffd2a4d96f6efcb0ab9f5d748250e4,2021-12-02T00:00:00Z,LNK ATM LONDON,-30.0,GBP,DEBIT,ATM,,,631.32,GBP,,CPT,,
a0768f2e79ba4b36ca724cc574789224,2021-12-02T00:00:00Z,MR JOHN SMITH,10.0,GBP,CREDIT,TRANSFER,,,641.32,GBP,,TFR,,
055ba13f6a671aa8054a1fc1185fa0b8,2021-12-02T00:00:00Z,SAVE THE CHANGE,-0.59,GBP,DEBIT,BILL_PAYMENT,,,640.73,GBP,,BP,,
0f7f3484aaf612248125b327cb82b1a3,2021-12-01T00:00:00Z,TALKTALK TELECOM,-46.82,GBP,DEBIT,PURCHASE,,,593.91,GBP,,DEB,,
e4d0e2055e668786cac166e03db9e0f2,2021-12-01T00:00:00Z,ACCOUNT OVERDRAFT FEE,-0.01,GBP,DEBIT,BILL_PAYMENT,,,593.9,GBP,,BP,,
90063c4ab218d357954062bb30bcd02f,2021-12-01T00:00:00Z,MR JOHN SMITH,-227.0,GBP,DEBIT,TRANSFER,,,366.9,GBP,,TFR,,
32ebb1f402ffd1711a656ca5127c3ce2,2021-12-01T00:00:00Z,TESCO,-39.99,GBP,DEBIT,PURCHASE,,,326.91,GBP,,DEB,,
f5d67221df1c43b4dd205be16d610e4e,2021-12-01T00:00:00Z,REVOLUT,-0.01,GBP,DEBIT,PURCHASE,,,326.9,GBP,,DEB,,
5d603424962f7fb139bf32148a71ff7d,2021-12-01T00:00:00Z,CENTRA,-0.01,GBP,DEBIT,PURCHASE,,,326.89,GBP,,DEB,,
2b95be9328d77aaf9558d2a5a8ee9eb5,2021-12-01T00:00:00Z,DUNNES STORES,-0.01,GBP,DEBIT,PURCHASE,,,326.88,GBP,,DEB,,
18d8fea1de14530e53bac407dafb5f4a,2021-12-01T00:00:00Z,SPAR,-0.01,GBP,DEBIT,PURCHASE,,,326.87,GBP,,DEB,,
1b91c30b88b96067cd976b918e65128c,2021-12-01T00:00:00Z,SPAR,-0.01,GBP,DEBIT,PURCHASE,,,326.86,GBP,,DEB,,
0557aff232706daf036ec319630b39fa,2021-12-01T00:00:00Z,SUPERVALUE,-0.01,GBP,DEBIT,PURCHASE,,,326.85,GBP,,DEB,,
8a833fab8d6145243da739139282fc5a,2021-12-01T00:00:00Z,LIDL,-0.01,GBP,DEBIT,PURCHASE,,,326.84,GBP,,DEB,,
054991ce7466b6bce2655f7cb3f5ec5f,2021-12-01T00:00:00Z,APLLEGREEN,-0.01,GBP,DEBIT,PURCHASE,,,326.83,GBP,,DEB,,
0ab8b6527dd4d1aa37c54d0b090575fb,2021-12-01T00:00:00Z,MCDONALD'S,-0.01,GBP,DEBIT,PURCHASE,,,326.82,GBP,,DEB,,
4b3a769fd1859b3b1f60c05912d0152a,2021-12-01T00:00:00Z,HARVEY NORMAN,-0.01,GBP,DEBIT,PURCHASE,,,326.81,GBP,,DEB,,
91018f684161a7c8c1e57cfdb730ed00,2021-12-01T00:00:00Z,ULSTER BANK,-0.01,GBP,DEBIT,PURCHASE,,,326.8,GBP,,DEB,,
e412d27853f98d3598cb49edfe3224e7,2021-12-01T00:00:00Z,CIRCLE K,-0.01,GBP,DEBIT,PURCHASE,,,326.79,GBP,,DEB,,
b8c927f235298a7097dc1639f2613e71,2021-12-01T00:00:00Z,BET365,-0.01,GBP,DEBIT,PURCHASE,,,326.78,GBP,,DEB,,
cfbdf6c8310a252d738eabb578330005,2021-12-01T00:00:00Z,ACCOUNT OVERDRAFT FEE,-0.01,GBP,DEBIT,BILL_PAYMENT,,,326.77,GBP,,BP,,
a36eec9acc3a32704ef5f27b3253a82a,2021-12-01T00:00:00Z,Sainsbury's,-23.99,GBP,DEBIT,PURCHASE,,,302.78,GBP,,DEB,,
db71bdfbcb08f5650eb492d30e2e36d1,2021-12-01T00:00:00Z,MR JOHN SMITH,-20.91,GBP,DEBIT,TRANSFER,,,282.78,GBP,,TFR,,
47e7c624e1e152705412f241ec1fec17,2021-12-01T00:00:00Z,NUDE FINANCE,-10.0,GBP,DEBIT,PURCHASE,,,272.78,GBP,,DEB,,
f7e9a21230e5f1ed20a84e43be48cc74,2021-12-01T00:00:00Z,E.ON NEXT,-10.0,GBP,DEBIT,PURCHASE,,,262.78,GBP,,DEB,,
40bf141ee9d490797e08da3c03e821e4,2021-12-01T00:00:00Z,L&G INSURANCE,-10.0,GBP,DEBIT,PURCHASE,,,252.78,GBP,,DEB,,
b49e28ca6ee90450b73b6b0e567ef006,2021-12-01T00:00:00Z,HALIFAX,-10.0,GBP,DEBIT,PURCHASE,,,242.78,GBP,,DEB,,
972f4715c54a3012abb1940644bddb13,2021-12-01T00:00:00Z,OVO ENERGY,-10.0,GBP,DEBIT,PURCHASE,,,232.78,GBP,,DEB,,
aa98bbadb17532afc70a400c6675d808,2021-11-28T00:00:00Z,TSB CLEVELEYS,420.0,GBP,CREDIT,CASH,,,-640.42,GBP,,CSH,,
de5ce0b027b739cbbc2fa2c8ca16383a,2021-11-28T00:00:00Z,AMAZON INT'L,-36.59,GBP,DEBIT,PURCHASE,,,-677.01,GBP,,DEB,,
45ee5f7f4d3c6c51cceb70affc59ad2d,2021-11-28T00:00:00Z,RETURNED DD,40.0,GBP,CREDIT,CREDIT,,,-637.01,GBP,,DEP,,
b0efdf91cb919cd81d188d2ede20b108,2021-11-28T00:00:00Z,MR JOHN SMITH,-32.72,GBP,DEBIT,TRANSFER,,,-669.73,GBP,,TFR,,
3a40034a68245b34c5113a6f724e011c,2021-11-28T00:00:00Z,WORKING TAX CREDIT,22.42,GBP,CREDIT,CREDIT,,,-647.31,GBP,,BGC,,
032980041e5f1fd33215771ce4173fa5,2021-11-27T00:00:00Z,MS JANE DOE,-7.93,GBP,DEBIT,TRANSFER,,,-655.24,GBP,,TFR,,
fd7c8f9359b4a39b72b2c818fc924559,2021-11-27T00:00:00Z,CIRCLE UK TRADING REFUND,50.59,GBP,CREDIT,CREDIT,,,-604.65,GBP,,DEP,,
e81941be2435b1f3156f3b78b725072e,2021-11-27T00:00:00Z,MS JANE DOE,15.86,GBP,CREDIT,TRANSFER,,,-588.79,GBP,,TFR,,
f20599a8e91cd82dc2445eb74a891772,2021-11-27T00:00:00Z,DVLA LICENSE,-20.56,GBP,DEBIT,DIRECT_DEBIT,,,-609.35,GBP,,DD,,
27abad299dbe3d498e79be131333f117,2021-11-27T00:00:00Z,E&L INSURANCE,-2.99,GBP,DEBIT,DIRECT_DEBIT,,,-612.34,GBP,,DD,,
ecb016bcc27f5f109d38a8f907bb3608,2021-11-27T00:00:00Z,TESCO ONLINE SHOPPING,-23.62,GBP,DEBIT,DIRECT_DEBIT,,,-635.96,GBP,,DD,,
7cb1f1786dc761ac17985a1b5e3ded34,2021-11-27T00:00:00Z,PAYPAL EBAY,-7.56,GBP,DEBIT,PURCHASE,,,-643.52,GBP,,DEB,,
5bced8bbda9b0a7f7b93dc7f7ee177c8,2021-11-25T00:00:00Z,CASHBACK,70.0,GBP,CREDIT,CASH,,,-573.52,GBP,,CSH,,
14f82506d012f3a684247b24c864f955,2021-11-25T00:00:00Z,MENS HEALTH SUBSCRIPTION,-24.5,GBP,DEBIT,DIRECT_DEBIT,,,-598.02,GBP,,DD,,
28fd808aa334de1697c25fef79f5d2cc,2021-11-25T00:00:00Z,OUTGOING DD,-10.0,GBP,DEBIT,DIRECT_DEBIT,,,-608.02,GBP,,DD,,
d7bce22cd8aceaee82e8d0eb4cfa7045,2021-11-25T00:00:00Z,SAVE THE CHANGE,-0.41,GBP,DEBIT,BILL_PAYMENT,,,-608.43,GBP,,BP,,
fdb9a620c74ea42dbf5cfe1f2e92ab6d,2021-11-25T00:00:00Z,AMAZON PLC,-36.59,GBP,DEBIT,PURCHASE,,,-645.02,GBP,,DEB,,
7237ce888e41cb38a8f98bb1d2cb6fc0,2021-11-25T00:00:00Z,SAVE THE CHANGE,-0.5,GBP,DEBIT,BILL_PAYMENT,,,-645.52,GBP,,BP,,
7283c5b2f712cb0ba3f01e2f9be36a2b,2021-11-25T00:00:00Z,WWW.BINGO.COM,-10.5,GBP,DEBIT,PURCHASE,,,-656.02,GBP,,DEB,,
c69ba958e147a0d4b9362550e4b9e154,2021-11-23T00:00:00Z,MORSES CLUB LTD,-30.0,GBP,DEBIT,PURCHASE,,,-626.02,GBP,,DEB,,
32950ba7b51a5c62eb1f2949239ca6a0,2021-11-23T00:00:00Z,ANYVAN LTD,32.5,GBP,CREDIT,CREDIT,,,-593.52,GBP,,FPI,,
bcc5f7c0feae928337b1a63df7f734d9,2021-11-23T00:00:00Z,LNK ATM WITHDRAWAL,-100.0,GBP,DEBIT,ATM,,,-693.52,GBP,,CPT,,
6a5fa4c406d2487ccdbd1b4668fbb036,2021-11-23T00:00:00Z,SAVE THE CHANGE,-1.57,GBP,DEBIT,BILL_PAYMENT,,,-695.09,GBP,,BP,,
de2a0512717de49a053836b8d252b2b3,2021-11-23T00:00:00Z,WWW.METROBANK.COM,-20.0,GBP,DEBIT,PURCHASE,,,-715.09,GBP,,DEB,,
86a71394c8f63f647fbd308a0636c6a6,2021-11-22T00:00:00Z,AMAZON INT'L,-5.0,GBP,DEBIT,PURCHASE,,,-720.09,GBP,,DEB,,
45dd7565f506a81d41a443a6c5cae952,2021-11-22T00:00:00Z,SAVE THE CHANGE,-0.01,GBP,DEBIT,BILL_PAYMENT,,,-720.1,GBP,,BP,,
f5d654b0f9604aeae7d3dc2e42c48f23,2021-11-22T00:00:00Z,TESCO MOBILE LTD,-39.25,GBP,DEBIT,PURCHASE,,,-759.35,GBP,,DEB,,
33a3a1f20762f5ea93350b3dacc16d04,2021-11-22T00:00:00Z,PAYPAL WWW.EBAY.COM,-36.59,GBP,DEBIT,PURCHASE,,,-795.94,GBP,,DEB,,
bf2fe0cecf1f27b2dfcb0e76d1a5865d,2021-11-22T00:00:00Z,OAKAM LIMITED,-36.59,GBP,DEBIT,PURCHASE,,,-832.53,GBP,,DEB,,
592f15719eb83e66ade4d4a89992e5ea,2021-11-20T00:00:00Z,REGENDA REDWING,-150.0,GBP,DEBIT,PURCHASE,,,-982.53,GBP,,DEB,,
ddbaa4b7531f9832d7330cae6d2ec85d,2021-11-20T00:00:00Z,WORKING TAX CREDIT,22.42,GBP,CREDIT,CREDIT,,,-960.11,GBP,,BGC,,
cf051f0dbd3f4b9c8e5d0657ee6371ad,2021-11-20T00:00:00Z,PARKRETAIL.CO.UK,-550.0,GBP,DEBIT,PURCHASE,,,-1510.11,GBP,,DEB,,
e6e3d8bbe6ddbf480b441d621c527ce4,2021-11-20T00:00:00Z,CHILD TAX CREDIT,345.13,GBP,CREDIT,CREDIT,,,-1164.98,GBP,,BGC,,
4caae56236803a6b0ef64b00f7f10fde,2021-11-19T00:00:00Z,AMAZON PRIME,-7.99,GBP,DEBIT,PURCHASE,,,-1172.97,GBP,,DEB,,
06aba0534bf6aad6289c73662e92ccd3,2021-11-19T00:00:00Z,CLEVELEYS.COM,1450.42,GBP,CREDIT,CREDIT,,,277.45,GBP,,DEP,,
0c521b8d1b3c610308e27897e956acdb,2021-11-18T00:00:00Z,CIRCLE UK TRADING,82.21,GBP,CREDIT,CREDIT,,,359.66,GBP,,FPI,,
137128387f4a7ae504e435de30314b53,2021-11-17T00:00:00Z,MR JOHN SMITH,137.6,GBP,CREDIT,CREDIT,,,497.26,GBP,,BGC,,
e8295fbd4508c74c1f5b14262c0e70b9,2021-11-17T00:00:00Z,AA INSURANCE,-12.73,GBP,DEBIT,DIRECT_DEBIT,,,484.53,GBP,,DD,,
ec9a03756cca239943ce9fa29fc9bdde,2021-11-17T00:00:00Z,AXA WEALTH LTD,-40.0,GBP,DEBIT,DIRECT_DEBIT,,,444.53,GBP,,DD,,
2338c3790fb2e1169be90736e83563f2,2021-11-17T00:00:00Z,MORRISONS PETROL,-20.0,GBP,DEBIT,PURCHASE,,,424.53,GBP,,DEB,,
6c08952b79fb6d9704bd756112ff0bc3,2021-11-17T00:00:00Z,SAVE THE CHANGE,-0.63,GBP,DEBIT,BILL_PAYMENT,,,423.9,GBP,,BP,,
9066fe97a27150608bdf9ae0e2944851,2021-11-17T00:00:00Z,TAILSCOM,-6.37,GBP,DEBIT,PURCHASE,,,417.53,GBP,,DEB,,
0e712912adc0d516955cfdc6c9a8d6c5,2021-11-15T00:00:00Z,ASDA STOES LTD,-32.0,GBP,DEBIT,PURCHASE,,,385.53,GBP,,DEB,,
88a323347bfd287c7ac3736c22dc8afa,2021-11-15T00:00:00Z,SAVE THE CHANGE,-0.55,GBP,DEBIT,BILL_PAYMENT,,,384.98,GBP,,BP,,
b76cd97a06952f3158cbd8db8d421e0a,2021-11-15T00:00:00Z,AMAZON BLACK FRIDAY,-15.45,GBP,DEBIT,PURCHASE,,,369.53,GBP,,DEB,,
bdbcf84055e6ce219161bec34115d8c5,2021-11-15T00:00:00Z,SAVE THE CHANGE,-0.5,GBP,DEBIT,BILL_PAYMENT,,,369.03,GBP,,BP,,
5539b8888ffdbe7a2872c3da80c31b0c,2021-11-15T00:00:00Z,TESCO EXTRA,-3.59,GBP,DEBIT,PURCHASE,,,365.44,GBP,,DEB,,
4f1023f125ea55072fc25778cda9bf7f,2021-11-15T00:00:00Z,PAYPAL EBAY,-10.0,GBP,DEBIT,PURCHASE,,,355.44,GBP,,DEB,,
99803b0a1cfbda320d54492bcb501a99,2021-11-14T00:00:00Z,PAYPAL BETFRED,-2.0,GBP,DEBIT,PURCHASE,,,353.44,GBP,,DEB,,
8578b308368e8495bec682489de353c3,2021-11-14T00:00:00Z,MT SECURETRADE LIM,-20.5,GBP,DEBIT,PURCHASE,,,332.94,GBP,,DEB,,
5c09f7ceac41e17b2dc429a666803351,2021-11-14T00:00:00Z,MT SECURETRADE LIM,43.5,GBP,CREDIT,PURCHASE,,,376.44,GBP,,DEB,,
413accd267ea4aad3b42822c357fdf77,2021-11-12T00:00:00Z,SAVE THE CHANGE,-0.41,GBP,DEBIT,BILL_PAYMENT,,,376.03,GBP,,BP,,
e7434b36bd84464b35de8af2d62b4c77,2021-11-12T00:00:00Z,AA MEMBERSHIP,-23.11,GBP,DEBIT,DIRECT_DEBIT,,,352.92,GBP,,DD,,
388eb5f00c01321f019cdc65bd8e3872,2021-11-11T00:00:00Z,CIRCLE UK TRADING,50.0,GBP,CREDIT,CREDIT,,,402.92,GBP,,FPI,,
31bafe0341a213269dd184984699bda7,2021-11-11T00:00:00Z,MS JANE DOE,50.0,GBP,CREDIT,TRANSFER,,,452.92,GBP,,TFR,,
c1d7579e127a2deb00b7f5a39ef714b9,2021-11-11T00:00:00Z,WORKING TAX CREDIT,22.42,GBP,CREDIT,CREDIT,,,475.34,GBP,,BGC,,
400089423b7d71cca14920753ad4f03f,2021-11-11T00:00:00Z,BUTLINS HOLIDAYS,-17.0,GBP,DEBIT,PURCHASE,,,458.34,GBP,,DEB,,
c59c8cdf6bad8d82a5337e7d84749920,2021-11-10T00:00:00Z,AXA WEALTH LTD,-40.0,GBP,DEBIT,DIRECT_DEBIT,,,418.34,GBP,,DD,,
bd67884d200fcc0a65fe3ddeacdcd351,2021-11-10T00:00:00Z,ASDA STORES LTD,-5.0,GBP,DEBIT,PURCHASE,,,413.34,GBP,,DEB,,
239fdf9b0c778383db4a3a77e44f0fb5,2021-11-10T00:00:00Z,RETURNED DD,40.0,GBP,CREDIT,CREDIT,,,453.34,GBP,,DEP,,
922a23db7677e0800232887d665cac91,2021-11-10T00:00:00Z,CIRCLE UK TRADING,50.36,GBP,CREDIT,CREDIT,,,503.7,GBP,,FPI,,
3b335d1a2bb61f460658bbfa7f7284cd,2021-11-10T00:00:00Z,OUTGOING DD,-30.0,GBP,DEBIT,DIRECT_DEBIT,,,473.7,GBP,,DD,,
2ba62587bd3309a8ebb9943afec06a47,2021-11-10T00:00:00Z,EDF ENERGY,-24.5,GBP,DEBIT,BILL_PAYMENT,,,449.2,GBP,,BP,,
b09ba57a8499fa1fde2eda7614f3863b,2021-11-09T00:00:00Z,DVLA LICENCE,-23.62,GBP,DEBIT,DIRECT_DEBIT,,,425.58,GBP,,DD,,
8cdd28a3c6a397b50b23f22a0166de4a,2021-11-09T00:00:00Z,DVLA TAX,-20.56,GBP,DEBIT,DIRECT_DEBIT,,,405.02,GBP,,DD,,
d8d4f0d6299455209f6d7b2f3dad6db5,2021-11-09T00:00:00Z,SAVE THE CHANGE,-0.41,GBP,DEBIT,BILL_PAYMENT,,,404.61,GBP,,BP,,
8fdaf39a78ea8b714b770b25664c1746,2021-11-09T00:00:00Z,MS JANE DOE,70.0,GBP,CREDIT,TRANSFER,,,474.61,GBP,,TFR,,
0159dcdedc2617271f9648dc06d3ced8,2021-11-08T00:00:00Z,SAVE THE CHANGE,-0.01,GBP,DEBIT,BILL_PAYMENT,,,474.6,GBP,,BP,,
99559350b1b6ec939c3b5cfe9579f072,2021-11-08T00:00:00Z,WORKING TAX CREDIT,22.42,GBP,CREDIT,CREDIT,,,497.02,GBP,,BGC,,
72c810f176ea474b7e3db6c4b170c74b,2021-11-08T00:00:00Z,CREDITREPORTSERVIC,-14.99,GBP,DEBIT,PURCHASE,,,482.03,GBP,,DEB,,
a62e6b6c2d134af465406fc2eb294082,2021-11-08T00:00:00Z,REGENDA REDWING RE,-100.0,GBP,DEBIT,PURCHASE,,,382.03,GBP,,DEB,,
ee3f8763a696064296d383778e4be510,2021-11-08T00:00:00Z,BROADWAY GAMING LT CD 0315,-10.0,GBP,DEBIT,PURCHASE,,,372.03,GBP,,DEB,,
ed955e28575988b34e65fe303e67cb1b,2021-11-08T00:00:00Z,SAVE THE CHANGE,-0.69,GBP,DEBIT,BILL_PAYMENT,,,371.34,GBP,,BP,,
1e8f2ee5f900c4c0a25a9e326f3c1184,2021-11-08T00:00:00Z,SAVE THE CHANGE,-1.04,GBP,DEBIT,BILL_PAYMENT,,,370.3,GBP,,BP,,
9fdbb5f2d53634cfe1558bfed38b9256,2021-11-08T00:00:00Z,BOOKER LIMITED BLA,-24.31,GBP,DEBIT,PURCHASE,,,345.99,GBP,,DEB,,
2e7631d1776a75e1b5ecdd4427baa6b5,2021-11-07T00:00:00Z,EE & T-MOBILE,-82.37,GBP,DEBIT,PURCHASE,,,263.62,GBP,,DEB,,
63409b06ae1530e31cf3e02766da577e,2021-11-07T00:00:00Z,SAVE THE CHANGE,-1.15,GBP,DEBIT,BILL_PAYMENT,,,262.47,GBP,,BP,,
f706bae5d22b10b2302b0e1a3ded6933,2021-11-07T00:00:00Z,MS JANE DOE,-70.0,GBP,DEBIT,TRANSFER,,,192.47,GBP,,TFR,,
fdeec87f8cf3671c7717fbe7181f5dbb,2021-11-07T00:00:00Z,18db38 Betropolis LTD LC Betropolis,-10.0,GBP,DEBIT,PURCHASE,,,45.1,GBP,,DEB,,
a3fa71e448a592fd311ae8de9552ee1f,2021-11-06T00:00:00Z,TESCO MOBILE LTD,-28.25,GBP,DEBIT,PURCHASE,,,164.22,GBP,,DEB,,
f9389df4fa455dd3e3248b9d03cded6a,2021-11-06T00:00:00Z,WORKING TAX CREDIT,22.42,GBP,CREDIT,CREDIT,,,186.64,GBP,,BGC,,
990b120100a983510f53aae9e56cc10b,2021-11-06T00:00:00Z,W M MORRISONS PLC,-12.89,GBP,DEBIT,PURCHASE,,,173.75,GBP,,DEB,,
c3f88e95bd3794bfd3e1f0e9ef7768fd,2021-11-06T00:00:00Z,TESCO MOBILE LTD,-50.0,GBP,DEBIT,PURCHASE,,,123.75,GBP,,DEB,,
b2c2544a412de3a83134f3371350144e,2021-11-06T00:00:00Z,HOME BARGAINS FLEE,-9.71,GBP,DEBIT,PURCHASE,,,114.04,GBP,,DEB,,
86b0d818065ca18bed7ed9c1a5f0664e,2021-11-06T00:00:00Z,CHILD TAX CREDIT,346.35,GBP,CREDIT,CREDIT,,,460.39,GBP,,BGC,,
91972fed75c34e7cf2671077dfb7bf36,2021-11-06T00:00:00Z,MR JOHN SMITH,137.6,GBP,CREDIT,CREDIT,,,597.99,GBP,,BGC,,
af40d441408339dba2eb9f850a80dd6f,2021-11-06T00:00:00Z,MS JANE DOE,61.89,GBP,CREDIT,TRANSFER,,,659.88,GBP,,TFR,,
895a5b6c41b46645b9675967abc83b73,2021-11-06T00:00:00Z,SAVE THE CHANGE,-0.01,GBP,DEBIT,BILL_PAYMENT,,,659.87,GBP,,BP,,
c197344e378acf23f808f7d1e27cd29c,2021-11-06T00:00:00Z,AMAZON PRIME,-5.0,GBP,DEBIT,PURCHASE,,,654.87,GBP,,DEB,,
26286292bc8b5d3a780b31f3ced861c0,2021-11-05T00:00:00Z,LNK ATM WITHDRAWAL,-60.0,GBP,DEBIT,ATM,,,594.87,GBP,,CPT,,
197c5007de29021aab880818de1c67ba,2021-11-05T00:00:00Z,SAVE THE CHANGE,-1.89,GBP,DEBIT,BILL_PAYMENT,,,592.98,GBP,,BP,,
31ff427247113be45e9ec10aba952680,2021-11-05T00:00:00Z,THE INSURANCE EMPO,-5.79,GBP,DEBIT,DIRECT_DEBIT,,,587.19,GBP,,DD,,
2d4b1c6d0b8ede09f87250a58dc9df4e,2021-11-05T00:00:00Z,AMAZON PRIME,-7.99,GBP,DEBIT,PURCHASE,,,579.2,GBP,,DEB,,
8da79f6b022716f0108301917516d49c,2021-11-05T00:00:00Z,VANQUIS BANK,-23.15,GBP,DEBIT,PURCHASE,,,556.05,GBP,,DEB,,
d5cb0481715e624e6d5ad43b27f5dda5,2021-11-05T00:00:00Z,AA INSURANCE,-12.73,GBP,DEBIT,DIRECT_DEBIT,,,543.32,GBP,,DD,,
ab470efd66071950c801b69c9b11ecf5,2021-11-05T00:00:00Z,WWW.TAILS.COM,-6.37,GBP,DEBIT,PURCHASE,,,536.95,GBP,,DEB,,
63ab306a2571b76c0d7a523d212f5314,2021-11-05T00:00:00Z,ANNATAR,-20.0,GBP,DEBIT,PURCHASE,,,516.95,GBP,,DEB,,
457cd25de8dce21fa51c19fd3f6cf985,2021-11-04T00:00:00Z,ANNATAR LIMITED,10.0,GBP,CREDIT,PURCHASE,,,526.95,GBP,,DEB,,
e406baa82d9bebc47284853c3380d1f8,2021-11-04T00:00:00Z,ANYVAN LTD,70.0,GBP,CREDIT,CREDIT,,,596.95,GBP,,FPI,,
f032c5bf6aecb390f0c273da72666662,2021-11-04T00:00:00Z,ANYVAN LTD,59.17,GBP,CREDIT,CREDIT,,,656.12,GBP,,FPI,,
c34789a632b8147096f9fe1fc7f4d728,2021-11-04T00:00:00Z,LNK ATM LONDON,-20.0,GBP,DEBIT,ATM,,,636.12,GBP,,CPT,,
4cbd7a365d820e9635c3ff8b26723746,2021-11-04T00:00:00Z,LAPTOP DIRECT LTD.,-5.0,GBP,DEBIT,PURCHASE,,,631.12,GBP,,DEB,,
61c6a3962a25b598bcfb7f476bebb2b9,2021-11-04T00:00:00Z,ANIMAL FRIENDS LTD,-3.07,GBP,DEBIT,DIRECT_DEBIT,,,628.05,GBP,,DD,,
4742248809bf28c2cb69b77bd106a980,2021-11-04T00:00:00Z,LNK ATM WITHDRAWAL,-100.0,GBP,DEBIT,ATM,,,528.05,GBP,,CPT,,
8d4fbef8b9d6038ca88de4308bd13402,2021-11-04T00:00:00Z,MR JOHN SMITH,100.0,GBP,CREDIT,TRANSFER,,,628.05,GBP,,TFR,,
013c06f30c55ea9fe9ff5eb7e2d8694f,2021-11-04T00:00:00Z,INTUIT LIMITED,-3.59,GBP,DEBIT,DIRECT_DEBIT,,,624.46,GBP,,DD,,
4eb6a2c846e6bfad0c3e4d0f3da18482,2021-11-04T00:00:00Z,PAYPAL EBAY,25.0,GBP,CREDIT,PURCHASE,,,649.46,GBP,,DEB,,
7f0ef678eaa90413055f87b14a14d412,2021-11-04T00:00:00Z,RENT,-130.0,GBP,DEBIT,BILL_PAYMENT,,,519.46,GBP,,BP,,
01963037cfa5a042b6e386d5559dccf6,2021-11-03T00:00:00Z,MS JANE DOE,0.89,GBP,CREDIT,TRANSFER,,,520.35,GBP,,TFR,,
7c7821e22acdc789b55f7147b052f39c,2021-11-03T00:00:00Z,SAVE THE CHANGE,-0.41,GBP,DEBIT,BILL_PAYMENT,,,519.94,GBP,,BP,,
934d5f39f83e5c6bdd8b9a7dc002ad08,2021-11-03T00:00:00Z,MS JANE DOE,130.0,GBP,CREDIT,TRANSFER,,,649.94,GBP,,TFR,,
ca8f3b86cd4ae0673cd143e7b10e4be5,2021-11-03T00:00:00Z,MR JOHN SMITH,7.0,GBP,CREDIT,TRANSFER,,,656.94,GBP,,TFR,,
e36de0064d44d642ef1d542c74510061,2021-11-03T00:00:00Z,AA MEMBERSHIP,-23.11,GBP,DEBIT,DIRECT_DEBIT,,,633.83,GBP,,DD,,
9e96287d6ff3999440ae470ea7127308,2021-11-03T00:00:00Z,VIRGIN GAMES,35.49,GBP,CREDIT,PURCHASE,,,669.32,GBP,,DEB,,
529bcf7b3f2c50cb17e7412c35bbd181,2021-11-03T00:00:00Z,SAVE THE CHANGE,-0.01,GBP,DEBIT,BILL_PAYMENT,,,669.31,GBP,,BP,,
f37bea8cbeeb3f2181f07f32bf8ca0e7,2021-11-03T00:00:00Z,GOOGLE PLAY STORE,-2.99,GBP,DEBIT,PURCHASE,,,666.32,GBP,,DEB,,
a0897f1f598ff378f64f15fb65790b94,2021-11-03T00:00:00Z,TESCO EXTRA,-30.0,GBP,DEBIT,PURCHASE,,,636.32,GBP,,DEB,,
b27bde4dbb4be124dc384ff14c8f60af,2021-11-03T00:00:00Z,RETURNED DIRECT DEBIT,40.0,GBP,CREDIT,CREDIT,,,676.32,GBP,,DEP,,
3fce98b9e044cfb2803baf5dab94cec0,2021-11-03T00:00:00Z,LNK ATM LONDON,-40.0,GBP,DEBIT,ATM,,,636.32,GBP,,CPT,,
300d4bc9f21b5a3466037fc0f32141bf,2021-11-03T00:00:00Z,WWW.ASDA.COM,-5.0,GBP,DEBIT,PURCHASE,,,631.32,GBP,,DEB,,
17af603211f86df6ed0881566a538dd9,2021-11-02T00:00:00Z,MR JOHN SMITH,30.0,GBP,CREDIT,TRANSFER,,,661.32,GBP,,TFR,,
e2f5c93a9401059a5da036f5b25eb855,2021-11-02T00:00:00Z,LNK ATM LONDON,-30.0,GBP,DEBIT,ATM,,,631.32,GBP,,CPT,,
a10b9640d14960e171581be66c58cc52,2021-11-02T00:00:00Z,MR JOHN SMITH,10.0,GBP,CREDIT,TRANSFER,,,641.32,GBP,,TFR,,
774ec3f1b0b89393d97e21482fe43b55,2021-11-02T00:00:00Z,SAVE THE CHANGE,-0.59,GBP,DEBIT,BILL_PAYMENT,,,640.73,GBP,,BP,,
47557234b954999411268407899064a8,2021-11-01T00:00:00Z,TALKTALK TELECOM,-46.82,GBP,DEBIT,PURCHASE,,,593.91,GBP,,DEB,,
297d2b6e54798ec034d1c12c238b1034,2021-11-01T00:00:00Z,ACCOUNT OVERDRAFT FEE,-0.01,GBP,DEBIT,BILL_PAYMENT,,,593.9,GBP,,BP,,
4fc671c65b3a21bbe62cf271fb6472bf,2021-11-01T00:00:00Z,MR JOHN SMITH,-227.0,GBP,DEBIT,TRANSFER,,,366.9,GBP,,TFR,,
0c433ecc1099aa7a991c708e97b9a011,2021-11-01T00:00:00Z,TESCO,-39.99,GBP,DEBIT,PURCHASE,,,326.91,GBP,,DEB,,
ac9f27cb6e7da4dd5125f1b8655881f8,2021-11-01T00:00:00Z,REVOLUT,-0.01,GBP,DEBIT,PURCHASE,,,326.9,GBP,,DEB,,
f291405455fbd9540cadbe603c24695f,2021-11-01T00:00:00Z,CENTRA,-0.01,GBP,DEBIT,PURCHASE,,,326.89,GBP,,DEB,,
b190f1033184c0999e4d386ceb5bbb48,2021-11-01T00:00:00Z,DUNNES STORES,-0.01,GBP,DEBIT,PURCHASE,,,326.88,GBP,,DEB,,
706d64cd415037dffc3b5186aea2c8cb,2021-11-01T00:00:00Z,SPAR,-0.01,GBP,DEBIT,PURCHASE,,,326.87,GBP,,DEB,,
3c5a565c25c120d3fb96b0fe0646732d,2021-11-01T00:00:00Z,SPAR,-0.01,GBP,DEBIT,PURCHASE,,,326.86,GBP,,DEB,,
462bcee656751debc260391628d5e41a,2021-11-01T00:00:00Z,SUPERVALUE,-0.01,GBP,DEBIT,PURCHASE,,,326.85,GBP,,DEB,,
28872572d3286bdf060c744d945ea25a,2021-11-01T00:00:00Z,LIDL,-0.01,GBP,DEBIT,PURCHASE,,,326.84,GBP,,DEB,,
a611e13cae8c7f91033b2b207820b6e8,2021-11-01T00:00:00Z,APLLEGREEN,-0.01,GBP,DEBIT,PURCHASE,,,326.83,GBP,,DEB,,
333a3d4d8a70a9b9ebc0d0bf5c78ead9,2021-11-01T00:00:00Z,MCDONALD'S,-0.01,GBP,DEBIT,PURCHASE,,,326.82,GBP,,DEB,,
c4faa4f40a44503b57fa359a395de33c,2021-11-01T00:00:00Z,HARVEY NORMAN,-0.01,GBP,DEBIT,PURCHASE,,,326.81,GBP,,DEB,,
47f5fecbab7eee1586b6024599cc7a94,2021-11-01T00:00:00Z,ULSTER BANK,-0.01,GBP,DEBIT,PURCHASE,,,326.8,GBP,,DEB,,
90a0d55593db8b1255978f331a366abf,2021-11-01T00:00:00Z,CIRCLE K,-0.01,GBP,DEBIT,PURCHASE,,,326.79,GBP,,DEB,,
01d54c800b3dfefea56c06ef7ee315f6,2021-11-01T00:00:00Z,BET365,-0.01,GBP,DEBIT,PURCHASE,,,326.78,GBP,,DEB,,
d81fa4ce16e616571bf8e963634c1163,2021-11-01T00:00:00Z,ACCOUNT OVERDRAFT FEE,-0.01,GBP,DEBIT,BILL_PAYMENT,,,326.77,GBP,,BP,,
10354370bdde3b5057210cf8aa6207b7,2021-11-01T00:00:00Z,Sainsbury's,-23.99,GBP,DEBIT,PURCHASE,,,302.78,GBP,,DEB,,
dd2d2b8cd8d2512b922747edd1fb56b6,2021-11-01T00:00:00Z,MR JOHN SMITH,-20.91,GBP,DEBIT,TRANSFER,,,282.78,GBP,,TFR,,
1598142b27e4460d1b050f977c73fbc1,2021-11-01T00:00:00Z,NUDE FINANCE,-10.0,GBP,DEBIT,PURCHASE,,,272.78,GBP,,DEB,,
998cd4a670e6c338b514372ff54b1616,2021-11-01T00:00:00Z,E.ON NEXT,-10.0,GBP,DEBIT,PURCHASE,,,262.78,GBP,,DEB,,
1aec1d45b3721962863ee64d11e9fb16,2021-11-01T00:00:00Z,L&G INSURANCE,-10.0,GBP,DEBIT,PURCHASE,,,252.78,GBP,,DEB,,
48528640bcf4560e141ac326a0cba450,2021-11-01T00:00:00Z,HALIFAX,-10.0,GBP,DEBIT,PURCHASE,,,242.78,GBP,,DEB,,
7e42068940ee81df2e14237bba6ad2d9,2021-11-01T00:00:00Z,OVO ENERGY,-10.0,GBP,DEBIT,PURCHASE,,,232.78,GBP,,DEB,,
94e3fd08410bd52b915e399195a7a71f,2021-10-28T00:00:00Z,TSB CLEVELEYS,420.0,GBP,CREDIT,CASH,,,-640.42,GBP,,CSH,,
ea98d82b007269375fb3b208ca05ae7b,2021-10-28T00:00:00Z,AMAZON INT'L,-36.59,GBP,DEBIT,PURCHASE,,,-677.01,GBP,,DEB,,
8143021bd3cc510fec50e2b72870b0d5,2021-10-28T00:00:00Z,RETURNED DD,40.0,GBP,CREDIT,CREDIT,,,-637.01,GBP,,DEP,,
0f9b91889f3a13eb3883deea99b9797c,2021-10-28T00:00:00Z,MR JOHN SMITH,-32.72,GBP,DEBIT,TRANSFER,,,-669.73,GBP,,TFR,,
cbcd485cde02371a2ab4e17843970d94,2021-10-28T00:00:00Z,WORKING TAX CREDIT,22.42,GBP,CREDIT,CREDIT,,,-647.31,GBP,,BGC,,
e30d15853cae5881e18dd90446b79ff8,2021-10-27T00:00:00Z,MS JANE DOE,-7.93,GBP,DEBIT,TRANSFER,,,-655.24,GBP,,TFR,,
c392587849cd7a99523a83ef0863b5e3,2021-10-27T00:00:00Z,CIRCLE UK TRADING REFUND,50.59,GBP,CREDIT,CREDIT,,,-604.65,GBP,,DEP,,
b84f0c6f0a2d7950d52d70ad658681f3,2021-10-27T00:00:00Z,MS JANE DOE,15.86,GBP,CREDIT,TRANSFER,,,-588.79,GBP,,TFR,,
e3216bb505d6ddc22e5778b44d88be71,2021-10-27T00:00:00Z,DVLA LICENSE,-20.56,GBP,DEBIT,DIRECT_DEBIT,,,-609.35,GBP,,DD,,
ec87f431e750f68cdceec7be6aaf659b,2021-10-27T00:00:00Z,E&L INSURANCE,-2.99,GBP,DEBIT,DIRECT_DEBIT,,,-612.34,GBP,,DD,,
d33c8d6065b813ede6b9d17f20be264a,2021-10-27T00:00:00Z,TESCO ONLINE SHOPPING,-23.62,GBP,DEBIT,DIRECT_DEBIT,,,-635.96,GBP,,DD,,
c26fa35557a7bcb7e3e68bad30fa0107,2021-10-27T00:00:00Z,PAYPAL EBAY,-7.56,GBP,DEBIT,PURCHASE,,,-643.52,GBP,,DEB,,
8412d94efc717e371c37d61309de8b28,2021-10-25T00:00:00Z,CASHBACK,70.0,GBP,CREDIT,CASH,,,-573.52,GBP,,CSH,,
835ee02f4beff405e34f56097742c2ea,2021-10-25T00:00:00Z,MENS HEALTH SUBSCRIPTION,-24.5,GBP,DEBIT,DIRECT_DEBIT,,,-598.02,GBP,,DD,,
bbb4fd19a0ac9a1cdf76f30d941c6d0d,2021-10-25T00:00:00Z,OUTGOING DD,-10.0,GBP,DEBIT,DIRECT_DEBIT,,,-608.02,GBP,,DD,,
1f70f6ade15e3c67ec8d9806229756f2,2021-10-25T00:00:00Z,SAVE THE CHANGE,-0.41,GBP,DEBIT,BILL_PAYMENT,,,-608.43,GBP,,BP,,
10f5cc13ae01ec4d3f06cfaa8a8c1d8e,2021-10-25T00:00:00Z,AMAZON PLC,-36.59,GBP,DEBIT,PURCHASE,,,-645.02,GBP,,DEB,,
345c17660364fafaf69c5b246d286231,2021-10-25T00:00:00Z,SAVE THE CHANGE,-0.5,GBP,DEBIT,BILL_PAYMENT,,,-645.52,GBP,,BP,,
7d1f7ee9f95385deb069c6c29fe3be8b,2021-10-25T00:00:00Z,WWW.BINGO.COM,-10.5,GBP,DEBIT,PURCHASE,,,-656.02,GBP,,DEB,,
1902295eb0b935e947aa27a4f674a1de,2021-10-23T00:00:00Z,MORSES CLUB LTD,-30.0,GBP,DEBIT,PURCHASE,,,-626.02,GBP,,DEB,,
16e4b6573332abba500fb4510cce6a91,2021-10-23T00:00:00Z,ANYVAN LTD,32.5,GBP,CREDIT,CREDIT,,,-593.52,GBP,,FPI,,
ded6dba7c546e6664f254c1e898979da,2021-10-23T00:00:00Z,LNK ATM WITHDRAWAL,-100.0,GBP,DEBIT,ATM,,,-693.52,GBP,,CPT,,
e65b32d94839678b3d522312b1eea68a,2021-10-23T00:00:00Z,SAVE THE CHANGE,-1.57,GBP,DEBIT,BILL_PAYMENT,,,-695.09,GBP,,BP,,
d8ae3e9df3b1bffb12842d58bd035fa8,2021-10-23T00:00:00Z,WWW.METROBANK.COM,-20.0,GBP,DEBIT,PURCHASE,,,-715.09,GBP,,DEB,,
35e0a79092f0962b7ef5b85ed8d99e01,2021-10-22T00:00:00Z,AMAZON INT'L,-5.0,GBP,DEBIT,PURCHASE,,,-720.09,GBP,,DEB,,
d2fa6e09c4343f1925653ee64c75b6ec,2021-10-22T00:00:00Z,SAVE THE CHANGE,-0.01,GBP,DEBIT,BILL_PAYMENT,,,-720.1,GBP,,BP,,
a24b22e73c14b51c2df95107d967cb80,2021-10-22T00:00:00Z,TESCO MOBILE LTD,-39.25,GBP,DEBIT,PURCHASE,,,-759.35,GBP,,DEB,,
3384ad82d25afc5f5feb9d4370e52dad,2021-10-22T00:00:00Z,PAYPAL WWW.EBAY.COM,-36.59,GBP,DEBIT,PURCHASE,,,-795.94,GBP,,DEB,,
8a41533d85cbca11c52465b001d4a23a,2021-10-22T00:00:00Z,OAKAM LIMITED,-36.59,GBP,DEBIT,PURCHASE,,,-832.53,GBP,,DEB,,
bd64ec1996127f9eee625cf1a5368017,2021-10-20T00:00:00Z,REGENDA REDWING,-150.0,GBP,DEBIT,PURCHASE,,,-982.53,GBP,,DEB,,
c72815dc58af2aec1d85b9fad8aef0c4,2021-10-20T00:00:00Z,WORKING TAX CREDIT,22.42,GBP,CREDIT,CREDIT,,,-960.11,GBP,,BGC,,
5d886dc2fbba93de00f4eaca918f6d5e,2021-10-20T00:00:00Z,PARKRETAIL.CO.UK,-550.0,GBP,DEBIT,PURCHASE,,,-1510.11,GBP,,DEB,,
0d8290620ceea965dbbcf88de89423fa,2021-10-20T00:00:00Z,CHILD TAX CREDIT,345.13,GBP,CREDIT,CREDIT,,,-1164.98,GBP,,BGC,,
0dd86b96a23c8e56b789a97199b2730b,2021-10-19T00:00:00Z,AMAZON PRIME,-7.99,GBP,DEBIT,PURCHASE,,,-1172.97,GBP,,DEB,,
4a8077c0adc55ccc83a8ffdd184209a5,2021-10-19T00:00:00Z,CLEVELEYS.COM,1450.42,GBP,CREDIT,CREDIT,,,277.45,GBP,,DEP,,
36296b186ab44e678caf204ce944a8ee,2021-10-18T00:00:00Z,CIRCLE UK TRADING,82.21,GBP,CREDIT,CREDIT,,,359.66,GBP,,FPI,,
d1339921cb787ed39f83538a5f35d602,2021-10-17T00:00:00Z,MR JOHN SMITH,137.6,GBP,CREDIT,CREDIT,,,497.26,GBP,,BGC,,
5628b3bbc2d14686de517d4236f1e942,2021-10-17T00:00:00Z,AA INSURANCE,-12.73,GBP,DEBIT,DIRECT_DEBIT,,,484.53,GBP,,DD,,
177148650ebf72b65c38420a8c2de2b5,2021-10-17T00:00:00Z,AXA WEALTH LTD,-40.0,GBP,DEBIT,DIRECT_DEBIT,,,444.53,GBP,,DD,,
1404fd6408d51b10ed3cd41d23c1bbfa,2021-10-17T00:00:00Z,MORRISONS PETROL,-20.0,GBP,DEBIT,PURCHASE,,,424.53,GBP,,DEB,,
f84804c2ab91d87462804f62497497a1,2021-10-17T00:00:00Z,SAVE THE CHANGE,-0.63,GBP,DEBIT,BILL_PAYMENT,,,423.9,GBP,,BP,,
63d3d7af1d0f7aa95f5eb6462628c773,2021-10-17T00:00:00Z,TAILSCOM,-6.37,GBP,DEBIT,PURCHASE,,,417.53,GBP,,DEB,,
37c9c91f3593e893baaac2237fda2614,2021-10-15T00:00:00Z,ASDA STOES LTD,-32.0,GBP,DEBIT,PURCHASE,,,385.53,GBP,,DEB,,
c6c33ac573b812532a8f392e36347d10,2021-10-15T00:00:00Z,SAVE THE CHANGE,-0.55,GBP,DEBIT,BILL_PAYMENT,,,384.98,GBP,,BP,,
8bd653dd009b0c36b3e1574ce963eda5,2021-10-15T00:00:00Z,AMAZON BLACK FRIDAY,-15.45,GBP,DEBIT,PURCHASE,,,369.53,GBP,,DEB,,
c0d002a235fbb214bcd2a59ca64e612f,2021-10-15T00:00:00Z,SAVE THE CHANGE,-0.5,GBP,DEBIT,BILL_PAYMENT,,,369.03,GBP,,BP,,
a18a30ac64c852e761a172724dc836fc,2021-10-15T00:00:00Z,TESCO EXTRA,-3.59,GBP,DEBIT,PURCHASE,,,365.44,GBP,,DEB,,
4b6ea085725b25f596ed24ff3b4fe615,2021-10-15T00:00:00Z,PAYPAL EBAY,-10.0,GBP,DEBIT,PURCHASE,,,355.44,GBP,,DEB,,
89401b687368fc2639604d0a0082c777,2021-10-14T00:00:00Z,PAYPAL BETFRED,-2.0,GBP,DEBIT,PURCHASE,,,353.44,GBP,,DEB,,
3815d1babae999e5ec405e39f1c0ff96,2021-10-14T00:00:00Z,MT SECURETRADE LIM,-20.5,GBP,DEBIT,PURCHASE,,,332.94,GBP,,DEB,,
c0f1e0a3e462fe34752cfa5f99e2702f,2021-10-14T00:00:00Z,MT SECURETRADE LIM,43.5,GBP,CREDIT,PURCHASE,,,376.44,GBP,,DEB,,
b90d73240a0ca5665c9ed5b8cbdb6533,2021-10-12T00:00:00Z,SAVE THE CHANGE,-0.41,GBP,DEBIT,BILL_PAYMENT,,,376.03,GBP,,BP,,
25bf144046a844ccfa2ad3cc25c9cae4,2021-10-12T00:00:00Z,AA MEMBERSHIP,-23.11,GBP,DEBIT,DIRECT_DEBIT,,,352.92,GBP,,DD,,
cfe34495a232490a5db6dc8cbe74d977,2021-10-11T00:00:00Z,CIRCLE UK TRADING,50.0,GBP,CREDIT,CREDIT,,,402.92,GBP,,FPI,,
e23dd0f25cd9b699be50a84f98a12d9e,2021-10-11T00:00:00Z,MS JANE DOE,50.0,GBP,CREDIT,TRANSFER,,,452.92,GBP,,TFR,,
caf3dad618893f5c121827e0712f33d9,2021-10-11T00:00:00Z,WORKING TAX CREDIT,22.42,GBP,CREDIT,CREDIT,,,475.34,GBP,,BGC,,
58261e264e2bc325809254b6019b454d,2021-10-11T00:00:00Z,BUTLINS HOLIDAYS,-17.0,GBP,DEBIT,PURCHASE,,,458.34,GBP,,DEB,,
4c6574fa577f2feaef1c28527c380710,2021-10-10T00:00:00Z,AXA WEALTH LTD,-40.0,GBP,DEBIT,DIRECT_DEBIT,,,418.34,GBP,,DD,,
e518cb7feb687c6f0bd82d2bb3081622,2021-10-10T00:00:00Z,ASDA STORES LTD,-5.0,GBP,DEBIT,PURCHASE,,,413.34,GBP,,DEB,,
9040f67dd3a73e4fe8bba4770c739474,2021-10-10T00:00:00Z,RETURNED DD,40.0,GBP,CREDIT,CREDIT,,,453.34,GBP,,DEP,,
c7cf2b1377af9a7083ed5279e72c29a4,2021-10-10T00:00:00Z,CIRCLE UK TRADING,50.36,GBP,CREDIT,CREDIT,,,503.7,GBP,,FPI,,
ad61551077a418a6abfb66fcf6377963,2021-10-10T00:00:00Z,OUTGOING DD,-30.0,GBP,DEBIT,DIRECT_DEBIT,,,473.7,GBP,,DD,,
7125d4374c1b58e15c196f0e85b9594d,2021-10-10T00:00:00Z,EDF ENERGY,-24.5,GBP,DEBIT,BILL_PAYMENT,,,449.2,GBP,,BP,,
2da633c8a15a151f8ab18e79af239438,2021-10-09T00:00:00Z,DVLA LICENCE,-23.62,GBP,DEBIT,DIRECT_DEBIT,,,425.58,GBP,,DD,,
b0708148edff325932b220ad1366a615,2021-10-09T00:00:00Z,DVLA TAX,-20.56,GBP,DEBIT,DIRECT_DEBIT,,,405.02,GBP,,DD,,
7da8987340827ad29149214a38e094cc,2021-10-09T00:00:00Z,SAVE THE CHANGE,-0.41,GBP,DEBIT,BILL_PAYMENT,,,404.61,GBP,,BP,,
cf860c3a47deb209e41741612b147466,2021-10-09T00:00:00Z,MS JANE DOE,70.0,GBP,CREDIT,TRANSFER,,,474.61,GBP,,TFR,,
95a533ebe43d2720722c93c6faa93841,2021-10-08T00:00:00Z,SAVE THE CHANGE,-0.01,GBP,DEBIT,BILL_PAYMENT,,,474.6,GBP,,BP,,
e72529c2fdf4d4d44cfa0b30f020251d,2021-10-08T00:00:00Z,WORKING TAX CREDIT,22.42,GBP,CREDIT,CREDIT,,,497.02,GBP,,BGC,,
8ea3c0e4ba123d1ea732b7035c9f0e00,2021-10-08T00:00:00Z,CREDITREPORTSERVIC,-14.99,GBP,DEBIT,PURCHASE,,,482.03,GBP,,DEB,,
bbdcb91a2edaf8e8267184bc69b2c5c3,2021-10-08T00:00:00Z,REGENDA REDWING RE,-100.0,GBP,DEBIT,PURCHASE,,,382.03,GBP,,DEB,,
dae16a76d6105aa5eaa5a00e16a5331c,2021-10-08T00:00:00Z,BROADWAY GAMING LT CD 0315,-10.0,GBP,DEBIT,PURCHASE,,,372.03,GBP,,DEB,,
edf037e47e0d8128b645431f4b753418,2021-10-08T00:00:00Z,SAVE THE CHANGE,-0.69,GBP,DEBIT,BILL_PAYMENT,,,371.34,GBP,,BP,,
8d873ed2387e57fb2298a3a96bb3c67c,2021-10-08T00:00:00Z,SAVE THE CHANGE,-1.04,GBP,DEBIT,BILL_PAYMENT,,,370.3,GBP,,BP,,
ee1034dce96292407318ff494a2da6c4,2021-10-08T00:00:00Z,BOOKER LIMITED BLA,-24.31,GBP,DEBIT,PURCHASE,,,345.99,GBP,,DEB,,
ae147d0e3d712a8dc785ca6721d1a110,2021-10-07T00:00:00Z,EE & T-MOBILE,-82.37,GBP,DEBIT,PURCHASE,,,263.62,GBP,,DEB,,
ed9445e684949c4de8ba1744ff67c22e,2021-10-07T00:00:00Z,SAVE THE CHANGE,-1.15,GBP,DEBIT,BILL_PAYMENT,,,262.47,GBP,,BP,,
45f155eaeb06cc96ad1d88baf5bc5e9a,2021-10-07T00:00:00Z,MS JANE DOE,-70.0,GBP,DEBIT,TRANSFER,,,192.47,GBP,,TFR,,
8c40bcbcb59bf268e4fe4035fd57f2e9,2021-10-07T00:00:00Z,18db38 Betropolis LTD LC Betropolis,-10.0,GBP,DEBIT,PURCHASE,,,45.1,GBP,,DEB,,
98fc3da1270303a3cab60d1b78c4b179,2021-10-06T00:00:00Z,TESCO MOBILE LTD,-28.25,GBP,DEBIT,PURCHASE,,,164.22,GBP,,DEB,,
99453171dadee84a20713708327860c6,2021-10-06T00:00:00Z,WORKING TAX CREDIT,22.42,GBP,CREDIT,CREDIT,,,186.64,GBP,,BGC,,
a880ef7b120b3ddc9a0910c266a5b42f,2021-10-06T00:00:00Z,W M MORRISONS PLC,-12.89,GBP,DEBIT,PURCHASE,,,173.75,GBP,,DEB,,
5b4a69191a03633c7642c3d3992e3571,2021-10-06T00:00:00Z,TESCO MOBILE LTD,-50.0,GBP,DEBIT,PURCHASE,,,123.75,GBP,,DEB,,
14d203b5ee8929ac4dd663a85c6d4ab6,2021-10-06T00:00:00Z,HOME BARGAINS FLEE,-9.71,GBP,DEBIT,PURCHASE,,,114.04,GBP,,DEB,,
2fc192be309317a9f03dab89646f7762,2021-10-06T00:00:00Z,CHILD TAX CREDIT,346.35,GBP,CREDIT,CREDIT,,,460.39,GBP,,BGC,,
dbfdec953845c8f86202a0c40d981b07,2021-10-06T00:00:00Z,MR JOHN SMITH,137.6,GBP,CREDIT,CREDIT,,,597.99,GBP,,BGC,,
ebcd420f9d82be2e3a6e3dc1d044bf6a,2021-10-06T00:00:00Z,MS JANE DOE,61.89,GBP,CREDIT,TRANSFER,,,659.88,GBP,,TFR,,
5e51da6056e74d69dd62f00e2dae188e,2021-10-06T00:00:00Z,SAVE THE CHANGE,-0.01,GBP,DEBIT,BILL_PAYMENT,,,659.87,GBP,,BP,,
000af02bb1f419b6d3ff76feef336de0,2021-10-06T00:00:00Z,AMAZON PRIME,-5.0,GBP,DEBIT,PURCHASE,,,654.87,GBP,,DEB,,
305be055e54fab9e20e094f23572445a,2021-10-05T00:00:00Z,LNK ATM WITHDRAWAL,-60.0,GBP,DEBIT,ATM,,,594.87,GBP,,CPT,,
00eccbda4b85e613bb21919d4e58622c,2021-10-05T00:00:00Z,SAVE THE CHANGE,-1.89,GBP,DEBIT,BILL_PAYMENT,,,592.98,GBP,,BP,,
45e90b788661db4132107bf36512692d,2021-10-05T00:00:00Z,THE INSURANCE EMPO,-5.79,GBP,DEBIT,DIRECT_DEBIT,,,587.19,GBP,,DD,,
1e765882fcf1526e0aa4f0ee03c51f9e,2021-10-05T00:00:00Z,AMAZON PRIME,-7.99,GBP,DEBIT,PURCHASE,,,579.2,GBP,,DEB,,
c9c7052bfbd04c1623de78d0d0a3efd7,2021-10-05T00:00:00Z,VANQUIS BANK,-23.15,GBP,DEBIT,PURCHASE,,,556.05,GBP,,DEB,,
311dd5709ec20cd922ec9e50aa972941,2021-10-05T00:00:00Z,AA INSURANCE,-12.73,GBP,DEBIT,DIRECT_DEBIT,,,543.32,GBP,,DD,,
97eb3cab29110d9c4b16a6b038928d8f,2021-10-05T00:00:00Z,WWW.TAILS.COM,-6.37,GBP,DEBIT,PURCHASE,,,536.95,GBP,,DEB,,
26c8db55080945ed163e528ac6fba445,2021-10-05T00:00:00Z,ANNATAR,-20.0,GBP,DEBIT,PURCHASE,,,516.95,GBP,,DEB,,
8c90ae4c89148b970193173da5582b52,2021-10-04T00:00:00Z,ANNATAR LIMITED,10.0,GBP,CREDIT,PURCHASE,,,526.95,GBP,,DEB,,
1dad7789ee6fcaa7a981d0876831a0c9,2021-10-04T00:00:00Z,ANYVAN LTD,70.0,GBP,CREDIT,CREDIT,,,596.95,GBP,,FPI,,
798f37a62a4997a755d92bd42aee68a9,2021-10-04T00:00:00Z,ANYVAN LTD,59.17,GBP,CREDIT,CREDIT,,,656.12,GBP,,FPI,,
29b9eced62a7b142446841fd6b659459,2021-10-04T00:00:00Z,LNK ATM LONDON,-20.0,GBP,DEBIT,ATM,,,636.12,GBP,,CPT,,
4975c37109d3b14237656473f2edf52f,2021-10-04T00:00:00Z,LAPTOP DIRECT LTD.,-5.0,GBP,DEBIT,PURCHASE,,,631.12,GBP,,DEB,,
cfa132f0b0a62de06e473b1fb773d000,2021-10-04T00:00:00Z,ANIMAL FRIENDS LTD,-3.07,GBP,DEBIT,DIRECT_DEBIT,,,628.05,GBP,,DD,,
6e23b8ef34b9241a7d6350cdab232af7,2021-10-04T00:00:00Z,LNK ATM WITHDRAWAL,-100.0,GBP,DEBIT,ATM,,,528.05,GBP,,CPT,,
6b01c0f867f66b25333bbe87361da0dc,2021-10-04T00:00:00Z,MR JOHN SMITH,100.0,GBP,CREDIT,TRANSFER,,,628.05,GBP,,TFR,,
e2211cdb6849dc6c13be1b751b48d3b4,2021-10-04T00:00:00Z,INTUIT LIMITED,-3.59,GBP,DEBIT,DIRECT_DEBIT,,,624.46,GBP,,DD,,
bf8caeead6ee8280d599b48c26797fd3,2021-10-04T00:00:00Z,PAYPAL EBAY,25.0,GBP,CREDIT,PURCHASE,,,649.46,GBP,,DEB,,
783f3821f825407e73aa5c87e0d23cad,2021-10-04T00:00:00Z,RENT,-130.0,GBP,DEBIT,BILL_PAYMENT,,,519.46,GBP,,BP,,
460f03bbd58964507ad8bde7da05913a,2021-10-03T00:00:00Z,MS JANE DOE,0.89,GBP,CREDIT,TRANSFER,,,520.35,GBP,,TFR,,
65ecb277fd16ba57d8d753663c0d05c1,2021-10-03T00:00:00Z,SAVE THE CHANGE,-0.41,GBP,DEBIT,BILL_PAYMENT,,,519.94,GBP,,BP,,
0fa527849dfa7eee584fcef99a7b22a7,2021-10-03T00:00:00Z,MS JANE DOE,130.0,GBP,CREDIT,TRANSFER,,,649.94,GBP,,TFR,,
643cff953fc2c76dd9c5197c4eb5c0ce,2021-10-03T00:00:00Z,MR JOHN SMITH,7.0,GBP,CREDIT,TRANSFER,,,656.94,GBP,,TFR,,
fcd737772654602af75a5cd375ef8b69,2021-10-03T00:00:00Z,AA MEMBERSHIP,-23.11,GBP,DEBIT,DIRECT_DEBIT,,,633.83,GBP,,DD,,
4012f07358848b2ab65f4ede3b4c420c,2021-10-03T00:00:00Z,VIRGIN GAMES,35.49,GBP,CREDIT,PURCHASE,,,669.32,GBP,,DEB,,
89e41f78b3dcfc1571a384faf7cb99a2,2021-10-03T00:00:00Z,SAVE THE CHANGE,-0.01,GBP,DEBIT,BILL_PAYMENT,,,669.31,GBP,,BP,,
3aa690e7a9e16a30f332c7523029171a,2021-10-03T00:00:00Z,GOOGLE PLAY STORE,-2.99,GBP,DEBIT,PURCHASE,,,666.32,GBP,,DEB,,
d01255242d6bc432734d1ee66ec87070,2021-10-03T00:00:00Z,TESCO EXTRA,-30.0,GBP,DEBIT,PURCHASE,,,636.32,GBP,,DEB,,
b032d90bbd7e1148975c644c9bead05e,2021-10-03T00:00:00Z,RETURNED DIRECT DEBIT,40.0,GBP,CREDIT,CREDIT,,,676.32,GBP,,DEP,,
4c61bb3a5633174f5da4c14202183e2f,2021-10-03T00:00:00Z,LNK ATM LONDON,-40.0,GBP,DEBIT,ATM,,,636.32,GBP,,CPT,,
aeae624cfd0c6b2735c988464dd77aa0,2021-10-03T00:00:00Z,WWW.ASDA.COM,-5.0,GBP,DEBIT,PURCHASE,,,631.32,GBP,,DEB,,
eacdfa25f17a270bedfd4c61a231fb14,2021-10-02T00:00:00Z,MR JOHN SMITH,30.0,GBP,CREDIT,TRANSFER,,,661.32,GBP,,TFR,,
95528f4209050c6e1317428ccefa6b86,2021-10-02T00:00:00Z,LNK ATM LONDON,-30.0,GBP,DEBIT,ATM,,,631.32,GBP,,CPT,,
7ab9aba5cd6bb20690181169e404117d,2021-10-02T00:00:00Z,MR JOHN SMITH,10.0,GBP,CREDIT,TRANSFER,,,641.32,GBP,,TFR,,
e926cc1635733b8d5c44ecf5b41e4ab0,2021-10-02T00:00:00Z,SAVE THE CHANGE,-0.59,GBP,DEBIT,BILL_PAYMENT,,,640.73,GBP,,BP,,
1fa19a37e09525b21cbd3a487a44af15,2021-10-01T00:00:00Z,TALKTALK TELECOM,-46.82,GBP,DEBIT,PURCHASE,,,593.91,GBP,,DEB,,
adfa6ff5e35942f1cf268471353f0547,2021-10-01T00:00:00Z,ACCOUNT OVERDRAFT FEE,-0.01,GBP,DEBIT,BILL_PAYMENT,,,593.9,GBP,,BP,,
e0079c218c2e1c451c5f9aa0ae5f3fcd,2021-10-01T00:00:00Z,MR JOHN SMITH,-227.0,GBP,DEBIT,TRANSFER,,,366.9,GBP,,TFR,,
6f0d02cab2744cf24bd665b21756203c,2021-10-01T00:00:00Z,TESCO,-39.99,GBP,DEBIT,PURCHASE,,,326.91,GBP,,DEB,,
6000b44798182ac9c9d395e063422c2e,2021-10-01T00:00:00Z,REVOLUT,-0.01,GBP,DEBIT,PURCHASE,,,326.9,GBP,,DEB,,
9d474d3affd53b612012fab2714c5e02,2021-10-01T00:00:00Z,CENTRA,-0.01,GBP,DEBIT,PURCHASE,,,326.89,GBP,,DEB,,
e92494c7806425aea96262498f573033,2021-10-01T00:00:00Z,DUNNES STORES,-0.01,GBP,DEBIT,PURCHASE,,,326.88,GBP,,DEB,,
086492a900e5106fe2787369ab7000b4,2021-10-01T00:00:00Z,SPAR,-0.01,GBP,DEBIT,PURCHASE,,,326.87,GBP,,DEB,,
68ec7a397ad6ec887fc4cda75e185150,2021-10-01T00:00:00Z,SPAR,-0.01,GBP,DEBIT,PURCHASE,,,326.86,GBP,,DEB,,
af444d812208939b4593a549081f2fa0,2021-10-01T00:00:00Z,SUPERVALUE,-0.01,GBP,DEBIT,PURCHASE,,,326.85,GBP,,DEB,,
082ea284ca7103d6ec2f722f5ddd98e7,2021-10-01T00:00:00Z,LIDL,-0.01,GBP,DEBIT,PURCHASE,,,326.84,GBP,,DEB,,
1e28ee52080e3a03b7232d323a5bf104,2021-10-01T00:00:00Z,APLLEGREEN,-0.01,GBP,DEBIT,PURCHASE,,,326.83,GBP,,DEB,,
4bb329b298308b2f713e540e72fc6711,2021-10-01T00:00:00Z,MCDONALD'S,-0.01,GBP,DEBIT,PURCHASE,,,326.82,GBP,,DEB,,
8ed02ff32f06a702de86b260c6b43010,2021-10-01T00:00:00Z,HARVEY NORMAN,-0.01,GBP,DEBIT,PURCHASE,,,326.81,GBP,,DEB,,
7ed0ee5f81926f1c2b0a8cade3dea62d,2021-10-01T00:00:00Z,ULSTER BANK,-0.01,GBP,DEBIT,PURCHASE,,,326.8,GBP,,DEB,,
638131b6e5f88f006c9bc1a9cea46274,2021-10-01T00:00:00Z,CIRCLE K,-0.01,GBP,DEBIT,PURCHASE,,,326.79,GBP,,DEB,,
909a56b7a9fbaea916d77216eaac09b6,2021-10-01T00:00:00Z,BET365,-0.01,GBP,DEBIT,PURCHASE,,,326.78,GBP,,DEB,,
bc4cfe3138f9a08d9098def9a8effbbd,2021-10-01T00:00:00Z,ACCOUNT OVERDRAFT FEE,-0.01,GBP,DEBIT,BILL_PAYMENT,,,326.77,GBP,,BP,,
c30e35b8850177536b545275b5c08219,2021-10-01T00:00:00Z,Sainsbury's,-23.99,GBP,DEBIT,PURCHASE,,,302.78,GBP,,DEB,,
e4413730dc375631fdcbcb0bd8c51ee7,2021-10-01T00:00:00Z,MR JOHN SMITH,-20.91,GBP,DEBIT,TRANSFER,,,282.78,GBP,,TFR,,
552f2fa7e0e1cf004eaffb084eabb5a6,2021-10-01T00:00:00Z,NUDE FINANCE,-10.0,GBP,DEBIT,PURCHASE,,,272.78,GBP,,DEB,,
8ee6d1d2a31e0a5bdf9486d70b72a729,2021-10-01T00:00:00Z,E.ON NEXT,-10.0,GBP,DEBIT,PURCHASE,,,262.78,GBP,,DEB,,
a19e4bbb34ec0e68ea99d72a4c1c18a6,2021-10-01T00:00:00Z,L&G INSURANCE,-10.0,GBP,DEBIT,PURCHASE,,,252.78,GBP,,DEB,,
36dfe9f031bffcb892986bb79a81e28f,2021-10-01T00:00:00Z,HALIFAX,-10.0,GBP,DEBIT,PURCHASE,,,242.78,GBP,,DEB,,
13e6009e03a976cf00d0286af8e53f18,2021-10-01T00:00:00Z,OVO ENERGY,-10.0,GBP,DEBIT,PURCHASE,,,232.78,GBP,,DEB,,
571c59d077e13621d4ef8aa53d548c22,2021-09-28T00:00:00Z,TSB CLEVELEYS,420.0,GBP,CREDIT,CASH,,,-640.42,GBP,,CSH,,
c51e705d7b3e3f68d8b32efa8d7712f9,2021-09-28T00:00:00Z,AMAZON INT'L,-36.59,GBP,DEBIT,PURCHASE,,,-677.01,GBP,,DEB,,
667e7384cdf4fb063c99c9efd2eb7fa2,2021-09-28T00:00:00Z,RETURNED DD,40.0,GBP,CREDIT,CREDIT,,,-637.01,GBP,,DEP,,
5cd709059353a79b26e6419e7c893e44,2021-09-28T00:00:00Z,MR JOHN SMITH,-32.72,GBP,DEBIT,TRANSFER,,,-669.73,GBP,,TFR,,
60bea9c61f3c384c1dba2f269397af43,2021-09-28T00:00:00Z,WORKING TAX CREDIT,22.42,GBP,CREDIT,CREDIT,,,-647.31,GBP,,BGC,,
d6e7674a10c8d78dfa29e0570da35859,2021-09-27T00:00:00Z,MS JANE DOE,-7.93,GBP,DEBIT,TRANSFER,,,-655.24,GBP,,TFR,,
11bb10d435a27d10d385967e25aad7c2,2021-09-27T00:00:00Z,CIRCLE UK TRADING REFUND,50.59,GBP,CREDIT,CREDIT,,,-604.65,GBP,,DEP,,
1bd043ab726964751a2f35187477ba53,2021-09-27T00:00:00Z,MS JANE DOE,15.86,GBP,CREDIT,TRANSFER,,,-588.79,GBP,,TFR,,
d7bf1195bd37518b99b7dacacc1c312f,2021-09-27T00:00:00Z,DVLA LICENSE,-20.56,GBP,DEBIT,DIRECT_DEBIT,,,-609.35,GBP,,DD,,
21427276cb373aefefc127ffae5fd452,2021-09-27T00:00:00Z,E&L INSURANCE,-2.99,GBP,DEBIT,DIRECT_DEBIT,,,-612.34,GBP,,DD,,
2f23308160958974b7160f9692abb4d6,2021-09-27T00:00:00Z,TESCO ONLINE SHOPPING,-23.62,GBP,DEBIT,DIRECT_DEBIT,,,-635.96,GBP,,DD,,
59977dcd32c2baca3c70a937c0ab75f8,2021-09-27T00:00:00Z,PAYPAL EBAY,-7.56,GBP,DEBIT,PURCHASE,,,-643.52,GBP,,DEB,,
2cd44f36bb5ad6a983f81f158baa6e0a,2021-09-25T00:00:00Z,CASHBACK,70.0,GBP,CREDIT,CASH,,,-573.52,GBP,,CSH,,
87849e4e639d53a6aa2c85b9165bbd87,2021-09-25T00:00:00Z,MENS HEALTH SUBSCRIPTION,-24.5,GBP,DEBIT,DIRECT_DEBIT,,,-598.02,GBP,,DD,,
70ce5af6e3edd193259310f908fb3c98,2021-09-25T00:00:00Z,OUTGOING DD,-10.0,GBP,DEBIT,DIRECT_DEBIT,,,-608.02,GBP,,DD,,
da6398039c31509fa4cf97645b795561,2021-09-25T00:00:00Z,SAVE THE CHANGE,-0.41,GBP,DEBIT,BILL_PAYMENT,,,-608.43,GBP,,BP,,
4212960bbf07bb35e3a26b696cfa3fb9,2021-09-25T00:00:00Z,AMAZON PLC,-36.59,GBP,DEBIT,PURCHASE,,,-645.02,GBP,,DEB,,
73b4f172dd50bea47856f84453709868,2021-09-25T00:00:00Z,SAVE THE CHANGE,-0.5,GBP,DEBIT,BILL_PAYMENT,,,-645.52,GBP,,BP,,
f4dab8de101b8a09920503a07a776301,2021-09-25T00:00:00Z,WWW.BINGO.COM,-10.5,GBP,DEBIT,PURCHASE,,,-656.02,GBP,,DEB,,
d60b5085b5046022ba9c41c5d671cc36,2021-09-23T00:00:00Z,MORSES CLUB LTD,-30.0,GBP,DEBIT,PURCHASE,,,-626.02,GBP,,DEB,,
a9799276f387693df7ebca8516d35e25,2021-09-23T00:00:00Z,ANYVAN LTD,32.5,GBP,CREDIT,CREDIT,,,-593.52,GBP,,FPI,,
b99d01b4050173e215edb6ed025978d8,2021-09-23T00:00:00Z,LNK ATM WITHDRAWAL,-100.0,GBP,DEBIT,ATM,,,-693.52,GBP,,CPT,,
7ca580162376daef2edded18e35c276a,2021-09-23T00:00:00Z,SAVE THE CHANGE,-1.57,GBP,DEBIT,BILL_PAYMENT,,,-695.09,GBP,,BP,,
7d8020a3d2f1a4ef2e8a419aafa4426f,2021-09-23T00:00:00Z,WWW.METROBANK.COM,-20.0,GBP,DEBIT,PURCHASE,,,-715.09,GBP,,DEB,,
c8c7f45cfaddb11815627ef397f5a890,2021-09-22T00:00:00Z,AMAZON INT'L,-5.0,GBP,DEBIT,PURCHASE,,,-720.09,GBP,,DEB,,
8a0e70575973e4f107773741079f49e9,2021-09-22T00:00:00Z,SAVE THE CHANGE,-0.01,GBP,DEBIT,BILL_PAYMENT,,,-720.1,GBP,,BP,,
6c634ab4bfc547988e1a966f9e8798e1,2021-09-22T00:00:00Z,TESCO MOBILE LTD,-39.25,GBP,DEBIT,PURCHASE,,,-759.35,GBP,,DEB,,
acdb1ba2cac34558d8b3bb4a6b7d5fbc,2021-09-22T00:00:00Z,PAYPAL WWW.EBAY.COM,-36.59,GBP,DEBIT,PURCHASE,,,-795.94,GBP,,DEB,,
cfc6f898a075ba9e1cee2601fd2c2b18,2021-09-22T00:00:00Z,OAKAM LIMITED,-36.59,GBP,DEBIT,PURCHASE,,,-832.53,GBP,,DEB,,
dd39824f05d89482bfc49f76a2f55f5f,2021-09-20T00:00:00Z,REGENDA REDWING,-150.0,GBP,DEBIT,PURCHASE,,,-982.53,GBP,,DEB,,
128f33c2717133f94f663e49cc63aa70,2021-09-20T00:00:00Z,WORKING TAX CREDIT,22.42,GBP,CREDIT,CREDIT,,,-960.11,GBP,,BGC,,
6cbad4352975e6e134201f3dc0655a82,2021-09-20T00:00:00Z,PARKRETAIL.CO.UK,-550.0,GBP,DEBIT,PURCHASE,,,-1510.11,GBP,,DEB,,
b75af66d7dfc46cbf0735b10295ef109,2021-09-20T00:00:00Z,CHILD TAX CREDIT,345.13,GBP,CREDIT,CREDIT,,,-1164.98,GBP,,BGC,,
a57034dfff0ab103b0eec6e8eea375c6,2021-09-19T00:00:00Z,AMAZON PRIME,-7.99,GBP,DEBIT,PURCHASE,,,-1172.97,GBP,,DEB,,
515fbd7ba595af402b83d6f81c8b88a0,2021-09-19T00:00:00Z,CLEVELEYS.COM,1450.42,GBP,CREDIT,CREDIT,,,277.45,GBP,,DEP,,
c38e11cee895646e6980871a8930fdd8,2021-09-18T00:00:00Z,CIRCLE UK TRADING,82.21,GBP,CREDIT,CREDIT,,,359.66,GBP,,FPI,,
c8925b325255dec67f474b4339951853,2021-09-17T00:00:00Z,MR JOHN SMITH,137.6,GBP,CREDIT,CREDIT,,,497.26,GBP,,BGC,,
f2e6ee39f78024f02c3f314bc4062095,2021-09-17T00:00:00Z,AA INSURANCE,-12.73,GBP,DEBIT,DIRECT_DEBIT,,,484.53,GBP,,DD,,
4032fc6a16683dce6fd91dab46020a7a,2021-09-17T00:00:00Z,AXA WEALTH LTD,-40.0,GBP,DEBIT,DIRECT_DEBIT,,,444.53,GBP,,DD,,
7142952f92f264313525dbb0fbb6ef88,2021-09-17T00:00:00Z,MORRISONS PETROL,-20.0,GBP,DEBIT,PURCHASE,,,424.53,GBP,,DEB,,
1a8730ad1d6040841448f8d72562ffc3,2021-09-17T00:00:00Z,SAVE THE CHANGE,-0.63,GBP,DEBIT,BILL_PAYMENT,,,423.9,GBP,,BP,,
2cc805f2da4461b3582f27e92bc09f34,2021-09-17T00:00:00Z,TAILSCOM,-6.37,GBP,DEBIT,PURCHASE,,,417.53,GBP,,DEB,,
7d3a7a4dcfcc3a7a0dae0e546f0261cb,2021-09-15T00:00:00Z,ASDA STOES LTD,-32.0,GBP,DEBIT,PURCHASE,,,385.53,GBP,,DEB,,
92d6ee6be14fe590726d5bd6aec7a023,2021-09-15T00:00:00Z,SAVE THE CHANGE,-0.55,GBP,DEBIT,BILL_PAYMENT,,,384.98,GBP,,BP,,
72ad76256d861025f59fdc7c42658978,2021-09-15T00:00:00Z,AMAZON BLACK FRIDAY,-15.45,GBP,DEBIT,PURCHASE,,,369.53,GBP,,DEB,,
e808240acc50ad4aa38576df42b7f4c2,2021-09-15T00:00:00Z,SAVE THE CHANGE,-0.5,GBP,DEBIT,BILL_PAYMENT,,,369.03,GBP,,BP,,
402c9eeef20d71d55ff58970540d0b78,2021-09-15T00:00:00Z,TESCO EXTRA,-3.59,GBP,DEBIT,PURCHASE,,,365.44,GBP,,DEB,,
17e8cb28d2fa3912e894380c88408a09,2021-09-15T00:00:00Z,PAYPAL EBAY,-10.0,GBP,DEBIT,PURCHASE,,,355.44,GBP,,DEB,,
5390561d41ca6cd2ef88e44c08f6d642,2021-09-14T00:00:00Z,PAYPAL BETFRED,-2.0,GBP,DEBIT,PURCHASE,,,353.44,GBP,,DEB,,
12843588abe778dd35b623cc8f3e3460,2021-09-14T00:00:00Z,MT SECURETRADE LIM,-20.5,GBP,DEBIT,PURCHASE,,,332.94,GBP,,DEB,,
d89d79d9cffac38485952620c84a7c7f,2021-09-14T00:00:00Z,MT SECURETRADE LIM,43.5,GBP,CREDIT,PURCHASE,,,376.44,GBP,,DEB,,
97578168c48f26aa3bdbcdcbeb478d88,2021-09-12T00:00:00Z,SAVE THE CHANGE,-0.41,GBP,DEBIT,BILL_PAYMENT,,,376.03,GBP,,BP,,
ae7d0f07d18e024b0b0afdffd2b8f5ca,2021-09-12T00:00:00Z,AA MEMBERSHIP,-23.11,GBP,DEBIT,DIRECT_DEBIT,,,352.92,GBP,,DD,,
10f9e7f32690a18b036d9f4852e77ec6,2021-09-11T00:00:00Z,CIRCLE UK TRADING,50.0,GBP,CREDIT,CREDIT,,,402.92,GBP,,FPI,,
8340fbb32fd8b507e5ebb81ee9f6cc6d,2021-09-11T00:00:00Z,MS JANE DOE,50.0,GBP,CREDIT,TRANSFER,,,452.92,GBP,,TFR,,
580c575b6d0a948ea8a329a1d417478f,2021-09-11T00:00:00Z,WORKING TAX CREDIT,22.42,GBP,CREDIT,CREDIT,,,475.34,GBP,,BGC,,
7ad0b2a4d812251dbd0a1debdd63b638,2021-09-11T00:00:00Z,BUTLINS HOLIDAYS,-17.0,GBP,DEBIT,PURCHASE,,,458.34,GBP,,DEB,,
7f65f98e9691842ad1525f73f6f5841f,2021-09-10T00:00:00Z,AXA WEALTH LTD,-40.0,GBP,DEBIT,DIRECT_DEBIT,,,418.34,GBP,,DD,,
87af1fdc574ea93a3f95b4f66560d74f,2021-09-10T00:00:00Z,ASDA STORES LTD,-5.0,GBP,DEBIT,PURCHASE,,,413.34,GBP,,DEB,,
58afb8206df8c7758d3fe39b524b6b36,2021-09-10T00:00:00Z,RETURNED DD,40.0,GBP,CREDIT,CREDIT,,,453.34,GBP,,DEP,,
06b9cd0b091261e90620b4e965780d4c,2021-09-10T00:00:00Z,CIRCLE UK TRADING,50.36,GBP,CREDIT,CREDIT,,,503.7,GBP,,FPI,,
2aea6b5e0273bca2215c7d6431c077e6,2021-09-10T00:00:00Z,OUTGOING DD,-30.0,GBP,DEBIT,DIRECT_DEBIT,,,473.7,GBP,,DD,,
64180e36b225cdfb479af5c577d495fc,2021-09-10T00:00:00Z,EDF ENERGY,-24.5,GBP,DEBIT,BILL_PAYMENT,,,449.2,GBP,,BP,,
92cd78d86decfc0cfb46372b1f759005,2021-09-09T00:00:00Z,DVLA LICENCE,-23.62,GBP,DEBIT,DIRECT_DEBIT,,,425.58,GBP,,DD,,
1427bc58acbb579e19c4ba72e437ce82,2021-09-09T00:00:00Z,DVLA TAX,-20.56,GBP,DEBIT,DIRECT_DEBIT,,,405.02,GBP,,DD,,
391607b3255618f39f5cfd439d86f24c,2021-09-09T00:00:00Z,SAVE THE CHANGE,-0.41,GBP,DEBIT,BILL_PAYMENT,,,404.61,GBP,,BP,,
d9d05c0c2b1c6eae5f56177e04be7d6c,2021-09-09T00:00:00Z,MS JANE DOE,70.0,GBP,CREDIT,TRANSFER,,,474.61,GBP,,TFR,,
81ed9dd0b3f4301410248008b9122749,2021-09-08T00:00:00Z,SAVE THE CHANGE,-0.01,GBP,DEBIT,BILL_PAYMENT,,,474.6,GBP,,BP,,
884d81da49f1598ec68004b19c35322b,2021-09-08T00:00:00Z,WORKING TAX CREDIT,22.42,GBP,CREDIT,CREDIT,,,497.02,GBP,,BGC,,
21f0c3e9b3451de1fbad52d930a84240,2021-09-08T00:00:00Z,CREDITREPORTSERVIC,-14.99,GBP,DEBIT,PURCHASE,,,482.03,GBP,,DEB,,
a7359ad577529a0065ad87eba6e36f29,2021-09-08T00:00:00Z,REGENDA REDWING RE,-100.0,GBP,DEBIT,PURCHASE,,,382.03,GBP,,DEB,,
8e6a89e0b37f240dcc31a6ce6a634569,2021-09-08T00:00:00Z,BROADWAY GAMING LT CD 0315,-10.0,GBP,DEBIT,PURCHASE,,,372.03,GBP,,DEB,,
de82dda5cd4c8b5f58da5cadf3ca9ed6,2021-09-08T00:00:00Z,SAVE THE CHANGE,-0.69,GBP,DEBIT,BILL_PAYMENT,,,371.34,GBP,,BP,,
da75bb0088f24decc5e91733476791a3,2021-09-08T00:00:00Z,SAVE THE CHANGE,-1.04,GBP,DEBIT,BILL_PAYMENT,,,370.3,GBP,,BP,,
8d4693c66ef74a78e95d1a03282512cf,2021-09-08T00:00:00Z,BOOKER LIMITED BLA,-24.31,GBP,DEBIT,PURCHASE,,,345.99,GBP,,DEB,,
5176263feae213a779c714e1a48fb0ad,2021-09-07T00:00:00Z,EE & T-MOBILE,-82.37,GBP,DEBIT,PURCHASE,,,263.62,GBP,,DEB,,
78689e84acd80997eacffe4800590d69,2021-09-07T00:00:00Z,SAVE THE CHANGE,-1.15,GBP,DEBIT,BILL_PAYMENT,,,262.47,GBP,,BP,,
d6db95070e56f5729c5b062f699e9610,2021-09-07T00:00:00Z,MS JANE DOE,-70.0,GBP,DEBIT,TRANSFER,,,192.47,GBP,,TFR,,
d15a55758faff849dd87212740390d46,2021-09-07T00:00:00Z,18db38 Betropolis LTD LC Betropolis,-10.0,GBP,DEBIT,PURCHASE,,,45.1,GBP,,DEB,,
1fe354343c8cbe04ebaa1d5a3e31ca54,2021-09-06T00:00:00Z,TESCO MOBILE LTD,-28.25,GBP,DEBIT,PURCHASE,,,164.22,GBP,,DEB,,
9ec9c056d7587e437fb1796c2bfab442,2021-09-06T00:00:00Z,WORKING TAX CREDIT,22.42,GBP,CREDIT,CREDIT,,,186.64,GBP,,BGC,,
fdc992b0a6f902ef017e52054f3e423b,2021-09-06T00:00:00Z,W M MORRISONS PLC,-12.89,GBP,DEBIT,PURCHASE,,,173.75,GBP,,DEB,,
140a2cb2d7791e61bc0d4087cf8fafb5,2021-09-06T00:00:00Z,TESCO MOBILE LTD,-50.0,GBP,DEBIT,PURCHASE,,,123.75,GBP,,DEB,,
58894c096a0a796e6705edd7024cb763,2021-09-06T00:00:00Z,HOME BARGAINS FLEE,-9.71,GBP,DEBIT,PURCHASE,,,114.04,GBP,,DEB,,
4c0a2605fc014865e8a86f1ce4a926d5,2021-09-06T00:00:00Z,CHILD TAX CREDIT,346.35,GBP,CREDIT,CREDIT,,,460.39,GBP,,BGC,,
4fea0226ed939e86f674f588972eb105,2021-09-06T00:00:00Z,MR JOHN SMITH,137.6,GBP,CREDIT,CREDIT,,,597.99,GBP,,BGC,,
4dd93561adc01914ea771ab7c811c7b4,2021-09-06T00:00:00Z,MS JANE DOE,61.89,GBP,CREDIT,TRANSFER,,,659.88,GBP,,TFR,,
6f7c4e29bbd195a15fe20c01729382ec,2021-09-06T00:00:00Z,SAVE THE CHANGE,-0.01,GBP,DEBIT,BILL_PAYMENT,,,659.87,GBP,,BP,,
3ed5c6e92486c20c540a490dd776bc4f,2021-09-06T00:00:00Z,AMAZON PRIME,-5.0,GBP,DEBIT,PURCHASE,,,654.87,GBP,,DEB,,
6f7bf058857c7139986805fdc696fb3c,2021-09-05T00:00:00Z,LNK ATM WITHDRAWAL,-60.0,GBP,DEBIT,ATM,,,594.87,GBP,,CPT,,
35c3d46d6d5d7d618394d26f8f435b07,2021-09-05T00:00:00Z,SAVE THE CHANGE,-1.89,GBP,DEBIT,BILL_PAYMENT,,,592.98,GBP,,BP,,
ac390be9a0574ad59540ec7d6e3196f5,2021-09-05T00:00:00Z,THE INSURANCE EMPO,-5.79,GBP,DEBIT,DIRECT_DEBIT,,,587.19,GBP,,DD,,
eb17706a37db75b2572adea9dd59c5c5,2021-09-05T00:00:00Z,AMAZON PRIME,-7.99,GBP,DEBIT,PURCHASE,,,579.2,GBP,,DEB,,
00debeec69de72ffb0c9ee011c4652ff,2021-09-05T00:00:00Z,VANQUIS BANK,-23.15,GBP,DEBIT,PURCHASE,,,556.05,GBP,,DEB,,
9431758257170332e0136d5752f22136,2021-09-05T00:00:00Z,AA INSURANCE,-12.73,GBP,DEBIT,DIRECT_DEBIT,,,543.32,GBP,,DD,,
f8340cb68942807b55ec16942a4cb056,2021-09-05T00:00:00Z,WWW.TAILS.COM,-6.37,GBP,DEBIT,PURCHASE,,,536.95,GBP,,DEB,,
932c228c6ea6e22c812bc5d93a5d7f76,2021-09-05T00:00:00Z,ANNATAR,-20.0,GBP,DEBIT,PURCHASE,,,516.95,GBP,,DEB,,
988290d29cf3394f371d83161266f2e0,2021-09-04T00:00:00Z,ANNATAR LIMITED,10.0,GBP,CREDIT,PURCHASE,,,526.95,GBP,,DEB,,
bb8da0cc9f26c449416a34c98e61cca0,2021-09-04T00:00:00Z,ANYVAN LTD,70.0,GBP,CREDIT,CREDIT,,,596.95,GBP,,FPI,,
ab8a033cbdb061326e3e7e685a1a1a19,2021-09-04T00:00:00Z,ANYVAN LTD,59.17,GBP,CREDIT,CREDIT,,,656.12,GBP,,FPI,,
5ca6a4bbf41cfb883160495397331874,2021-09-04T00:00:00Z,LNK ATM LONDON,-20.0,GBP,DEBIT,ATM,,,636.12,GBP,,CPT,,
7b3628b802bf75041ad673a4fe3e6606,2021-09-04T00:00:00Z,LAPTOP DIRECT LTD.,-5.0,GBP,DEBIT,PURCHASE,,,631.12,GBP,,DEB,,
0d8ae23243c83732879e31ec81eda889,2021-09-04T00:00:00Z,ANIMAL FRIENDS LTD,-3.07,GBP,DEBIT,DIRECT_DEBIT,,,628.05,GBP,,DD,,
fbdd4295017c24eae9e0482ec7c41472,2021-09-04T00:00:00Z,LNK ATM WITHDRAWAL,-100.0,GBP,DEBIT,ATM,,,528.05,GBP,,CPT,,
fd5f89b6eebbc5d089c4d8948c609347,2021-09-04T00:00:00Z,MR JOHN SMITH,100.0,GBP,CREDIT,TRANSFER,,,628.05,GBP,,TFR,,
e531b31533c20ced7519af38b99631db,2021-09-04T00:00:00Z,INTUIT LIMITED,-3.59,GBP,DEBIT,DIRECT_DEBIT,,,624.46,GBP,,DD,,
3f042b6d10c6b526d379779442deeceb,2021-09-04T00:00:00Z,PAYPAL EBAY,25.0,GBP,CREDIT,PURCHASE,,,649.46,GBP,,DEB,,
86679843568ca1bdc525868d1878f64e,2021-09-04T00:00:00Z,RENT,-130.0,GBP,DEBIT,BILL_PAYMENT,,,519.46,GBP,,BP,,
dba442915a832fe750f8b6af7f4b622c,2021-09-03T00:00:00Z,MS JANE DOE,0.89,GBP,CREDIT,TRANSFER,,,520.35,GBP,,TFR,,
a7c7c646b5841e2045f531f7a7465693,2021-09-03T00:00:00Z,SAVE THE CHANGE,-0.41,GBP,DEBIT,BILL_PAYMENT,,,519.94,GBP,,BP,,
d58ee8c5455edd1aa8af1ae92560db00,2021-09-03T00:00:00Z,MS JANE DOE,130.0,GBP,CREDIT,TRANSFER,,,649.94,GBP,,TFR,,
4b6fe8d1410a5739cbe9ed907cddf831,2021-09-03T00:00:00Z,MR JOHN SMITH,7.0,GBP,CREDIT,TRANSFER,,,656.94,GBP,,TFR,,
0c3d5da14b8126e3e123880bb5f93e54,2021-09-03T00:00:00Z,AA MEMBERSHIP,-23.11,GBP,DEBIT,DIRECT_DEBIT,,,633.83,GBP,,DD,,
1dc2c29cc8d905eb672a8fa0882f78f0,2021-09-03T00:00:00Z,VIRGIN GAMES,35.49,GBP,CREDIT,PURCHASE,,,669.32,GBP,,DEB,,
08b5297b18d4eaddd5e9004361f7be94,2021-09-03T00:00:00Z,SAVE THE CHANGE,-0.01,GBP,DEBIT,BILL_PAYMENT,,,669.31,GBP,,BP,,
196f55344cb2a603f8f07e3e90089fb5,2021-09-03T00:00:00Z,GOOGLE PLAY STORE,-2.99,GBP,DEBIT,PURCHASE,,,666.32,GBP,,DEB,,
c587aa8ad147610a8eaea9f5687ea1f1,2021-09-03T00:00:00Z,TESCO EXTRA,-30.0,GBP,DEBIT,PURCHASE,,,636.32,GBP,,DEB,,
a97fa2d4e097a1b8c6962953ea9657c2,2021-09-03T00:00:00Z,RETURNED DIRECT DEBIT,40.0,GBP,CREDIT,CREDIT,,,676.32,GBP,,DEP,,
3b4ce223952d1fe8992ba782c6ec7367,2021-09-03T00:00:00Z,LNK ATM LONDON,-40.0,GBP,DEBIT,ATM,,,636.32,GBP,,CPT,,
13ca5fd8ed2cc4d0591165a925c08062,2021-09-03T00:00:00Z,WWW.ASDA.COM,-5.0,GBP,DEBIT,PURCHASE,,,631.32,GBP,,DEB,,
814e8049884792cf1b975e4768c88c20,2021-09-02T00:00:00Z,MR JOHN SMITH,30.0,GBP,CREDIT,TRANSFER,,,661.32,GBP,,TFR,,
d9c69074f134cd2beebcd564d7bcf7fd,2021-09-02T00:00:00Z,LNK ATM LONDON,-30.0,GBP,DEBIT,ATM,,,631.32,GBP,,CPT,,
c908c3d8f7255af75741f152b9523b4b,2021-09-02T00:00:00Z,MR JOHN SMITH,10.0,GBP,CREDIT,TRANSFER,,,641.32,GBP,,TFR,,
6b62efe35c30995dbfe2166e70fbf564,2021-09-02T00:00:00Z,SAVE THE CHANGE,-0.59,GBP,DEBIT,BILL_PAYMENT,,,640.73,GBP,,BP,,
3bb4aa25d9a4f3b42367ce7ab300df57,2021-09-01T00:00:00Z,TALKTALK TELECOM,-46.82,GBP,DEBIT,PURCHASE,,,593.91,GBP,,DEB,,
44b637cb6df404a1604b00a1276c65a6,2021-09-01T00:00:00Z,ACCOUNT OVERDRAFT FEE,-0.01,GBP,DEBIT,BILL_PAYMENT,,,593.9,GBP,,BP,,
9201f3254ae9c6f875179d73140a1863,2021-09-01T00:00:00Z,MR JOHN SMITH,-227.0,GBP,DEBIT,TRANSFER,,,366.9,GBP,,TFR,,
3e6c58eafdc85a7acb41b14c14559224,2021-09-01T00:00:00Z,TESCO,-39.99,GBP,DEBIT,PURCHASE,,,326.91,GBP,,DEB,,
8d58b650cc170bf40298fce7c4186b33,2021-09-01T00:00:00Z,REVOLUT,-0.01,GBP,DEBIT,PURCHASE,,,326.9,GBP,,DEB,,
d2f591296aa4424ba5e8ba3bdf475ec2,2021-09-01T00:00:00Z,CENTRA,-0.01,GBP,DEBIT,PURCHASE,,,326.89,GBP,,DEB,,
6b6950d8fe438398893e5e659c1c6c60,2021-09-01T00:00:00Z,DUNNES STORES,-0.01,GBP,DEBIT,PURCHASE,,,326.88,GBP,,DEB,,
b9a89a0565e494da0b540986e93608e5,2021-09-01T00:00:00Z,SPAR,-0.01,GBP,DEBIT,PURCHASE,,,326.87,GBP,,DEB,,
4ba19797b2a2e8e12425d78c35391423,2021-09-01T00:00:00Z,SPAR,-0.01,GBP,DEBIT,PURCHASE,,,326.86,GBP,,DEB,,
7efee44ce1c542e0ab143cb6217c8643,2021-09-01T00:00:00Z,SUPERVALUE,-0.01,GBP,DEBIT,PURCHASE,,,326.85,GBP,,DEB,,
b7002f6f7758f73e656cc3bbccd42937,2021-09-01T00:00:00Z,LIDL,-0.01,GBP,DEBIT,PURCHASE,,,326.84,GBP,,DEB,,
98fac4f66481fbe2acfb2d154ff88576,2021-09-01T00:00:00Z,APLLEGREEN,-0.01,GBP,DEBIT,PURCHASE,,,326.83,GBP,,DEB,,
c90f6673fb61b5e19f41ab6a15823e22,2021-09-01T00:00:00Z,MCDONALD'S,-0.01,GBP,DEBIT,PURCHASE,,,326.82,GBP,,DEB,,
3dee2a8decca1eb8b8c8cfb698d12d4e,2021-09-01T00:00:00Z,HARVEY NORMAN,-0.01,GBP,DEBIT,PURCHASE,,,326.81,GBP,,DEB,,
26b1c6cc2b65c778e6bb715bf063cca4,2021-09-01T00:00:00Z,ULSTER BANK,-0.01,GBP,DEBIT,PURCHASE,,,326.8,GBP,,DEB,,
7727b674b6687043211bf3fc662eddf9,2021-09-01T00:00:00Z,CIRCLE K,-0.01,GBP,DEBIT,PURCHASE,,,326.79,GBP,,DEB,,
e3a96fdaa07ace7b945ddde36a0cea1f,2021-09-01T00:00:00Z,BET365,-0.01,GBP,DEBIT,PURCHASE,,,326.78,GBP,,DEB,,
2e4259b7ad619da970cbdf62792e463c,2021-09-01T00:00:00Z,ACCOUNT OVERDRAFT FEE,-0.01,GBP,DEBIT,BILL_PAYMENT,,,326.77,GBP,,BP,,
1146d5bf79c3e2710563cbf43793d926,2021-09-01T00:00:00Z,Sainsbury's,-23.99,GBP,DEBIT,PURCHASE,,,302.78,GBP,,DEB,,
e6447654c5cb361dbbef14250e5f6730,2021-09-01T00:00:00Z,MR JOHN SMITH,-20.91,GBP,DEBIT,TRANSFER,,,282.78,GBP,,TFR,,
ea9a19bb4aaa498d8a90a20f8585b4c7,2021-09-01T00:00:00Z,NUDE FINANCE,-10.0,GBP,DEBIT,PURCHASE,,,272.78,GBP,,DEB,,
0fb0359ea5bc60639089f34c438d6953,2021-09-01T00:00:00Z,E.ON NEXT,-10.0,GBP,DEBIT,PURCHASE,,,262.78,GBP,,DEB,,
94bce667ba5ab815c861d4dd37ac35e4,2021-09-01T00:00:00Z,L&G INSURANCE,-10.0,GBP,DEBIT,PURCHASE,,,252.78,GBP,,DEB,,
c630ed7cc753956ab8d10bbb39c7e683,2021-09-01T00:00:00Z,HALIFAX,-10.0,GBP,DEBIT,PURCHASE,,,242.78,GBP,,DEB,,
2066c4dfafb5fb2c6237f17c93259732,2021-09-01T00:00:00Z,OVO ENERGY,-10.0,GBP,DEBIT,PURCHASE,,,232.78,GBP,,DEB,,
3c5b71e41af44181dac3d083e26a7b8b,2021-08-28T00:00:00Z,TSB CLEVELEYS,420.0,GBP,CREDIT,CASH,,,-640.42,GBP,,CSH,,
d41c63a91a83844e2b2ed776933fbbd4,2021-08-28T00:00:00Z,AMAZON INT'L,-36.59,GBP,DEBIT,PURCHASE,,,-677.01,GBP,,DEB,,
84a2e4817ca606f4ad5bdf7a08da8616,2021-08-28T00:00:00Z,RETURNED DD,40.0,GBP,CREDIT,CREDIT,,,-637.01,GBP,,DEP,,
4241cdd4cc4690225b8d6e4013473fa2,2021-08-28T00:00:00Z,MR JOHN SMITH,-32.72,GBP,DEBIT,TRANSFER,,,-669.73,GBP,,TFR,,
3888e4eb24c96988f0c16907ffab9796,2021-08-28T00:00:00Z,WORKING TAX CREDIT,22.42,GBP,CREDIT,CREDIT,,,-647.31,GBP,,BGC,,
54d3e2ddd8d93d5092fbdf73a2165fd1,2021-08-27T00:00:00Z,MS JANE DOE,-7.93,GBP,DEBIT,TRANSFER,,,-655.24,GBP,,TFR,,
f43637fdf3e2c975cbf53b96ce7e1969,2021-08-27T00:00:00Z,CIRCLE UK TRADING REFUND,50.59,GBP,CREDIT,CREDIT,,,-604.65,GBP,,DEP,,
1833afba5d82e9036245e72bc08fbc1a,2021-08-27T00:00:00Z,MS JANE DOE,15.86,GBP,CREDIT,TRANSFER,,,-588.79,GBP,,TFR,,
0608b1d9be8d458e00ba2d3b8fd3376c,2021-08-27T00:00:00Z,DVLA LICENSE,-20.56,GBP,DEBIT,DIRECT_DEBIT,,,-609.35,GBP,,DD,,
ebc6707fc70681758c42772a8cc1ae94,2021-08-27T00:00:00Z,E&L INSURANCE,-2.99,GBP,DEBIT,DIRECT_DEBIT,,,-612.34,GBP,,DD,,
beef4aedb2b650118095f881e57b2856,2021-08-27T00:00:00Z,TESCO ONLINE SHOPPING,-23.62,GBP,DEBIT,DIRECT_DEBIT,,,-635.96,GBP,,DD,,
adea2d71047c3f9aaa6f2ffbdd43f077,2021-08-27T00:00:00Z,PAYPAL EBAY,-7.56,GBP,DEBIT,PURCHASE,,,-643.52,GBP,,DEB,,
384e3ca6a3ac32e1fabafbeb07733dd3,2021-08-25T00:00:00Z,CASHBACK,70.0,GBP,CREDIT,CASH,,,-573.52,GBP,,CSH,,
00defc599e1bc5bee1c78f4b968478e1,2021-08-25T00:00:00Z,MENS HEALTH SUBSCRIPTION,-24.5,GBP,DEBIT,DIRECT_DEBIT,,,-598.02,GBP,,DD,,
84ff6e80c638e4d80810f0470d2da7fa,2021-08-25T00:00:00Z,OUTGOING DD,-10.0,GBP,DEBIT,DIRECT_DEBIT,,,-608.02,GBP,,DD,,
88d7f6f466388bc8d1a49e450286bf36,2021-08-25T00:00:00Z,SAVE THE CHANGE,-0.41,GBP,DEBIT,BILL_PAYMENT,,,-608.43,GBP,,BP,,
380057cecf634ac0f549b5547460d045,2021-08-25T00:00:00Z,AMAZON PLC,-36.59,GBP,DEBIT,PURCHASE,,,-645.02,GBP,,DEB,,
d5313746d86b1787226645cdf815fb89,2021-08-25T00:00:00Z,SAVE THE CHANGE,-0.5,GBP,DEBIT,BILL_PAYMENT,,,-645.52,GBP,,BP,,
16bca506ab1e2d66e6b444cd410d8017,2021-08-25T00:00:00Z,WWW.BINGO.COM,-10.5,GBP,DEBIT,PURCHASE,,,-656.02,GBP,,DEB,,
a5ff1b5b3842059716631790ed0ea92c,2021-08-23T00:00:00Z,MORSES CLUB LTD,-30.0,GBP,DEBIT,PURCHASE,,,-626.02,GBP,,DEB,,
64fc1dee8c0efdb55da05b2f8ab21cef,2021-08-23T00:00:00Z,ANYVAN LTD,32.5,GBP,CREDIT,CREDIT,,,-593.52,GBP,,FPI,,
d7428ed61f96d93f7355c93add8592b4,2021-08-23T00:00:00Z,LNK ATM WITHDRAWAL,-100.0,GBP,DEBIT,ATM,,,-693.52,GBP,,CPT,,
0d1c19867c7cfcda612f94ba901be023,2021-08-23T00:00:00Z,SAVE THE CHANGE,-1.57,GBP,DEBIT,BILL_PAYMENT,,,-695.09,GBP,,BP,,
14159587a8f6aa4db916baf92883527b,2021-08-23T00:00:00Z,WWW.METROBANK.COM,-20.0,GBP,DEBIT,PURCHASE,,,-715.09,GBP,,DEB,,
98575f0278691a6ae5148aaf1fb6edba,2021-08-22T00:00:00Z,AMAZON INT'L,-5.0,GBP,DEBIT,PURCHASE,,,-720.09,GBP,,DEB,,
c15caf2f44bc1b16e7a5371f76972dd8,2021-08-22T00:00:00Z,SAVE THE CHANGE,-0.01,GBP,DEBIT,BILL_PAYMENT,,,-720.1,GBP,,BP,,
97ca554cce3cf71e6a583d63bb879981,2021-08-22T00:00:00Z,TESCO MOBILE LTD,-39.25,GBP,DEBIT,PURCHASE,,,-759.35,GBP,,DEB,,
de9ac201bae4e352e9a0a2ed33440548,2021-08-22T00:00:00Z,PAYPAL WWW.EBAY.COM,-36.59,GBP,DEBIT,PURCHASE,,,-795.94,GBP,,DEB,,
c5059a52083bfdbf1741f7cfa19551b5,2021-08-22T00:00:00Z,OAKAM LIMITED,-36.59,GBP,DEBIT,PURCHASE,,,-832.53,GBP,,DEB,,
0d36ababdc4b848b886128fb28ebd3cb,2021-08-20T00:00:00Z,REGENDA REDWING,-150.0,GBP,DEBIT,PURCHASE,,,-982.53,GBP,,DEB,,
38fd2a31e07412aeafb4dab1f57e8a33,2021-08-20T00:00:00Z,WORKING TAX CREDIT,22.42,GBP,CREDIT,CREDIT,,,-960.11,GBP,,BGC,,
82a845d75b50e78e31e894c0479dac92,2021-08-20T00:00:00Z,PARKRETAIL.CO.UK,-550.0,GBP,DEBIT,PURCHASE,,,-1510.11,GBP,,DEB,,
a1c2297ef41c7f5fb249a53d9532f120,2021-08-20T00:00:00Z,CHILD TAX CREDIT,345.13,GBP,CREDIT,CREDIT,,,-1164.98,GBP,,BGC,,
7935343d8ea840e69215f9e4e29fed04,2021-08-19T00:00:00Z,AMAZON PRIME,-7.99,GBP,DEBIT,PURCHASE,,,-1172.97,GBP,,DEB,,
bf34ee9e8bc85ac4d0a95a6e5da88de9,2021-08-19T00:00:00Z,CLEVELEYS.COM,1450.42,GBP,CREDIT,CREDIT,,,277.45,GBP,,DEP,,
ec7aba4b77f47b73e79836af960d10f9,2021-08-18T00:00:00Z,CIRCLE UK TRADING,82.21,GBP,CREDIT,CREDIT,,,359.66,GBP,,FPI,,
d380106b07d64db7536a4962db19c4f7,2021-08-17T00:00:00Z,MR JOHN SMITH,137.6,GBP,CREDIT,CREDIT,,,497.26,GBP,,BGC,,
1dd12da174ffbf6564265ece217a31be,2021-08-17T00:00:00Z,AA INSURANCE,-12.73,GBP,DEBIT,DIRECT_DEBIT,,,484.53,GBP,,DD,,
c65b0df7782ead6c5c697f51ea83a650,2021-08-17T00:00:00Z,AXA WEALTH LTD,-40.0,GBP,DEBIT,DIRECT_DEBIT,,,444.53,GBP,,DD,,
374330637f94dc17bb2bfa0655c128f3,2021-08-17T00:00:00Z,MORRISONS PETROL,-20.0,GBP,DEBIT,PURCHASE,,,424.53,GBP,,DEB,,
7dcadea973e8a4e9d3b35adc96559b37,2021-08-17T00:00:00Z,SAVE THE CHANGE,-0.63,GBP,DEBIT,BILL_PAYMENT,,,423.9,GBP,,BP,,
19bea1a5d390ab6a11678e977f612fce,2021-08-17T00:00:00Z,TAILSCOM,-6.37,GBP,DEBIT,PURCHASE,,,417.53,GBP,,DEB,,
7dc62858228435a7a35559caa96d1fad,2021-08-15T00:00:00Z,ASDA STOES LTD,-32.0,GBP,DEBIT,PURCHASE,,,385.53,GBP,,DEB,,
8627e2a1d1ec4c5513dfcbdf59270ac2,2021-08-15T00:00:00Z,SAVE THE CHANGE,-0.55,GBP,DEBIT,BILL_PAYMENT,,,384.98,GBP,,BP,,
46d7ffc539723ab5a2e2a1c55d07d91d,2021-08-15T00:00:00Z,AMAZON BLACK FRIDAY,-15.45,GBP,DEBIT,PURCHASE,,,369.53,GBP,,DEB,,
1f4e02d0f67960a4ad482e66eaf3b483,2021-08-15T00:00:00Z,SAVE THE CHANGE,-0.5,GBP,DEBIT,BILL_PAYMENT,,,369.03,GBP,,BP,,
9412065a63d681ef50cd61ee02427b79,2021-08-15T00:00:00Z,TESCO EXTRA,-3.59,GBP,DEBIT,PURCHASE,,,365.44,GBP,,DEB,,
320bdb7dbb7774ecf083d3794230d209,2021-08-15T00:00:00Z,PAYPAL EBAY,-10.0,GBP,DEBIT,PURCHASE,,,355.44,GBP,,DEB,,
60adc4b9be2e0e0af3688975c9afaacf,2021-08-14T00:00:00Z,PAYPAL BETFRED,-2.0,GBP,DEBIT,PURCHASE,,,353.44,GBP,,DEB,,
fc61233808e534b7a18b8f47f4944bc5,2021-08-14T00:00:00Z,MT SECURETRADE LIM,-20.5,GBP,DEBIT,PURCHASE,,,332.94,GBP,,DEB,,
c683e6d1303bd7f8e57d98c2e61302c4,2021-08-14T00:00:00Z,MT SECURETRADE LIM,43.5,GBP,CREDIT,PURCHASE,,,376.44,GBP,,DEB,,
0c8b3d1510286c15f4cca389b012ba38,2021-08-12T00:00:00Z,SAVE THE CHANGE,-0.41,GBP,DEBIT,BILL_PAYMENT,,,376.03,GBP,,BP,,
21ed00ae82448e4377807e8f0695c900,2021-08-12T00:00:00Z,AA MEMBERSHIP,-23.11,GBP,DEBIT,DIRECT_DEBIT,,,352.92,GBP,,DD,,
858a000de293b052c5748eb12d335039,2021-08-11T00:00:00Z,CIRCLE UK TRADING,50.0,GBP,CREDIT,CREDIT,,,402.92,GBP,,FPI,,
fc0c213ec605c25b2d9844d964868ae4,2021-08-11T00:00:00Z,MS JANE DOE,50.0,GBP,CREDIT,TRANSFER,,,452.92,GBP,,TFR,,
3e7b04acbce5d8dde6ab9f19bcbd9b06,2021-08-11T00:00:00Z,WORKING TAX CREDIT,22.42,GBP,CREDIT,CREDIT,,,475.34,GBP,,BGC,,
ffb49559daf5f0b340342cdee938047c,2021-08-11T00:00:00Z,BUTLINS HOLIDAYS,-17.0,GBP,DEBIT,PURCHASE,,,458.34,GBP,,DEB,,
f2966872f0eddf4416340c3392262ccd,2021-08-10T00:00:00Z,AXA WEALTH LTD,-40.0,GBP,DEBIT,DIRECT_DEBIT,,,418.34,GBP,,DD,,
3ee8ca527e1c8874288fed738cfa2257,2021-08-10T00:00:00Z,ASDA STORES LTD,-5.0,GBP,DEBIT,PURCHASE,,,413.34,GBP,,DEB,,
0c948824b4d8a9316e1fbdfb04e71ac6,2021-08-10T00:00:00Z,RETURNED DD,40.0,GBP,CREDIT,CREDIT,,,453.34,GBP,,DEP,,
2a92c911fbd4e07ab5a23bd772191eb0,2021-08-10T00:00:00Z,CIRCLE UK TRADING,50.36,GBP,CREDIT,CREDIT,,,503.7,GBP,,FPI,,
517aa06cee9fe3ec32741267b9478398,2021-08-10T00:00:00Z,OUTGOING DD,-30.0,GBP,DEBIT,DIRECT_DEBIT,,,473.7,GBP,,DD,,
aa9572cf2d70fb421d54052c3b83e20e,2021-08-10T00:00:00Z,EDF ENERGY,-24.5,GBP,DEBIT,BILL_PAYMENT,,,449.2,GBP,,BP,,
cab7009013bdeab743a5b40f5d93f9cc,2021-08-09T00:00:00Z,DVLA LICENCE,-23.62,GBP,DEBIT,DIRECT_DEBIT,,,425.58,GBP,,DD,,
f0dca58af1e7ff6fd3ad6c74f41f2ea8,2021-08-09T00:00:00Z,DVLA TAX,-20.56,GBP,DEBIT,DIRECT_DEBIT,,,405.02,GBP,,DD,,
99323cf0a5b575d3b65da7186cd75615,2021-08-09T00:00:00Z,SAVE THE CHANGE,-0.41,GBP,DEBIT,BILL_PAYMENT,,,404.61,GBP,,BP,,
4b94a60b8fa288922614f41c53116460,2021-08-09T00:00:00Z,MS JANE DOE,70.0,GBP,CREDIT,TRANSFER,,,474.61,GBP,,TFR,,
f9ca9c78cf18859ac7e2755de48408e8,2021-08-08T00:00:00Z,SAVE THE CHANGE,-0.01,GBP,DEBIT,BILL_PAYMENT,,,474.6,GBP,,BP,,
1da890712bae5f570b8f7064504057ab,2021-08-08T00:00:00Z,WORKING TAX CREDIT,22.42,GBP,CREDIT,CREDIT,,,497.02,GBP,,BGC,,
d17a8fc86340b5b1b231d33b1a8581fe,2021-08-08T00:00:00Z,CREDITREPORTSERVIC,-14.99,GBP,DEBIT,PURCHASE,,,482.03,GBP,,DEB,,
e0d4005a3b226c24989b2c3da7b926dd,2021-08-08T00:00:00Z,REGENDA REDWING RE,-100.0,GBP,DEBIT,PURCHASE,,,382.03,GBP,,DEB,,
4eeeb85cab161eca911783bd3a2971b6,2021-08-08T00:00:00Z,BROADWAY GAMING LT CD 0315,-10.0,GBP,DEBIT,PURCHASE,,,372.03,GBP,,DEB,,
41b8d33f3b212518837906b88f47ab15,2021-08-08T00:00:00Z,SAVE THE CHANGE,-0.69,GBP,DEBIT,BILL_PAYMENT,,,371.34,GBP,,BP,,
a157a6a67dc2b86be5b14ce7955bef65,2021-08-08T00:00:00Z,SAVE THE CHANGE,-1.04,GBP,DEBIT,BILL_PAYMENT,,,370.3,GBP,,BP,,
576059b7701032c2a5e07bcf4f152eba,2021-08-08T00:00:00Z,BOOKER LIMITED BLA,-24.31,GBP,DEBIT,PURCHASE,,,345.99,GBP,,DEB,,
742a6e02d0808ddee32a5e5ee3bc10b7,2021-08-07T00:00:00Z,EE & T-MOBILE,-82.37,GBP,DEBIT,PURCHASE,,,263.62,GBP,,DEB,,
e3eecd0b5ae9779da3ab9ffc28f0564e,2021-08-07T00:00:00Z,SAVE THE CHANGE,-1.15,GBP,DEBIT,BILL_PAYMENT,,,262.47,GBP,,BP,,
d25a7e211f575515120798672d5d44fc,2021-08-07T00:00:00Z,MS JANE DOE,-70.0,GBP,DEBIT,TRANSFER,,,192.47,GBP,,TFR,,
65177a30715bff2d553a696e29cd6fe3,2021-08-07T00:00:00Z,18db38 Betropolis LTD LC Betropolis,-10.0,GBP,DEBIT,PURCHASE,,,45.1,GBP,,DEB,,
b82b1852d3a5891197428fa941f4491b,2021-08-06T00:00:00Z,TESCO MOBILE LTD,-28.25,GBP,DEBIT,PURCHASE,,,164.22,GBP,,DEB,,
41184f4c255368c75a4226a91a3b44fd,2021-08-06T00:00:00Z,WORKING TAX CREDIT,22.42,GBP,CREDIT,CREDIT,,,186.64,GBP,,BGC,,
a5240e7ef5b5334246f59e119eb22cfe,2021-08-06T00:00:00Z,W M MORRISONS PLC,-12.89,GBP,DEBIT,PURCHASE,,,173.75,GBP,,DEB,,
a31f6bd27600a6ba1439e1ff0437ab22,2021-08-06T00:00:00Z,TESCO MOBILE LTD,-50.0,GBP,DEBIT,PURCHASE,,,123.75,GBP,,DEB,,
13af9a49cf880fad6ebc93bd7c022aa6,2021-08-06T00:00:00Z,HOME BARGAINS FLEE,-9.71,GBP,DEBIT,PURCHASE,,,114.04,GBP,,DEB,,
4f9c21fc315f5f83bb54a154e4478d98,2021-08-06T00:00:00Z,CHILD TAX CREDIT,346.35,GBP,CREDIT,CREDIT,,,460.39,GBP,,BGC,,
81dd4f8b46928dc9869f0b0b024adcd9,2021-08-06T00:00:00Z,MR JOHN SMITH,137.6,GBP,CREDIT,CREDIT,,,597.99,GBP,,BGC,,
aead69710eccecb4cc09690b1fe64e5f,2021-08-06T00:00:00Z,MS JANE DOE,61.89,GBP,CREDIT,TRANSFER,,,659.88,GBP,,TFR,,
f0853f7595e99e5cb1cf6f52fdb827a7,2021-08-06T00:00:00Z,SAVE THE CHANGE,-0.01,GBP,DEBIT,BILL_PAYMENT,,,659.87,GBP,,BP,,
3dc45478aee74cfb50556676ac33cba0,2021-08-06T00:00:00Z,AMAZON PRIME,-5.0,GBP,DEBIT,PURCHASE,,,654.87,GBP,,DEB,,
4ef1516c8a65ed5eba3887b1674acdc7,2021-08-05T00:00:00Z,LNK ATM WITHDRAWAL,-60.0,GBP,DEBIT,ATM,,,594.87,GBP,,CPT,,
9c0e0e670d3723b9ca31f6bd84003cc9,2021-08-05T00:00:00Z,SAVE THE CHANGE,-1.89,GBP,DEBIT,BILL_PAYMENT,,,592.98,GBP,,BP,,
b2d83602b97a13e1621637ecd086df5e,2021-08-05T00:00:00Z,THE INSURANCE EMPO,-5.79,GBP,DEBIT,DIRECT_DEBIT,,,587.19,GBP,,DD,,
92ac144c7abaf7a51bc2807e02e6dcfc,2021-08-05T00:00:00Z,AMAZON PRIME,-7.99,GBP,DEBIT,PURCHASE,,,579.2,GBP,,DEB,,
9de6f0405cd14f06405659190f4e7c73,2021-08-05T00:00:00Z,VANQUIS BANK,-23.15,GBP,DEBIT,PURCHASE,,,556.05,GBP,,DEB,,
35ddbed6eb33f90b7473a811d4eef519,2021-08-05T00:00:00Z,AA INSURANCE,-12.73,GBP,DEBIT,DIRECT_DEBIT,,,543.32,GBP,,DD,,
3d1be59cab1b420bfa40cf5ff712d350,2021-08-05T00:00:00Z,WWW.TAILS.COM,-6.37,GBP,DEBIT,PURCHASE,,,536.95,GBP,,DEB,,
7279a1146b936ae9d19da6db493be1da,2021-08-05T00:00:00Z,ANNATAR,-20.0,GBP,DEBIT,PURCHASE,,,516.95,GBP,,DEB,,
e7800ac2ffe4c8d499150684e0f40ae2,2021-08-04T00:00:00Z,ANNATAR LIMITED,10.0,GBP,CREDIT,PURCHASE,,,526.95,GBP,,DEB,,
085d5b8d168fb49e628d2c982be95505,2021-08-04T00:00:00Z,ANYVAN LTD,70.0,GBP,CREDIT,CREDIT,,,596.95,GBP,,FPI,,
0e20c4d00c539e8a347b0bf052ddd88e,2021-08-04T00:00:00Z,ANYVAN LTD,59.17,GBP,CREDIT,CREDIT,,,656.12,GBP,,FPI,,
5a0275194ea2ef50a85a49d52a375e3d,2021-08-04T00:00:00Z,LNK ATM LONDON,-20.0,GBP,DEBIT,ATM,,,636.12,GBP,,CPT,,
c187e5b79cf73f777049125914ea96c0,2021-08-04T00:00:00Z,LAPTOP DIRECT LTD.,-5.0,GBP,DEBIT,PURCHASE,,,631.12,GBP,,DEB,,
21b72dee863d91228266990457af9ef1,2021-08-04T00:00:00Z,ANIMAL FRIENDS LTD,-3.07,GBP,DEBIT,DIRECT_DEBIT,,,628.05,GBP,,DD,,
dda094c61d1dac7063edfe873e68b579,2021-08-04T00:00:00Z,LNK ATM WITHDRAWAL,-100.0,GBP,DEBIT,ATM,,,528.05,GBP,,CPT,,
44d0477a4c6d1d8a09f14bfea696f960,2021-08-04T00:00:00Z,MR JOHN SMITH,100.0,GBP,CREDIT,TRANSFER,,,628.05,GBP,,TFR,,
66e55336323c417227fdbec6dfe44d6e,2021-08-04T00:00:00Z,INTUIT LIMITED,-3.59,GBP,DEBIT,DIRECT_DEBIT,,,624.46,GBP,,DD,,
bb9208abed79ee5b93440c2ff97553ad,2021-08-04T00:00:00Z,PAYPAL EBAY,25.0,GBP,CREDIT,PURCHASE,,,649.46,GBP,,DEB,,
3ad46e89668954bbd22b9de9eedfc10b,2021-08-04T00:00:00Z,RENT,-130.0,GBP,DEBIT,BILL_PAYMENT,,,519.46,GBP,,BP,,
ddc37145b6a553b60213a43ade2e2ad6,2021-08-03T00:00:00Z,MS JANE DOE,0.89,GBP,CREDIT,TRANSFER,,,520.35,GBP,,TFR,,
5f4ab4eedc07d766fbe27471092f3abd,2021-08-03T00:00:00Z,SAVE THE CHANGE,-0.41,GBP,DEBIT,BILL_PAYMENT,,,519.94,GBP,,BP,,
63e7d0fd486ebb91c37a7a8deaafa6e0,2021-08-03T00:00:00Z,MS JANE DOE,130.0,GBP,CREDIT,TRANSFER,,,649.94,GBP,,TFR,,
2589b63aaa6114b2c4dabf531df839e1,2021-08-03T00:00:00Z,MR JOHN SMITH,7.0,GBP,CREDIT,TRANSFER,,,656.94,GBP,,TFR,,
a8bebcb836e3fb465c41f2926ddf774c,2021-08-03T00:00:00Z,AA MEMBERSHIP,-23.11,GBP,DEBIT,DIRECT_DEBIT,,,633.83,GBP,,DD,,
914795521f46f88ac0c100dfa6044167,2021-08-03T00:00:00Z,VIRGIN GAMES,35.49,GBP,CREDIT,PURCHASE,,,669.32,GBP,,DEB,,
9233806980429e4afa5f0d039fdbce5d,2021-08-03T00:00:00Z,SAVE THE CHANGE,-0.01,GBP,DEBIT,BILL_PAYMENT,,,669.31,GBP,,BP,,
d609b37ab4a1214358256861e549d045,2021-08-03T00:00:00Z,GOOGLE PLAY STORE,-2.99,GBP,DEBIT,PURCHASE,,,666.32,GBP,,DEB,,
7ef77b70a1a4b3b7e1c5d25960b6d544,2021-08-03T00:00:00Z,TESCO EXTRA,-30.0,GBP,DEBIT,PURCHASE,,,636.32,GBP,,DEB,,
44f1caee6a99856446e5f907f6dcba52,2021-08-03T00:00:00Z,RETURNED DIRECT DEBIT,40.0,GBP,CREDIT,CREDIT,,,676.32,GBP,,DEP,,
23dabff23864cdf5449025922b9ff17b,2021-08-03T00:00:00Z,LNK ATM LONDON,-40.0,GBP,DEBIT,ATM,,,636.32,GBP,,CPT,,
a33d4a920828272096a2b60283707cd9,2021-08-03T00:00:00Z,WWW.ASDA.COM,-5.0,GBP,DEBIT,PURCHASE,,,631.32,GBP,,DEB,,
15c895d4f04bee50f8f74c51fa4321a0,2021-08-02T00:00:00Z,MR JOHN SMITH,30.0,GBP,CREDIT,TRANSFER,,,661.32,GBP,,TFR,,
e5f5267363f9b93459114a88d4144e48,2021-08-02T00:00:00Z,LNK ATM LONDON,-30.0,GBP,DEBIT,ATM,,,631.32,GBP,,CPT,,
c5a4d62b9a8a011670b291c0b83aafa9,2021-08-02T00:00:00Z,MR JOHN SMITH,10.0,GBP,CREDIT,TRANSFER,,,641.32,GBP,,TFR,,
848af0e336d335a01d6f60eca1694d30,2021-08-02T00:00:00Z,SAVE THE CHANGE,-0.59,GBP,DEBIT,BILL_PAYMENT,,,640.73,GBP,,BP,,
1cd9d3286f990c4fb7e4c5a582ecd817,2021-08-01T00:00:00Z,TALKTALK TELECOM,-46.82,GBP,DEBIT,PURCHASE,,,593.91,GBP,,DEB,,
c374234a97f461cf46217550f522f5dc,2021-08-01T00:00:00Z,ACCOUNT OVERDRAFT FEE,-0.01,GBP,DEBIT,BILL_PAYMENT,,,593.9,GBP,,BP,,
9fecf54363a4374bb503393352fe2da4,2021-08-01T00:00:00Z,MR JOHN SMITH,-227.0,GBP,DEBIT,TRANSFER,,,366.9,GBP,,TFR,,
f2a783f6a081395d44181c81efeeec8d,2021-08-01T00:00:00Z,TESCO,-39.99,GBP,DEBIT,PURCHASE,,,326.91,GBP,,DEB,,
90079a12797c5df3388f0e115296f9a0,2021-08-01T00:00:00Z,REVOLUT,-0.01,GBP,DEBIT,PURCHASE,,,326.9,GBP,,DEB,,
398908615449cf655ec99d0aae51b150,2021-08-01T00:00:00Z,CENTRA,-0.01,GBP,DEBIT,PURCHASE,,,326.89,GBP,,DEB,,
e9452dab6646a75b77c9f7cf89043e7e,2021-08-01T00:00:00Z,DUNNES STORES,-0.01,GBP,DEBIT,PURCHASE,,,326.88,GBP,,DEB,,
86a9eadb194552caae99a3a45b5be0e0,2021-08-01T00:00:00Z,SPAR,-0.01,GBP,DEBIT,PURCHASE,,,326.87,GBP,,DEB,,
1746a039ee35385ff572586b02a00370,2021-08-01T00:00:00Z,SPAR,-0.01,GBP,DEBIT,PURCHASE,,,326.86,GBP,,DEB,,
8ecabdf96d5e5ef104dff7e87766f151,2021-08-01T00:00:00Z,SUPERVALUE,-0.01,GBP,DEBIT,PURCHASE,,,326.85,GBP,,DEB,,
5b702d303e2155524339b73cfa492e28,2021-08-01T00:00:00Z,LIDL,-0.01,GBP,DEBIT,PURCHASE,,,326.84,GBP,,DEB,,
f1f6d553f78ef4d6e6347905b1177478,2021-08-01T00:00:00Z,APLLEGREEN,-0.01,GBP,DEBIT,PURCHASE,,,326.83,GBP,,DEB,,
af180ac789e320ea8e96c5789fa4956c,2021-08-01T00:00:00Z,MCDONALD'S,-0.01,GBP,DEBIT,PURCHASE,,,326.82,GBP,,DEB,,
28a1839b2bfcc02f06b59ac614eb3a72,2021-08-01T00:00:00Z,HARVEY NORMAN,-0.01,GBP,DEBIT,PURCHASE,,,326.81,GBP,,DEB,,
dc47659dbe554bfd3d650e4c5b1e1470,2021-08-01T00:00:00Z,ULSTER BANK,-0.01,GBP,DEBIT,PURCHASE,,,326.8,GBP,,DEB,,
4a2f9c9e2b42d10e04d890c855a65cd2,2021-08-01T00:00:00Z,CIRCLE K,-0.01,GBP,DEBIT,PURCHASE,,,326.79,GBP,,DEB,,
3cb0d8aeaa927eb9826a3faf0a443402,2021-08-01T00:00:00Z,BET365,-0.01,GBP,DEBIT,PURCHASE,,,326.78,GBP,,DEB,,
9c2ca76d9a71a0c812c890fe484f2a37,2021-08-01T00:00:00Z,ACCOUNT OVERDRAFT FEE,-0.01,GBP,DEBIT,BILL_PAYMENT,,,326.77,GBP,,BP,,
013ccbd4b158e3c697bc2dd252fcdb4b,2021-08-01T00:00:00Z,Sainsbury's,-23.99,GBP,DEBIT,PURCHASE,,,302.78,GBP,,DEB,,
db9103e8809d6eb2272199f57ec55215,2021-08-01T00:00:00Z,MR JOHN SMITH,-20.91,GBP,DEBIT,TRANSFER,,,282.78,GBP,,TFR,,
f23aa8a2781e4db992135bb869a68fb5,2021-08-01T00:00:00Z,NUDE FINANCE,-10.0,GBP,DEBIT,PURCHASE,,,272.78,GBP,,DEB,,
f12fade7d253932aa615dfe667f5c777,2021-08-01T00:00:00Z,E.ON NEXT,-10.0,GBP,DEBIT,PURCHASE,,,262.78,GBP,,DEB,,
f6dc7fc42b2e9ac9a752a6ec673f7df9,2021-08-01T00:00:00Z,L&G INSURANCE,-10.0,GBP,DEBIT,PURCHASE,,,252.78,GBP,,DEB,,
5c6e8027905cc3b23f9c89bfa85e1618,2021-08-01T00:00:00Z,HALIFAX,-10.0,GBP,DEBIT,PURCHASE,,,242.78,GBP,,DEB,,
68fb26dc5cbf0b35a43ef13f621891ae,2021-08-01T00:00:00Z,OVO ENERGY,-10.0,GBP,DEBIT,PURCHASE,,,232.78,GBP,,DEB,,
be7da4864a16e5e857278fa8dfc56eee,2021-07-28T00:00:00Z,TSB CLEVELEYS,420.0,GBP,CREDIT,CASH,,,-640.42,GBP,,CSH,,
e4672d52f3a3853e1e1f3c7cdfea7039,2021-07-28T00:00:00Z,AMAZON INT'L,-36.59,GBP,DEBIT,PURCHASE,,,-677.01,GBP,,DEB,,
e603ae88debc46d6f8d9a38169e303ce,2021-07-28T00:00:00Z,RETURNED DD,40.0,GBP,CREDIT,CREDIT,,,-637.01,GBP,,DEP,,
a12e394fc44778f278d47e2c0a15e3f3,2021-07-28T00:00:00Z,MR JOHN SMITH,-32.72,GBP,DEBIT,TRANSFER,,,-669.73,GBP,,TFR,,
c4da522a6abf1ff5f4640d6da8a90e0d,2021-07-28T00:00:00Z,WORKING TAX CREDIT,22.42,GBP,CREDIT,CREDIT,,,-647.31,GBP,,BGC,,
59d9898553b6ec2f3118347568fea520,2021-07-27T00:00:00Z,MS JANE DOE,-7.93,GBP,DEBIT,TRANSFER,,,-655.24,GBP,,TFR,,
e6cd94743d055d26c3486e94c51e4b32,2021-07-27T00:00:00Z,CIRCLE UK TRADING REFUND,50.59,GBP,CREDIT,CREDIT,,,-604.65,GBP,,DEP,,
27aa5b150a89b96606f3e9507bfeac97,2021-07-27T00:00:00Z,MS JANE DOE,15.86,GBP,CREDIT,TRANSFER,,,-588.79,GBP,,TFR,,
66453c1caf0f6b92555acc0e73e042d1,2021-07-27T00:00:00Z,DVLA LICENSE,-20.56,GBP,DEBIT,DIRECT_DEBIT,,,-609.35,GBP,,DD,,
6d994b9fb5635d8beada7fb4896b0d2e,2021-07-27T00:00:00Z,E&L INSURANCE,-2.99,GBP,DEBIT,DIRECT_DEBIT,,,-612.34,GBP,,DD,,
3f6708eb75bc865903896b05a771fd2a,2021-07-27T00:00:00Z,TESCO ONLINE SHOPPING,-23.62,GBP,DEBIT,DIRECT_DEBIT,,,-635.96,GBP,,DD,,
dd5ef0f11a2008430a956229f0c65f5c,2021-07-27T00:00:00Z,PAYPAL EBAY,-7.56,GBP,DEBIT,PURCHASE,,,-643.52,GBP,,DEB,,
fbf773328b282ef0d1305cb9fb0e1d63,2021-07-25T00:00:00Z,CASHBACK,70.0,GBP,CREDIT,CASH,,,-573.52,GBP,,CSH,,
73457daa2ec0f8eee443e5f5858eefcf,2021-07-25T00:00:00Z,MENS HEALTH SUBSCRIPTION,-24.5,GBP,DEBIT,DIRECT_DEBIT,,,-598.02,GBP,,DD,,
66c926c2522b0af36af3ef17996753a8,2021-07-25T00:00:00Z,OUTGOING DD,-10.0,GBP,DEBIT,DIRECT_DEBIT,,,-608.02,GBP,,DD,,
b95ec30af9cedbd9689f34befeb6a892,2021-07-25T00:00:00Z,SAVE THE CHANGE,-0.41,GBP,DEBIT,BILL_PAYMENT,,,-608.43,GBP,,BP,,
84c577ce2304dbb1ee68c55e9d3e505a,2021-07-25T00:00:00Z,AMAZON PLC,-36.59,GBP,DEBIT,PURCHASE,,,-645.02,GBP,,DEB,,
41bd46b751d9b21d9e7fb295c32a099b,2021-07-25T00:00:00Z,SAVE THE CHANGE,-0.5,GBP,DEBIT,BILL_PAYMENT,,,-645.52,GBP,,BP,,
e86611c1ce4dafa045875ee6298f8a99,2021-07-25T00:00:00Z,WWW.BINGO.COM,-10.5,GBP,DEBIT,PURCHASE,,,-656.02,GBP,,DEB,,
233457b4cef8ffa4670cc809381b6ddf,2021-07-23T00:00:00Z,MORSES CLUB LTD,-30.0,GBP,DEBIT,PURCHASE,,,-626.02,GBP,,DEB,,
7709a800e91b25660e0df64f00833687,2021-07-23T00:00:00Z,ANYVAN LTD,32.5,GBP,CREDIT,CREDIT,,,-593.52,GBP,,FPI,,
51e508dd45393dce4b08318a306f0865,2021-07-23T00:00:00Z,LNK ATM WITHDRAWAL,-100.0,GBP,DEBIT,ATM,,,-693.52,GBP,,CPT,,
72e80e2dccf597e2fd221f6e9d13735d,2021-07-23T00:00:00Z,SAVE THE CHANGE,-1.57,GBP,DEBIT,BILL_PAYMENT,,,-695.09,GBP,,BP,,
b777db6a4d42984410ed64c1d13b4752,2021-07-23T00:00:00Z,WWW.METROBANK.COM,-20.0,GBP,DEBIT,PURCHASE,,,-715.09,GBP,,DEB,,
bcd9a134108bebc888e4ea5e3439ca69,2021-07-22T00:00:00Z,AMAZON INT'L,-5.0,GBP,DEBIT,PURCHASE,,,-720.09,GBP,,DEB,,
37519932fa69df4ff6f4aa33ba3aa664,2021-07-22T00:00:00Z,SAVE THE CHANGE,-0.01,GBP,DEBIT,BILL_PAYMENT,,,-720.1,GBP,,BP,,
9d513189c5dc390a501d032f4038e766,2021-07-22T00:00:00Z,TESCO MOBILE LTD,-39.25,GBP,DEBIT,PURCHASE,,,-759.35,GBP,,DEB,,
871490bf78229a4e25d07ad81a40aec0,2021-07-22T00:00:00Z,PAYPAL WWW.EBAY.COM,-36.59,GBP,DEBIT,PURCHASE,,,-795.94,GBP,,DEB,,
045544d5314370bab68b9319be3db09a,2021-07-22T00:00:00Z,OAKAM LIMITED,-36.59,GBP,DEBIT,PURCHASE,,,-832.53,GBP,,DEB,,
fa96d7ef94d8f3f564458d4c3b9d4390,2021-07-20T00:00:00Z,REGENDA REDWING,-150.0,GBP,DEBIT,PURCHASE,,,-982.53,GBP,,DEB,,
cd24874b2902cfeaece2229550876785,2021-07-20T00:00:00Z,WORKING TAX CREDIT,22.42,GBP,CREDIT,CREDIT,,,-960.11,GBP,,BGC,,
01cf0fe598db54263d012ef09108f6e0,2021-07-20T00:00:00Z,PARKRETAIL.CO.UK,-550.0,GBP,DEBIT,PURCHASE,,,-1510.11,GBP,,DEB,,
7eefb746a040f00865bd07a51a9dabf5,2021-07-20T00:00:00Z,CHILD TAX CREDIT,345.13,GBP,CREDIT,CREDIT,,,-1164.98,GBP,,BGC,,
5bf54e118414480f85205cfad363dd13,2021-07-19T00:00:00Z,AMAZON PRIME,-7.99,GBP,DEBIT,PURCHASE,,,-1172.97,GBP,,DEB,,
bffd69d2da7eab3186782dedf0419e34,2021-07-19T00:00:00Z,CLEVELEYS.COM,1450.42,GBP,CREDIT,CREDIT,,,277.45,GBP,,DEP,,
fb6d1771a8b5361b5dd38b5fd8b0981c,2021-07-18T00:00:00Z,CIRCLE UK TRADING,82.21,GBP,CREDIT,CREDIT,,,359.66,GBP,,FPI,,
8395996253ca06fdcd4fdb316effeba4,2021-07-17T00:00:00Z,MR JOHN SMITH,137.6,GBP,CREDIT,CREDIT,,,497.26,GBP,,BGC,,
d2434084a268a02a43c42a869889fe3e,2021-07-17T00:00:00Z,AA INSURANCE,-12.73,GBP,DEBIT,DIRECT_DEBIT,,,484.53,GBP,,DD,,
dc512f769051bbbf6df2ddf8eb508a15,2021-07-17T00:00:00Z,AXA WEALTH LTD,-40.0,GBP,DEBIT,DIRECT_DEBIT,,,444.53,GBP,,DD,,
06d195adbed876896d13311aeb78b010,2021-07-17T00:00:00Z,MORRISONS PETROL,-20.0,GBP,DEBIT,PURCHASE,,,424.53,GBP,,DEB,,
1b0ba8d9c217195fe619564489892dc8,2021-07-17T00:00:00Z,SAVE THE CHANGE,-0.63,GBP,DEBIT,BILL_PAYMENT,,,423.9,GBP,,BP,,
97868022b98810d3616d1269c9a133e0,2021-07-17T00:00:00Z,TAILSCOM,-6.37,GBP,DEBIT,PURCHASE,,,417.53,GBP,,DEB,,
8ef0163721a7165a56f4189a8fe6c5c1,2021-07-15T00:00:00Z,ASDA STOES LTD,-32.0,GBP,DEBIT,PURCHASE,,,385.53,GBP,,DEB,,
24d9d3d959aeec970839aa4bff9654a4,2021-07-15T00:00:00Z,SAVE THE CHANGE,-0.55,GBP,DEBIT,BILL_PAYMENT,,,384.98,GBP,,BP,,
70fb67419308ce57879209d0d60992bc,2021-07-15T00:00:00Z,AMAZON BLACK FRIDAY,-15.45,GBP,DEBIT,PURCHASE,,,369.53,GBP,,DEB,,
9ec60d5099a387460d96475e46146be0,2021-07-15T00:00:00Z,SAVE THE CHANGE,-0.5,GBP,DEBIT,BILL_PAYMENT,,,369.03,GBP,,BP,,
ddb8d05ad89a89c5691adebc3f290057,2021-07-15T00:00:00Z,TESCO EXTRA,-3.59,GBP,DEBIT,PURCHASE,,,365.44,GBP,,DEB,,
b640eb0f8125d2d02ed1e25819735131,2021-07-15T00:00:00Z,PAYPAL EBAY,-10.0,GBP,DEBIT,PURCHASE,,,355.44,GBP,,DEB,,
464a65f2cd14f7f9c757ca618090644a,2021-07-14T00:00:00Z,PAYPAL BETFRED,-2.0,GBP,DEBIT,PURCHASE,,,353.44,GBP,,DEB,,
1c70de5f4218bfca360276294813a868,2021-07-14T00:00:00Z,MT SECURETRADE LIM,-20.5,GBP,DEBIT,PURCHASE,,,332.94,GBP,,DEB,,
0e5d2eae10af9992c048cd70c777d802,2021-07-14T00:00:00Z,MT SECURETRADE LIM,43.5,GBP,CREDIT,PURCHASE,,,376.44,GBP,,DEB,,
3ce34c52bf8812d8ab62d8156895f6e8,2021-07-12T00:00:00Z,SAVE THE CHANGE,-0.41,GBP,DEBIT,BILL_PAYMENT,,,376.03,GBP,,BP,,
98b9ca439a543daa74aaad907b5a8531,2021-07-12T00:00:00Z,AA MEMBERSHIP,-23.11,GBP,DEBIT,DIRECT_DEBIT,,,352.92,GBP,,DD,,
e2a18031fc4fc4980f1597be12aeef5e,2021-07-11T00:00:00Z,CIRCLE UK TRADING,50.0,GBP,CREDIT,CREDIT,,,402.92,GBP,,FPI,,
867558309332d67eb61fe437553b5e37,2021-07-11T00:00:00Z,MS JANE DOE,50.0,GBP,CREDIT,TRANSFER,,,452.92,GBP,,TFR,,
913b2f7f16d5b858a27c78379b7e32ea,2021-07-11T00:00:00Z,WORKING TAX CREDIT,22.42,GBP,CREDIT,CREDIT,,,475.34,GBP,,BGC,,
2f9d8aaca5a71264bb3ada88ac13c8c4,2021-07-11T00:00:00Z,BUTLINS HOLIDAYS,-17.0,GBP,DEBIT,PURCHASE,,,458.34,GBP,,DEB,,
705f3fbae98932a4cb522c85b2a03956,2021-07-10T00:00:00Z,AXA WEALTH LTD,-40.0,GBP,DEBIT,DIRECT_DEBIT,,,418.34,GBP,,DD,,
4bd7a54218120baf32c6c70b8067c9fc,2021-07-10T00:00:00Z,ASDA STORES LTD,-5.0,GBP,DEBIT,PURCHASE,,,413.34,GBP,,DEB,,
47a32a69930fb0d0004d37ada8ea84e9,2021-07-10T00:00:00Z,RETURNED DD,40.0,GBP,CREDIT,CREDIT,,,453.34,GBP,,DEP,,
5b5150b4aa5a921d08001d6b3ba26048,2021-07-10T00:00:00Z,CIRCLE UK TRADING,50.36,GBP,CREDIT,CREDIT,,,503.7,GBP,,FPI,,
53af6292a664079787c5713d58bce9c4,2021-07-10T00:00:00Z,OUTGOING DD,-30.0,GBP,DEBIT,DIRECT_DEBIT,,,473.7,GBP,,DD,,
98780515e00b57770a4b679b2218f945,2021-07-10T00:00:00Z,EDF ENERGY,-24.5,GBP,DEBIT,BILL_PAYMENT,,,449.2,GBP,,BP,,
39f188d19ff1e168a85e761d6487e2c8,2021-07-09T00:00:00Z,DVLA LICENCE,-23.62,GBP,DEBIT,DIRECT_DEBIT,,,425.58,GBP,,DD,,
23ef4e0a2a7410ef005e4ccc2541ff8c,2021-07-09T00:00:00Z,DVLA TAX,-20.56,GBP,DEBIT,DIRECT_DEBIT,,,405.02,GBP,,DD,,
73080f0dc31bc73b8f20082d89f70a92,2021-07-09T00:00:00Z,SAVE THE CHANGE,-0.41,GBP,DEBIT,BILL_PAYMENT,,,404.61,GBP,,BP,,
edc6d041a9529d57fcd7accf2c2589c3,2021-07-09T00:00:00Z,MS JANE DOE,70.0,GBP,CREDIT,TRANSFER,,,474.61,GBP,,TFR,,
fc3b6cf8e8d77132fc8398437ca5b00c,2021-07-08T00:00:00Z,SAVE THE CHANGE,-0.01,GBP,DEBIT,BILL_PAYMENT,,,474.6,GBP,,BP,,
f45448e4bc24f6e2f474e8e8e3342e21,2021-07-08T00:00:00Z,WORKING TAX CREDIT,22.42,GBP,CREDIT,CREDIT,,,497.02,GBP,,BGC,,
98b2d5442583267eaa648f5bed406c25,2021-07-08T00:00:00Z,CREDITREPORTSERVIC,-14.99,GBP,DEBIT,PURCHASE,,,482.03,GBP,,DEB,,
75b707cfec4378caf80377db0d394de4,2021-07-08T00:00:00Z,REGENDA REDWING RE,-100.0,GBP,DEBIT,PURCHASE,,,382.03,GBP,,DEB,,
f25677fa8871d7da5df63cd7a75a3d94,2021-07-08T00:00:00Z,BROADWAY GAMING LT CD 0315,-10.0,GBP,DEBIT,PURCHASE,,,372.03,GBP,,DEB,,
c4c37d8a6a51e124316d4a3e2ce5fb85,2021-07-08T00:00:00Z,SAVE THE CHANGE,-0.69,GBP,DEBIT,BILL_PAYMENT,,,371.34,GBP,,BP,,
295ef3294bd74775114de014c1249689,2021-07-08T00:00:00Z,SAVE THE CHANGE,-1.04,GBP,DEBIT,BILL_PAYMENT,,,370.3,GBP,,BP,,
f04411498918a44bafe3b78519d2459b,2021-07-08T00:00:00Z,BOOKER LIMITED BLA,-24.31,GBP,DEBIT,PURCHASE,,,345.99,GBP,,DEB,,
1a182530cf81cb405627ddc3f1c1b786,2021-07-07T00:00:00Z,EE & T-MOBILE,-82.37,GBP,DEBIT,PURCHASE,,,263.62,GBP,,DEB,,
4149ed71300bfd841e29ee52d5ba26a5,2021-07-07T00:00:00Z,SAVE THE CHANGE,-1.15,GBP,DEBIT,BILL_PAYMENT,,,262.47,GBP,,BP,,
8961c3ccd04d34481c846f528310be99,2021-07-07T00:00:00Z,MS JANE DOE,-70.0,GBP,DEBIT,TRANSFER,,,192.47,GBP,,TFR,,
7eee8074027734bf85e7ee250da05364,2021-07-07T00:00:00Z,18db38 Betropolis LTD LC Betropolis,-10.0,GBP,DEBIT,PURCHASE,,,45.1,GBP,,DEB,,
1bc4a8daf0a15098ec9541f4ec07e4be,2021-07-06T00:00:00Z,TESCO MOBILE LTD,-28.25,GBP,DEBIT,PURCHASE,,,164.22,GBP,,DEB,,
35db5cce2a77f010a05e4a3026799f5e,2021-07-06T00:00:00Z,WORKING TAX CREDIT,22.42,GBP,CREDIT,CREDIT,,,186.64,GBP,,BGC,,
1aff4c15ef9200a9b653d1d9f8e3a657,2021-07-06T00:00:00Z,W M MORRISONS PLC,-12.89,GBP,DEBIT,PURCHASE,,,173.75,GBP,,DEB,,
f7fef2511be43b998daa68ef9fe52c78,2021-07-06T00:00:00Z,TESCO MOBILE LTD,-50.0,GBP,DEBIT,PURCHASE,,,123.75,GBP,,DEB,,
acbf409e12485a180b3b9cc30ba85d22,2021-07-06T00:00:00Z,HOME BARGAINS FLEE,-9.71,GBP,DEBIT,PURCHASE,,,114.04,GBP,,DEB,,
ced7c86b04a9f32233a4b54678cd68ff,2021-07-06T00:00:00Z,CHILD TAX CREDIT,346.35,GBP,CREDIT,CREDIT,,,460.39,GBP,,BGC,,
792a1bfdb77d1cdfeb8c7b89fc75a88f,2021-07-06T00:00:00Z,MR JOHN SMITH,137.6,GBP,CREDIT,CREDIT,,,597.99,GBP,,BGC,,
0ddfd6ceb20c5e6a36348808f38a444c,2021-07-06T00:00:00Z,MS JANE DOE,61.89,GBP,CREDIT,TRANSFER,,,659.88,GBP,,TFR,,
6295fb7190caade1529af06bef1bee74,2021-07-06T00:00:00Z,SAVE THE CHANGE,-0.01,GBP,DEBIT,BILL_PAYMENT,,,659.87,GBP,,BP,,
34520d14ab8de05b33f09da6c895e7ec,2021-07-06T00:00:00Z,AMAZON PRIME,-5.0,GBP,DEBIT,PURCHASE,,,654.87,GBP,,DEB,,
6202a1dfe031bb54a5f212a131d13c56,2021-07-05T00:00:00Z,LNK ATM WITHDRAWAL,-60.0,GBP,DEBIT,ATM,,,594.87,GBP,,CPT,,
9476bf349c03895dda20048bf81979ff,2021-07-05T00:00:00Z,SAVE THE CHANGE,-1.89,GBP,DEBIT,BILL_PAYMENT,,,592.98,GBP,,BP,,
ff60ca177d6cbd8b6212d7ee6637fdb7,2021-07-05T00:00:00Z,THE INSURANCE EMPO,-5.79,GBP,DEBIT,DIRECT_DEBIT,,,587.19,GBP,,DD,,
5ed62810675f20e409dfea180a8b82da,2021-07-05T00:00:00Z,AMAZON PRIME,-7.99,GBP,DEBIT,PURCHASE,,,579.2,GBP,,DEB,,
077689bb843ba0ac0932cabbf68b245a,2021-07-05T00:00:00Z,VANQUIS BANK,-23.15,GBP,DEBIT,PURCHASE,,,556.05,GBP,,DEB,,
23f1007843051f805e1963c514577352,2021-07-05T00:00:00Z,AA INSURANCE,-12.73,GBP,DEBIT,DIRECT_DEBIT,,,543.32,GBP,,DD,,
3779a8ca8c557fc6aa6296faa4b433e3,2021-07-05T00:00:00Z,WWW.TAILS.COM,-6.37,GBP,DEBIT,PURCHASE,,,536.95,GBP,,DEB,,
600693e86acc61fd3414f258c287f222,2021-07-05T00:00:00Z,ANNATAR,-20.0,GBP,DEBIT,PURCHASE,,,516.95,GBP,,DEB,,
d0a7042153506be8a048119f15fd7d3f,2021-07-04T00:00:00Z,ANNATAR LIMITED,10.0,GBP,CREDIT,PURCHASE,,,526.95,GBP,,DEB,,
317cdc06a386911d7cd47eb02d6dbc55,2021-07-04T00:00:00Z,ANYVAN LTD,70.0,GBP,CREDIT,CREDIT,,,596.95,GBP,,FPI,,
58fcd00215c4b5c43e8d2e260250df0f,2021-07-04T00:00:00Z,ANYVAN LTD,59.17,GBP,CREDIT,CREDIT,,,656.12,GBP,,FPI,,
62d1349b8b119f074cefd1ac55a3cb84,2021-07-04T00:00:00Z,LNK ATM LONDON,-20.0,GBP,DEBIT,ATM,,,636.12,GBP,,CPT,,
093cb94d9a23520af1bc3476238315aa,2021-07-04T00:00:00Z,LAPTOP DIRECT LTD.,-5.0,GBP,DEBIT,PURCHASE,,,631.12,GBP,,DEB,,
4ad0272901389d277b17619b8fa8b6b8,2021-07-04T00:00:00Z,ANIMAL FRIENDS LTD,-3.07,GBP,DEBIT,DIRECT_DEBIT,,,628.05,GBP,,DD,,
2808d11ca75674feb21edf68c8da195e,2021-07-04T00:00:00Z,LNK ATM WITHDRAWAL,-100.0,GBP,DEBIT,ATM,,,528.05,GBP,,CPT,,
bd2c4fa76f14cb37fe86bd29921a346f,2021-07-04T00:00:00Z,MR JOHN SMITH,100.0,GBP,CREDIT,TRANSFER,,,628.05,GBP,,TFR,,
0da9267f5e182eee420037e1cad0e06a,2021-07-04T00:00:00Z,INTUIT LIMITED,-3.59,GBP,DEBIT,DIRECT_DEBIT,,,624.46,GBP,,DD,,
adb4213d9a4694885b4c157e7b90246b,2021-07-04T00:00:00Z,PAYPAL EBAY,25.0,GBP,CREDIT,PURCHASE,,,649.46,GBP,,DEB,,
17b6761dc43047d2b77eaae3d5ca7223,2021-07-04T00:00:00Z,RENT,-130.0,GBP,DEBIT,BILL_PAYMENT,,,519.46,GBP,,BP,,
395aa856d6ab231c4187224b3b05f869,2021-07-03T00:00:00Z,MS JANE DOE,0.89,GBP,CREDIT,TRANSFER,,,520.35,GBP,,TFR,,
692650b0aafbef254f9557a202c25f99,2021-07-03T00:00:00Z,SAVE THE CHANGE,-0.41,GBP,DEBIT,BILL_PAYMENT,,,519.94,GBP,,BP,,
ea43ee54cf64dcaba87ad4676bec7e02,2021-07-03T00:00:00Z,MS JANE DOE,130.0,GBP,CREDIT,TRANSFER,,,649.94,GBP,,TFR,,
d527f33660f2a4709a9b77a6332a4ab5,2021-07-03T00:00:00Z,MR JOHN SMITH,7.0,GBP,CREDIT,TRANSFER,,,656.94,GBP,,TFR,,
ba335b48224e89f83e2002115bd8284c,2021-07-03T00:00:00Z,AA MEMBERSHIP,-23.11,GBP,DEBIT,DIRECT_DEBIT,,,633.83,GBP,,DD,,
57675872ccc85806f2fe19c5a9e297ee,2021-07-03T00:00:00Z,VIRGIN GAMES,35.49,GBP,CREDIT,PURCHASE,,,669.32,GBP,,DEB,,
f3bd5703c2266d0f3a51bbec2e1507be,2021-07-03T00:00:00Z,SAVE THE CHANGE,-0.01,GBP,DEBIT,BILL_PAYMENT,,,669.31,GBP,,BP,,
db52f17529ea17ade06b542a4581d085,2021-07-03T00:00:00Z,GOOGLE PLAY STORE,-2.99,GBP,DEBIT,PURCHASE,,,666.32,GBP,,DEB,,
ac4a94bcf55550e3f170e6bb20a8169e,2021-07-03T00:00:00Z,TESCO EXTRA,-30.0,GBP,DEBIT,PURCHASE,,,636.32,GBP,,DEB,,
049a80a0a09ad2a5a5af06bc7f819a3b,2021-07-03T00:00:00Z,RETURNED DIRECT DEBIT,40.0,GBP,CREDIT,CREDIT,,,676.32,GBP,,DEP,,
67722f2becd97201db08076f125e8bfa,2021-07-03T00:00:00Z,LNK ATM LONDON,-40.0,GBP,DEBIT,ATM,,,636.32,GBP,,CPT,,
4063ce02b520560420fc8664c7c4a831,2021-07-03T00:00:00Z,WWW.ASDA.COM,-5.0,GBP,DEBIT,PURCHASE,,,631.32,GBP,,DEB,,
f91560e2bb713f1c12d7f481410908ee,2021-07-02T00:00:00Z,MR JOHN SMITH,30.0,GBP,CREDIT,TRANSFER,,,661.32,GBP,,TFR,,
df11dc2443588daa3c38ea4de593ca51,2021-07-02T00:00:00Z,LNK ATM LONDON,-30.0,GBP,DEBIT,ATM,,,631.32,GBP,,CPT,,
2269fa1835a83ea44311726cb3b5248a,2021-07-02T00:00:00Z,MR JOHN SMITH,10.0,GBP,CREDIT,TRANSFER,,,641.32,GBP,,TFR,,
5aa442e227dcc9d7f10fc36d364c1dd0,2021-07-02T00:00:00Z,SAVE THE CHANGE,-0.59,GBP,DEBIT,BILL_PAYMENT,,,640.73,GBP,,BP,,
03fc0b9d96c53bfd1df0f9c535fe90a7,2021-07-01T00:00:00Z,TALKTALK TELECOM,-46.82,GBP,DEBIT,PURCHASE,,,593.91,GBP,,DEB,,
93bbff2b7537193c03ba2ac7ee21d6b8,2021-07-01T00:00:00Z,ACCOUNT OVERDRAFT FEE,-0.01,GBP,DEBIT,BILL_PAYMENT,,,593.9,GBP,,BP,,
bf8cc9d6969c259ed87017d64f173077,2021-07-01T00:00:00Z,MR JOHN SMITH,-227.0,GBP,DEBIT,TRANSFER,,,366.9,GBP,,TFR,,
fc19a912aecc43d1631c23121cac5fce,2021-07-01T00:00:00Z,TESCO,-39.99,GBP,DEBIT,PURCHASE,,,326.91,GBP,,DEB,,
26277dc4ab98a3cff075cb426b1ebdfe,2021-07-01T00:00:00Z,REVOLUT,-0.01,GBP,DEBIT,PURCHASE,,,326.9,GBP,,DEB,,
4ddd889ab870dce4b57f4469d70016b0,2021-07-01T00:00:00Z,CENTRA,-0.01,GBP,DEBIT,PURCHASE,,,326.89,GBP,,DEB,,
7a212366f592c59694ed5dfcf994df96,2021-07-01T00:00:00Z,DUNNES STORES,-0.01,GBP,DEBIT,PURCHASE,,,326.88,GBP,,DEB,,
df3ca129c45401cc49c2604b3bf7d918,2021-07-01T00:00:00Z,SPAR,-0.01,GBP,DEBIT,PURCHASE,,,326.87,GBP,,DEB,,
9ef59e8240013f584752a968307c6184,2021-07-01T00:00:00Z,SPAR,-0.01,GBP,DEBIT,PURCHASE,,,326.86,GBP,,DEB,,
fa6bd5f7a9ede98189d283ee3ab18e25,2021-07-01T00:00:00Z,SUPERVALUE,-0.01,GBP,DEBIT,PURCHASE,,,326.85,GBP,,DEB,,
ea5a7558d6f65f884acd1b629c2962b7,2021-07-01T00:00:00Z,LIDL,-0.01,GBP,DEBIT,PURCHASE,,,326.84,GBP,,DEB,,
85a1158c9c9a63e95fc80c30715d076b,2021-07-01T00:00:00Z,APLLEGREEN,-0.01,GBP,DEBIT,PURCHASE,,,326.83,GBP,,DEB,,
30f1d471e82f8d1e5c1de90c61b80139,2021-07-01T00:00:00Z,MCDONALD'S,-0.01,GBP,DEBIT,PURCHASE,,,326.82,GBP,,DEB,,
2bcc556091ba40e0aaa5f62acd53555d,2021-07-01T00:00:00Z,HARVEY NORMAN,-0.01,GBP,DEBIT,PURCHASE,,,326.81,GBP,,DEB,,
c408e7e55e08ecb3f757fd0335e06137,2021-07-01T00:00:00Z,ULSTER BANK,-0.01,GBP,DEBIT,PURCHASE,,,326.8,GBP,,DEB,,
ebb84bb3f4caeaf39fa1f11abe6ef3d1,2021-07-01T00:00:00Z,CIRCLE K,-0.01,GBP,DEBIT,PURCHASE,,,326.79,GBP,,DEB,,
31197c5474bdc37e54e0b2722586a60a,2021-07-01T00:00:00Z,BET365,-0.01,GBP,DEBIT,PURCHASE,,,326.78,GBP,,DEB,,
dd79a1ff62a4b271193f260aed12f325,2021-07-01T00:00:00Z,ACCOUNT OVERDRAFT FEE,-0.01,GBP,DEBIT,BILL_PAYMENT,,,326.77,GBP,,BP,,
b528ea1efb1a85c2066c574c85eaadf0,2021-07-01T00:00:00Z,Sainsbury's,-23.99,GBP,DEBIT,PURCHASE,,,302.78,GBP,,DEB,,
ad46d2ab4a19cc685627b7bca8cbd155,2021-07-01T00:00:00Z,MR JOHN SMITH,-20.91,GBP,DEBIT,TRANSFER,,,282.78,GBP,,TFR,,
318b51f5d83aaccd86bc2405e4338a88,2021-07-01T00:00:00Z,NUDE FINANCE,-10.0,GBP,DEBIT,PURCHASE,,,272.78,GBP,,DEB,,
e55339a1c05e231ecca1ad6d68701b12,2021-07-01T00:00:00Z,E.ON NEXT,-10.0,GBP,DEBIT,PURCHASE,,,262.78,GBP,,DEB,,
1cd2c46c94259094abb7ca379ce643c2,2021-07-01T00:00:00Z,L&G INSURANCE,-10.0,GBP,DEBIT,PURCHASE,,,252.78,GBP,,DEB,,
a3bc1941fc951d4e597bfe33efe78a7a,2021-07-01T00:00:00Z,HALIFAX,-10.0,GBP,DEBIT,PURCHASE,,,242.78,GBP,,DEB,,
4896bf33af0b8c604a9ea31893fa49cc,2021-07-01T00:00:00Z,OVO ENERGY,-10.0,GBP,DEBIT,PURCHASE,,,232.78,GBP,,DEB,,
13fc4847433db0b2d31fb8c610365d1b,2021-06-28T00:00:00Z,TSB CLEVELEYS,420.0,GBP,CREDIT,CASH,,,-640.42,GBP,,CSH,,
62aa83d693def4aadd9839270e60bc34,2021-06-28T00:00:00Z,AMAZON INT'L,-36.59,GBP,DEBIT,PURCHASE,,,-677.01,GBP,,DEB,,
ebfb6e606e8ed6522748ab0641e3a77b,2021-06-28T00:00:00Z,RETURNED DD,40.0,GBP,CREDIT,CREDIT,,,-637.01,GBP,,DEP,,
8609ab14a7901f52107d3d28b5f820c6,2021-06-28T00:00:00Z,MR JOHN SMITH,-32.72,GBP,DEBIT,TRANSFER,,,-669.73,GBP,,TFR,,
1321d5457a1300a46a128f330523e35d,2021-06-28T00:00:00Z,WORKING TAX CREDIT,22.42,GBP,CREDIT,CREDIT,,,-647.31,GBP,,BGC,,
2a390f9abc1c5e0cc85fe663bdbbc3c7,2021-06-27T00:00:00Z,MS JANE DOE,-7.93,GBP,DEBIT,TRANSFER,,,-655.24,GBP,,TFR,,
bd1657af68cb6f52a903cfbddd62197d,2021-06-27T00:00:00Z,CIRCLE UK TRADING REFUND,50.59,GBP,CREDIT,CREDIT,,,-604.65,GBP,,DEP,,
ca6e263e4b6c0997987906e739f3ecb1,2021-06-27T00:00:00Z,MS JANE DOE,15.86,GBP,CREDIT,TRANSFER,,,-588.79,GBP,,TFR,,
44b1ffd77337cc8071ff1a51ccbc168d,2021-06-27T00:00:00Z,DVLA LICENSE,-20.56,GBP,DEBIT,DIRECT_DEBIT,,,-609.35,GBP,,DD,,
fac63eb16d2c6235cb59361f47cae2c1,2021-06-27T00:00:00Z,E&L INSURANCE,-2.99,GBP,DEBIT,DIRECT_DEBIT,,,-612.34,GBP,,DD,,
9eb432fa0b1a20581dbb0f7f4d186829,2021-06-27T00:00:00Z,TESCO ONLINE SHOPPING,-23.62,GBP,DEBIT,DIRECT_DEBIT,,,-635.96,GBP,,DD,,
7feaa086639b3875b4777c8ce65bfa0e,2021-06-27T00:00:00Z,PAYPAL EBAY,-7.56,GBP,DEBIT,PURCHASE,,,-643.52,GBP,,DEB,,
a9c0818cf1a319d0625ffd4cdd595539,2021-06-25T00:00:00Z,CASHBACK,70.0,GBP,CREDIT,CASH,,,-573.52,GBP,,CSH,,
5fc65d9b3e5e49de5ff395516211969d,2021-06-25T00:00:00Z,MENS HEALTH SUBSCRIPTION,-24.5,GBP,DEBIT,DIRECT_DEBIT,,,-598.02,GBP,,DD,,
2068f42dec569b063767b9a1021e674e,2021-06-25T00:00:00Z,OUTGOING DD,-10.0,GBP,DEBIT,DIRECT_DEBIT,,,-608.02,GBP,,DD,,
773637cee4bcb41c33a794bd5dd216c0,2021-06-25T00:00:00Z,SAVE THE CHANGE,-0.41,GBP,DEBIT,BILL_PAYMENT,,,-608.43,GBP,,BP,,
733d3bc38e6aabbd24e153880fbbf4bb,2021-06-25T00:00:00Z,AMAZON PLC,-36.59,GBP,DEBIT,PURCHASE,,,-645.02,GBP,,DEB,,
dedadc8019108f546cb96574460418c8,2021-06-25T00:00:00Z,SAVE THE CHANGE,-0.5,GBP,DEBIT,BILL_PAYMENT,,,-645.52,GBP,,BP,,
3a2357fbe09610c1dfc81dbda3531f80,2021-06-25T00:00:00Z,WWW.BINGO.COM,-10.5,GBP,DEBIT,PURCHASE,,,-656.02,GBP,,DEB,,
1c5d2f2f87b8faec11f41a414421a9f5,2021-06-23T00:00:00Z,MORSES CLUB LTD,-30.0,GBP,DEBIT,PURCHASE,,,-626.02,GBP,,DEB,,
ef7842dcb74ff3ee475177dd71886f9f,2021-06-23T00:00:00Z,ANYVAN LTD,32.5,GBP,CREDIT,CREDIT,,,-593.52,GBP,,FPI,,
8171d6ce5ca3cd683920fe0dc21e4323,2021-06-23T00:00:00Z,LNK ATM WITHDRAWAL,-100.0,GBP,DEBIT,ATM,,,-693.52,GBP,,CPT,,
07e564870fab4df1d161f5e0768e7dd8,2021-06-23T00:00:00Z,SAVE THE CHANGE,-1.57,GBP,DEBIT,BILL_PAYMENT,,,-695.09,GBP,,BP,,
a910363fa78b0e652d3d8f2b15ceadb7,2021-06-23T00:00:00Z,WWW.METROBANK.COM,-20.0,GBP,DEBIT,PURCHASE,,,-715.09,GBP,,DEB,,
cfe716f077bf1cdcbabb0eb5090fa923,2021-06-22T00:00:00Z,AMAZON INT'L,-5.0,GBP,DEBIT,PURCHASE,,,-720.09,GBP,,DEB,,
abb0a871495d077a30430c9cbba06317,2021-06-22T00:00:00Z,SAVE THE CHANGE,-0.01,GBP,DEBIT,BILL_PAYMENT,,,-720.1,GBP,,BP,,
efb4d81334fe79ae9487dc43514919b5,2021-06-22T00:00:00Z,TESCO MOBILE LTD,-39.25,GBP,DEBIT,PURCHASE,,,-759.35,GBP,,DEB,,
06636b3df0e6bc8c6994e8a1d6aeeb34,2021-06-22T00:00:00Z,PAYPAL WWW.EBAY.COM,-36.59,GBP,DEBIT,PURCHASE,,,-795.94,GBP,,DEB,,
70455636eb36fb1b0751691357fc6d4f,2021-06-22T00:00:00Z,OAKAM LIMITED,-36.59,GBP,DEBIT,PURCHASE,,,-832.53,GBP,,DEB,,
aaa4701e712395114befecd7dc616ee9,2021-06-20T00:00:00Z,REGENDA REDWING,-150.0,GBP,DEBIT,PURCHASE,,,-982.53,GBP,,DEB,,
e6c14c543f435ee7c95663ce3e20225d,2021-06-20T00:00:00Z,WORKING TAX CREDIT,22.42,GBP,CREDIT,CREDIT,,,-960.11,GBP,,BGC,,
3810c9405520f665c9e39545dc090554,2021-06-20T00:00:00Z,PARKRETAIL.CO.UK,-550.0,GBP,DEBIT,PURCHASE,,,-1510.11,GBP,,DEB,,
ab5d32e3487f8673db3eabae1fb272df,2021-06-20T00:00:00Z,CHILD TAX CREDIT,345.13,GBP,CREDIT,CREDIT,,,-1164.98,GBP,,BGC,,
12328d13450ecb76e4c0328086bb7596,2021-06-19T00:00:00Z,AMAZON PRIME,-7.99,GBP,DEBIT,PURCHASE,,,-1172.97,GBP,,DEB,,
e97f86f1e2c7857be945c693b366c5bc,2021-06-19T00:00:00Z,CLEVELEYS.COM,1450.42,GBP,CREDIT,CREDIT,,,277.45,GBP,,DEP,,
0aee8a78c6d38833e2826c8efe9a26b6,2021-06-18T00:00:00Z,CIRCLE UK TRADING,82.21,GBP,CREDIT,CREDIT,,,359.66,GBP,,FPI,,
c9c35b30584bd6803c6f0b17e4f3854f,2021-06-17T00:00:00Z,MR JOHN SMITH,137.6,GBP,CREDIT,CREDIT,,,497.26,GBP,,BGC,,
bca0493e8a1b1e62469dfa4aeaef97a0,2021-06-17T00:00:00Z,AA INSURANCE,-12.73,GBP,DEBIT,DIRECT_DEBIT,,,484.53,GBP,,DD,,
d354f0cdffb6ace2f85d1e8d025b7b7e,2021-06-17T00:00:00Z,AXA WEALTH LTD,-40.0,GBP,DEBIT,DIRECT_DEBIT,,,444.53,GBP,,DD,,
caaa0c340a00b5c2f4c8a713d3b7a575,2021-06-17T00:00:00Z,MORRISONS PETROL,-20.0,GBP,DEBIT,PURCHASE,,,424.53,GBP,,DEB,,
c240ee7c8a2abdb595eccfea06ca03b2,2021-06-17T00:00:00Z,SAVE THE CHANGE,-0.63,GBP,DEBIT,BILL_PAYMENT,,,423.9,GBP,,BP,,
aa8d45368778aa46bd7c794934cd85be,2021-06-17T00:00:00Z,TAILSCOM,-6.37,GBP,DEBIT,PURCHASE,,,417.53,GBP,,DEB,,
3cb4e4cb5d10c8ad43fc5917dfc1eba2,2021-06-15T00:00:00Z,ASDA STOES LTD,-32.0,GBP,DEBIT,PURCHASE,,,385.53,GBP,,DEB,,
542fd90fad02ec5fc41c64d3d8f7d941,2021-06-15T00:00:00Z,SAVE THE CHANGE,-0.55,GBP,DEBIT,BILL_PAYMENT,,,384.98,GBP,,BP,,
5442ca3cbcdf2ac3926e59d32b5e39ea,2021-06-15T00:00:00Z,AMAZON BLACK FRIDAY,-15.45,GBP,DEBIT,PURCHASE,,,369.53,GBP,,DEB,,
9f595a19514d533fd3357b01c9818075,2021-06-15T00:00:00Z,SAVE THE CHANGE,-0.5,GBP,DEBIT,BILL_PAYMENT,,,369.03,GBP,,BP,,
e845da12f50033057e4d1d615e686bad,2021-06-15T00:00:00Z,TESCO EXTRA,-3.59,GBP,DEBIT,PURCHASE,,,365.44,GBP,,DEB,,
5d17d916f2af21006be40f764be3fa5a,2021-06-15T00:00:00Z,PAYPAL EBAY,-10.0,GBP,DEBIT,PURCHASE,,,355.44,GBP,,DEB,,
769703182969d9b2f4d22ebf8b410bb3,2021-06-14T00:00:00Z,PAYPAL BETFRED,-2.0,GBP,DEBIT,PURCHASE,,,353.44,GBP,,DEB,,
fe3ba1a71c096828bc6cf9fb443073c9,2021-06-14T00:00:00Z,MT SECURETRADE LIM,-20.5,GBP,DEBIT,PURCHASE,,,332.94,GBP,,DEB,,
26a7c15de5880013b086f6e4cab0831a,2021-06-14T00:00:00Z,MT SECURETRADE LIM,43.5,GBP,CREDIT,PURCHASE,,,376.44,GBP,,DEB,,
bfcdbc5aacb3140274579f5ed99a4103,2021-06-12T00:00:00Z,SAVE THE CHANGE,-0.41,GBP,DEBIT,BILL_PAYMENT,,,376.03,GBP,,BP,,
464040d6d82b26cb64bf751ac25963d2,2021-06-12T00:00:00Z,AA MEMBERSHIP,-23.11,GBP,DEBIT,DIRECT_DEBIT,,,352.92,GBP,,DD,,
bf859cc4d9788cb7816096a3ba9691c5,2021-06-11T00:00:00Z,CIRCLE UK TRADING,50.0,GBP,CREDIT,CREDIT,,,402.92,GBP,,FPI,,
2dc9a08a1f1f4e837ba50cba168a8f66,2021-06-11T00:00:00Z,MS JANE DOE,50.0,GBP,CREDIT,TRANSFER,,,452.92,GBP,,TFR,,
d25635be2a63f0f65139837fa4c908b6,2021-06-11T00:00:00Z,WORKING TAX CREDIT,22.42,GBP,CREDIT,CREDIT,,,475.34,GBP,,BGC,,
bbb16d0375980c77e1b0219669fd42b6,2021-06-11T00:00:00Z,BUTLINS HOLIDAYS,-17.0,GBP,DEBIT,PURCHASE,,,458.34,GBP,,DEB,,
81d8a81d9df76f062aeb04680ce3fd2a,2021-06-10T00:00:00Z,AXA WEALTH LTD,-40.0,GBP,DEBIT,DIRECT_DEBIT,,,418.34,GBP,,DD,,
99c541bc29ecf2997f9027c9bcf9a8b9,2021-06-10T00:00:00Z,ASDA STORES LTD,-5.0,GBP,DEBIT,PURCHASE,,,413.34,GBP,,DEB,,
2f54c621d11ae0f31d2e53f79272e439,2021-06-10T00:00:00Z,RETURNED DD,40.0,GBP,CREDIT,CREDIT,,,453.34,GBP,,DEP,,
922fa8149e40908d3c24ac697883c1b4,2021-06-10T00:00:00Z,CIRCLE UK TRADING,50.36,GBP,CREDIT,CREDIT,,,503.7,GBP,,FPI,,
dfa2a02a49ddca9ca7dd02f5e8a075e8,2021-06-10T00:00:00Z,OUTGOING DD,-30.0,GBP,DEBIT,DIRECT_DEBIT,,,473.7,GBP,,DD,,
a7f7393895994ec4fd9cacd8b22901d2,2021-06-10T00:00:00Z,EDF ENERGY,-24.5,GBP,DEBIT,BILL_PAYMENT,,,449.2,GBP,,BP,,
3dd9c37bb76f16c19b78af39b9ec53c4,2021-06-09T00:00:00Z,DVLA LICENCE,-23.62,GBP,DEBIT,DIRECT_DEBIT,,,425.58,GBP,,DD,,
5f3c3c5fcfe890ccb34be962e51a0cb1,2021-06-09T00:00:00Z,DVLA TAX,-20.56,GBP,DEBIT,DIRECT_DEBIT,,,405.02,GBP,,DD,,
6c273a396003b55828b1521a92b533dc,2021-06-09T00:00:00Z,SAVE THE CHANGE,-0.41,GBP,DEBIT,BILL_PAYMENT,,,404.61,GBP,,BP,,
ae32527e73aa69d77f562bdd2e6070e3,2021-06-09T00:00:00Z,MS JANE DOE,70.0,GBP,CREDIT,TRANSFER,,,474.61,GBP,,TFR,,
4f7b6ca2710b48a33a12739bff80c3d1,2021-06-08T00:00:00Z,SAVE THE CHANGE,-0.01,GBP,DEBIT,BILL_PAYMENT,,,474.6,GBP,,BP,,
465149dcd869ee9e677f28caced043f1,2021-06-08T00:00:00Z,WORKING TAX CREDIT,22.42,GBP,CREDIT,CREDIT,,,497.02,GBP,,BGC,,
e8423e1c6eaf84fa3848600a4d89d5b3,2021-06-08T00:00:00Z,CREDITREPORTSERVIC,-14.99,GBP,DEBIT,PURCHASE,,,482.03,GBP,,DEB,,
7bc4aae397f6d3f6e3ff0866b4c0e4e1,2021-06-08T00:00:00Z,REGENDA REDWING RE,-100.0,GBP,DEBIT,PURCHASE,,,382.03,GBP,,DEB,,
db242e1480e1034f8ae084b441a38b3b,2021-06-08T00:00:00Z,BROADWAY GAMING LT CD 0315,-10.0,GBP,DEBIT,PURCHASE,,,372.03,GBP,,DEB,,
99fb74643bea57f7fa55e2a39cbc5b62,2021-06-08T00:00:00Z,SAVE THE CHANGE,-0.69,GBP,DEBIT,BILL_PAYMENT,,,371.34,GBP,,BP,,
4a182f27e99eb237759b38aa1b002fb2,2021-06-08T00:00:00Z,SAVE THE CHANGE,-1.04,GBP,DEBIT,BILL_PAYMENT,,,370.3,GBP,,BP,,
b41de5165ee2f21172134b77a527703a,2021-06-08T00:00:00Z,BOOKER LIMITED BLA,-24.31,GBP,DEBIT,PURCHASE,,,345.99,GBP,,DEB,,
d6a19b477c8d97d04f62a8077a532a31,2021-06-07T00:00:00Z,EE & T-MOBILE,-82.37,GBP,DEBIT,PURCHASE,,,263.62,GBP,,DEB,,
b714e5530475681a328cde7255f44cf0,2021-06-07T00:00:00Z,SAVE THE CHANGE,-1.15,GBP,DEBIT,BILL_PAYMENT,,,262.47,GBP,,BP,,
328b3c14cc8755886d60ce8e262b6c77,2021-06-07T00:00:00Z,MS JANE DOE,-70.0,GBP,DEBIT,TRANSFER,,,192.47,GBP,,TFR,,
99dd2f8fef2c9f77825d23fc72ec2460,2021-06-07T00:00:00Z,18db38 Betropolis LTD LC Betropolis,-10.0,GBP,DEBIT,PURCHASE,,,45.1,GBP,,DEB,,
72089a1c64ac38aba1f36835f29ad7ed,2021-06-06T00:00:00Z,TESCO MOBILE LTD,-28.25,GBP,DEBIT,PURCHASE,,,164.22,GBP,,DEB,,
4e56d4bac2e734889172d4262a89f019,2021-06-06T00:00:00Z,WORKING TAX CREDIT,22.42,GBP,CREDIT,CREDIT,,,186.64,GBP,,BGC,,
5d0e77c470a8fba937e55e9e5773a877,2021-06-06T00:00:00Z,W M MORRISONS PLC,-12.89,GBP,DEBIT,PURCHASE,,,173.75,GBP,,DEB,,
01fdb9f00477eca085492be7fdccb768,2021-06-06T00:00:00Z,TESCO MOBILE LTD,-50.0,GBP,DEBIT,PURCHASE,,,123.75,GBP,,DEB,,
8ba9e7598197f62ca723db8cefeb33e8,2021-06-06T00:00:00Z,HOME BARGAINS FLEE,-9.71,GBP,DEBIT,PURCHASE,,,114.04,GBP,,DEB,,
8ff025f7e53b09ab7ba774c1bcf2419a,2021-06-06T00:00:00Z,CHILD TAX CREDIT,346.35,GBP,CREDIT,CREDIT,,,460.39,GBP,,BGC,,
5bae6d11a333179e72c3c0ef4a9c14a8,2021-06-06T00:00:00Z,MR JOHN SMITH,137.6,GBP,CREDIT,CREDIT,,,597.99,GBP,,BGC,,
4c5b339bd5a7d509a58839466943f9bd,2021-06-06T00:00:00Z,MS JANE DOE,61.89,GBP,CREDIT,TRANSFER,,,659.88,GBP,,TFR,,
3cf5eade741b2e25e68569c5ffec13d8,2021-06-06T00:00:00Z,SAVE THE CHANGE,-0.01,GBP,DEBIT,BILL_PAYMENT,,,659.87,GBP,,BP,,
31345a15c56ae90136ec3a628dfbe621,2021-06-06T00:00:00Z,AMAZON PRIME,-5.0,GBP,DEBIT,PURCHASE,,,654.87,GBP,,DEB,,
1ae5c2f413ba84c4714daf747640a86b,2021-06-05T00:00:00Z,LNK ATM WITHDRAWAL,-60.0,GBP,DEBIT,ATM,,,594.87,GBP,,CPT,,
e4a2828e5835ead37956b3693fe1bc20,2021-06-05T00:00:00Z,SAVE THE CHANGE,-1.89,GBP,DEBIT,BILL_PAYMENT,,,592.98,GBP,,BP,,
61f4ab3bc36516e5876a52fcf930c723,2021-06-05T00:00:00Z,THE INSURANCE EMPO,-5.79,GBP,DEBIT,DIRECT_DEBIT,,,587.19,GBP,,DD,,
1db977b1a2ad807ce5c053df8947e94e,2021-06-05T00:00:00Z,AMAZON PRIME,-7.99,GBP,DEBIT,PURCHASE,,,579.2,GBP,,DEB,,
f398ec71e8c4d74f225c6c3262406d84,2021-06-05T00:00:00Z,VANQUIS BANK,-23.15,GBP,DEBIT,PURCHASE,,,556.05,GBP,,DEB,,
ba20d0ef9d267c4535ea925e23db5fca,2021-06-05T00:00:00Z,AA INSURANCE,-12.73,GBP,DEBIT,DIRECT_DEBIT,,,543.32,GBP,,DD,,
958f1d4884b0f19c9a2249ee36b9b574,2021-06-05T00:00:00Z,WWW.TAILS.COM,-6.37,GBP,DEBIT,PURCHASE,,,536.95,GBP,,DEB,,
b73a358d9dd6f6886e92dfbc5a601247,2021-06-05T00:00:00Z,ANNATAR,-20.0,GBP,DEBIT,PURCHASE,,,516.95,GBP,,DEB,,
8f035fd5ec3017c3efbf960221190097,2021-06-04T00:00:00Z,ANNATAR LIMITED,10.0,GBP,CREDIT,PURCHASE,,,526.95,GBP,,DEB,,
7f81d6e97ed2b84f30428955a4bd748f,2021-06-04T00:00:00Z,ANYVAN LTD,70.0,GBP,CREDIT,CREDIT,,,596.95,GBP,,FPI,,
9c1becb06021194935b74c642afcd531,2021-06-04T00:00:00Z,ANYVAN LTD,59.17,GBP,CREDIT,CREDIT,,,656.12,GBP,,FPI,,
af7a0ceef9db3214e65003c26196ab0c,2021-06-04T00:00:00Z,LNK ATM LONDON,-20.0,GBP,DEBIT,ATM,,,636.12,GBP,,CPT,,
44fd9143477e7593eba60c524e2c3a62,2021-06-04T00:00:00Z,LAPTOP DIRECT LTD.,-5.0,GBP,DEBIT,PURCHASE,,,631.12,GBP,,DEB,,
587a28c2ca59252f0b9fb8c6911b7272,2021-06-04T00:00:00Z,ANIMAL FRIENDS LTD,-3.07,GBP,DEBIT,DIRECT_DEBIT,,,628.05,GBP,,DD,,
05d3f35eb00fddc9d98c0f927a0d870b,2021-06-04T00:00:00Z,LNK ATM WITHDRAWAL,-100.0,GBP,DEBIT,ATM,,,528.05,GBP,,CPT,,
15fc19ca9ffb6d8defdaaec965fd4999,2021-06-04T00:00:00Z,MR JOHN SMITH,100.0,GBP,CREDIT,TRANSFER,,,628.05,GBP,,TFR,,
440722e1cbc135c081daeb6de82609e1,2021-06-04T00:00:00Z,INTUIT LIMITED,-3.59,GBP,DEBIT,DIRECT_DEBIT,,,624.46,GBP,,DD,,
d1aeeb60ce57820e54cfe3e8b0b96984,2021-06-04T00:00:00Z,PAYPAL EBAY,25.0,GBP,CREDIT,PURCHASE,,,649.46,GBP,,DEB,,
cd7ccef869cf858f377a3db79d4c1ee8,2021-06-04T00:00:00Z,RENT,-130.0,GBP,DEBIT,BILL_PAYMENT,,,519.46,GBP,,BP,,
c607bbbf9592f090e2e28c8663ada69a,2021-06-03T00:00:00Z,MS JANE DOE,0.89,GBP,CREDIT,TRANSFER,,,520.35,GBP,,TFR,,
ed83a36915063b00eadb41baf6c590eb,2021-06-03T00:00:00Z,SAVE THE CHANGE,-0.41,GBP,DEBIT,BILL_PAYMENT,,,519.94,GBP,,BP,,
0b68f40583e452d2360cd4c7affecf60,2021-06-03T00:00:00Z,MS JANE DOE,130.0,GBP,CREDIT,TRANSFER,,,649.94,GBP,,TFR,,
08f5b977a2b2511c7acbfe036030349d,2021-06-03T00:00:00Z,MR JOHN SMITH,7.0,GBP,CREDIT,TRANSFER,,,656.94,GBP,,TFR,,
a0f964be12ab6de81bfa977f0845036f,2021-06-03T00:00:00Z,AA MEMBERSHIP,-23.11,GBP,DEBIT,DIRECT_DEBIT,,,633.83,GBP,,DD,,
f33ed1a916d38af84e9720a212d3673d,2021-06-03T00:00:00Z,VIRGIN GAMES,35.49,GBP,CREDIT,PURCHASE,,,669.32,GBP,,DEB,,
c866d0dcdfb7cf6b08130484551c8a92,2021-06-03T00:00:00Z,SAVE THE CHANGE,-0.01,GBP,DEBIT,BILL_PAYMENT,,,669.31,GBP,,BP,,
bbb620ab94f963597f65ca9f56f26c8d,2021-06-03T00:00:00Z,GOOGLE PLAY STORE,-2.99,GBP,DEBIT,PURCHASE,,,666.32,GBP,,DEB,,
c0f1f360decd647b0ad474511743b5b7,2021-06-03T00:00:00Z,TESCO EXTRA,-30.0,GBP,DEBIT,PURCHASE,,,636.32,GBP,,DEB,,
8900356ceec4ebcdce426aa470439513,2021-06-03T00:00:00Z,RETURNED DIRECT DEBIT,40.0,GBP,CREDIT,CREDIT,,,676.32,GBP,,DEP,,
5f3f7aad5ee82bd328c43d05d32258fe,2021-06-03T00:00:00Z,LNK ATM LONDON,-40.0,GBP,DEBIT,ATM,,,636.32,GBP,,CPT,,
04947c9d3ff75bde859bcd7649e0e8ff,2021-06-03T00:00:00Z,WWW.ASDA.COM,-5.0,GBP,DEBIT,PURCHASE,,,631.32,GBP,,DEB,,
35bda470ffcc604aa9be99d85c83721d,2021-06-02T00:00:00Z,MR JOHN SMITH,30.0,GBP,CREDIT,TRANSFER,,,661.32,GBP,,TFR,,
ce049e5319c1e928cdb3cb3ea4447e91,2021-06-02T00:00:00Z,LNK ATM LONDON,-30.0,GBP,DEBIT,ATM,,,631.32,GBP,,CPT,,
30437511c09a987df5fe0ceb49acc74c,2021-06-02T00:00:00Z,MR JOHN SMITH,10.0,GBP,CREDIT,TRANSFER,,,641.32,GBP,,TFR,,
e53b4a26622ef4bb3ad71d234d7db147,2021-06-02T00:00:00Z,SAVE THE CHANGE,-0.59,GBP,DEBIT,BILL_PAYMENT,,,640.73,GBP,,BP,,
ddb9c3ebed703ddc2c0a9fbd76402dfd,2021-06-01T00:00:00Z,TALKTALK TELECOM,-46.82,GBP,DEBIT,PURCHASE,,,593.91,GBP,,DEB,,
10c5dbaaa2bf22e3c84e6f6746831522,2021-06-01T00:00:00Z,ACCOUNT OVERDRAFT FEE,-0.01,GBP,DEBIT,BILL_PAYMENT,,,593.9,GBP,,BP,,
efa2ea12e35e81f9af9c8183d787b35f,2021-06-01T00:00:00Z,MR JOHN SMITH,-227.0,GBP,DEBIT,TRANSFER,,,366.9,GBP,,TFR,,
21db924dbb61188137f18e06495f3fa5,2021-06-01T00:00:00Z,TESCO,-39.99,GBP,DEBIT,PURCHASE,,,326.91,GBP,,DEB,,
525bce3f70df48f82a633cb3c5adc5d9,2021-06-01T00:00:00Z,REVOLUT,-0.01,GBP,DEBIT,PURCHASE,,,326.9,GBP,,DEB,,
434000d0ad7ef2ffdad314b01563bb45,2021-06-01T00:00:00Z,CENTRA,-0.01,GBP,DEBIT,PURCHASE,,,326.89,GBP,,DEB,,
524d3c6c808d946323e61b82259692bc,2021-06-01T00:00:00Z,DUNNES STORES,-0.01,GBP,DEBIT,PURCHASE,,,326.88,GBP,,DEB,,
a6246a8d8a03a5a8f11967aa9458b03c,2021-06-01T00:00:00Z,SPAR,-0.01,GBP,DEBIT,PURCHASE,,,326.87,GBP,,DEB,,
8a484f73a587b4d36d2d2dc599bff04c,2021-06-01T00:00:00Z,SPAR,-0.01,GBP,DEBIT,PURCHASE,,,326.86,GBP,,DEB,,
be8678c999f5249ec66d8ca3d6d9030f,2021-06-01T00:00:00Z,SUPERVALUE,-0.01,GBP,DEBIT,PURCHASE,,,326.85,GBP,,DEB,,
756b842a9b592326f56d2372a2b92ffa,2021-06-01T00:00:00Z,LIDL,-0.01,GBP,DEBIT,PURCHASE,,,326.84,GBP,,DEB,,
9a6beb00cb1d439abd2f89d18343aaf1,2021-06-01T00:00:00Z,APLLEGREEN,-0.01,GBP,DEBIT,PURCHASE,,,326.83,GBP,,DEB,,
2ea30bf8691d43f0c7c4443c8ea0b0a9,2021-06-01T00:00:00Z,MCDONALD'S,-0.01,GBP,DEBIT,PURCHASE,,,326.82,GBP,,DEB,,
98b30db414064da848297f5cc2ac5bd5,2021-06-01T00:00:00Z,HARVEY NORMAN,-0.01,GBP,DEBIT,PURCHASE,,,326.81,GBP,,DEB,,
c7c96ea1078db2970fd8b5c673fa9c7d,2021-06-01T00:00:00Z,ULSTER BANK,-0.01,GBP,DEBIT,PURCHASE,,,326.8,GBP,,DEB,,
d3252b246f8df2121f8b37d1582bf635,2021-06-01T00:00:00Z,CIRCLE K,-0.01,GBP,DEBIT,PURCHASE,,,326.79,GBP,,DEB,,
3701c5ee28663dbcddfccac02e373f41,2021-06-01T00:00:00Z,BET365,-0.01,GBP,DEBIT,PURCHASE,,,326.78,GBP,,DEB,,
61ab16d9511933ed4af40b8905ec458f,2021-06-01T00:00:00Z,ACCOUNT OVERDRAFT FEE,-0.01,GBP,DEBIT,BILL_PAYMENT,,,326.77,GBP,,BP,,
bf170e33d07d9f0aef7ffe0c7a20bdde,2021-06-01T00:00:00Z,Sainsbury's,-23.99,GBP,DEBIT,PURCHASE,,,302.78,GBP,,DEB,,
104cb348b7469281c5b2c85893341428,2021-06-01T00:00:00Z,MR JOHN SMITH,-20.91,GBP,DEBIT,TRANSFER,,,282.78,GBP,,TFR,,
254d64408abfa4342801da02b60f7c9e,2021-06-01T00:00:00Z,NUDE FINANCE,-10.0,GBP,DEBIT,PURCHASE,,,272.78,GBP,,DEB,,
325290cfbb3f1cc2bb51b4ada22582c9,2021-06-01T00:00:00Z,E.ON NEXT,-10.0,GBP,DEBIT,PURCHASE,,,262.78,GBP,,DEB,,
bb23293c07a48e6d0ee37d8c8333266e,2021-06-01T00:00:00Z,L&G INSURANCE,-10.0,GBP,DEBIT,PURCHASE,,,252.78,GBP,,DEB,,
008d5cdffcb382291c6fce809b56b96e,2021-06-01T00:00:00Z,HALIFAX,-10.0,GBP,DEBIT,PURCHASE,,,242.78,GBP,,DEB,,
127979631915a0fbd1b99043bb632733,2021-06-01T00:00:00Z,OVO ENERGY,-10.0,GBP,DEBIT,PURCHASE,,,232.78,GBP,,DEB,,
5e6788531a182036e07ca03578eae426,2021-05-28T00:00:00Z,TSB CLEVELEYS,420.0,GBP,CREDIT,CASH,,,-640.42,GBP,,CSH,,
3573b0d0ae188fad7b197cc3955245b5,2021-05-28T00:00:00Z,AMAZON INT'L,-36.59,GBP,DEBIT,PURCHASE,,,-677.01,GBP,,DEB,,
8dba9ee7a73edb603e1ebe5a6ba8be80,2021-05-28T00:00:00Z,RETURNED DD,40.0,GBP,CREDIT,CREDIT,,,-637.01,GBP,,DEP,,
3c79cebb25af1240ab8c5f0afabe3559,2021-05-28T00:00:00Z,MR JOHN SMITH,-32.72,GBP,DEBIT,TRANSFER,,,-669.73,GBP,,TFR,,
c85261df134cbe14c81dd967116587f4,2021-05-28T00:00:00Z,WORKING TAX CREDIT,22.42,GBP,CREDIT,CREDIT,,,-647.31,GBP,,BGC,,
8a3e2f06a3ea3ba354491766d258cec2,2021-05-27T00:00:00Z,MS JANE DOE,-7.93,GBP,DEBIT,TRANSFER,,,-655.24,GBP,,TFR,,
10b0a41b816332f4689da9ae5f4c3c52,2021-05-27T00:00:00Z,CIRCLE UK TRADING REFUND,50.59,GBP,CREDIT,CREDIT,,,-604.65,GBP,,DEP,,
bf92741942c93dfd44a03e8ec6038ea6,2021-05-27T00:00:00Z,MS JANE DOE,15.86,GBP,CREDIT,TRANSFER,,,-588.79,GBP,,TFR,,
9d3a0dc1b4b2b2b36091749ac46aa771,2021-05-27T00:00:00Z,DVLA LICENSE,-20.56,GBP,DEBIT,DIRECT_DEBIT,,,-609.35,GBP,,DD,,
f2173060f7dbaa290f64b4c8ebc6e468,2021-05-27T00:00:00Z,E&L INSURANCE,-2.99,GBP,DEBIT,DIRECT_DEBIT,,,-612.34,GBP,,DD,,
b80eb632be578bf98055e7ba12d38c73,2021-05-27T00:00:00Z,TESCO ONLINE SHOPPING,-23.62,GBP,DEBIT,DIRECT_DEBIT,,,-635.96,GBP,,DD,,
40e25040976179af08ed981c0cfdfdf7,2021-05-27T00:00:00Z,PAYPAL EBAY,-7.56,GBP,DEBIT,PURCHASE,,,-643.52,GBP,,DEB,,
aea1eafe67145a2c13d4408867733403,2021-05-25T00:00:00Z,CASHBACK,70.0,GBP,CREDIT,CASH,,,-573.52,GBP,,CSH,,
fa67b2f1a6da15faa0b8e68b9216e903,2021-05-25T00:00:00Z,MENS HEALTH SUBSCRIPTION,-24.5,GBP,DEBIT,DIRECT_DEBIT,,,-598.02,GBP,,DD,,
ca9b31c5f1d97566b70eecd248a67c35,2021-05-25T00:00:00Z,OUTGOING DD,-10.0,GBP,DEBIT,DIRECT_DEBIT,,,-608.02,GBP,,DD,,
e67c342d5c3e09c635fb5a331d74a90c,2021-05-25T00:00:00Z,SAVE THE CHANGE,-0.41,GBP,DEBIT,BILL_PAYMENT,,,-608.43,GBP,,BP,,
9bed72879944ceba0d7c7555a512efa5,2021-05-25T00:00:00Z,AMAZON PLC,-36.59,GBP,DEBIT,PURCHASE,,,-645.02,GBP,,DEB,,
21b03e66267b665872bb02c8ead4d827,2021-05-25T00:00:00Z,SAVE THE CHANGE,-0.5,GBP,DEBIT,BILL_PAYMENT,,,-645.52,GBP,,BP,,
b01c3d45cc485f54e5e9628e3f7a3a22,2021-05-25T00:00:00Z,WWW.BINGO.COM,-10.5,GBP,DEBIT,PURCHASE,,,-656.02,GBP,,DEB,,
358dda62908e706efd0d373169e7e5ae,2021-05-23T00:00:00Z,MORSES CLUB LTD,-30.0,GBP,DEBIT,PURCHASE,,,-626.02,GBP,,DEB,,
5de4a588e4d5d35fe94739864eecdca3,2021-05-23T00:00:00Z,ANYVAN LTD,32.5,GBP,CREDIT,CREDIT,,,-593.52,GBP,,FPI,,
af52368459475bde5ac444d38ec77f8c,2021-05-23T00:00:00Z,LNK ATM WITHDRAWAL,-100.0,GBP,DEBIT,ATM,,,-693.52,GBP,,CPT,,
43989e69ea739f3dbf2ab19c09e7b0ba,2021-05-23T00:00:00Z,SAVE THE CHANGE,-1.57,GBP,DEBIT,BILL_PAYMENT,,,-695.09,GBP,,BP,,
0642be9ba5f98fe221aee6691fe7c39a,2021-05-23T00:00:00Z,WWW.METROBANK.COM,-20.0,GBP,DEBIT,PURCHASE,,,-715.09,GBP,,DEB,,
bf4c29caaab07f2671af154a1fba0f0d,2021-05-22T00:00:00Z,AMAZON INT'L,-5.0,GBP,DEBIT,PURCHASE,,,-720.09,GBP,,DEB,,
96bfa236cc310e1c10ba97a29014bf30,2021-05-22T00:00:00Z,SAVE THE CHANGE,-0.01,GBP,DEBIT,BILL_PAYMENT,,,-720.1,GBP,,BP,,
ea8a47698d53f6d30560bcb3a90b05bb,2021-05-22T00:00:00Z,TESCO MOBILE LTD,-39.25,GBP,DEBIT,PURCHASE,,,-759.35,GBP,,DEB,,
c719cf7a14a6f4b65332b5c2ccb4b002,2021-05-22T00:00:00Z,PAYPAL WWW.EBAY.COM,-36.59,GBP,DEBIT,PURCHASE,,,-795.94,GBP,,DEB,,
08fa07680fc87edf697beb7fe9ef9edf,2021-05-22T00:00:00Z,OAKAM LIMITED,-36.59,GBP,DEBIT,PURCHASE,,,-832.53,GBP,,DEB,,
e74847ddac08ebe7dcdb387b7b18e6f3,2021-05-20T00:00:00Z,REGENDA REDWING,-150.0,GBP,DEBIT,PURCHASE,,,-982.53,GBP,,DEB,,
6344ee055fbc23126e50ef5eee39796c,2021-05-20T00:00:00Z,WORKING TAX CREDIT,22.42,GBP,CREDIT,CREDIT,,,-960.11,GBP,,BGC,,
2bfa3e80a4f30db6f51562c169152d33,2021-05-20T00:00:00Z,PARKRETAIL.CO.UK,-550.0,GBP,DEBIT,PURCHASE,,,-1510.11,GBP,,DEB,,
c362ab75d44e2ff243cdbb7179c16211,2021-05-20T00:00:00Z,CHILD TAX CREDIT,345.13,GBP,CREDIT,CREDIT,,,-1164.98,GBP,,BGC,,
b13a4c45531325cea661e105a2c30774,2021-05-19T00:00:00Z,AMAZON PRIME,-7.99,GBP,DEBIT,PURCHASE,,,-1172.97,GBP,,DEB,,
219062abf33408dfbf34688fb1d78974,2021-05-19T00:00:00Z,CLEVELEYS.COM,1450.42,GBP,CREDIT,CREDIT,,,277.45,GBP,,DEP,,
b39d61b20295771ad85401d3c3957765,2021-05-18T00:00:00Z,CIRCLE UK TRADING,82.21,GBP,CREDIT,CREDIT,,,359.66,GBP,,FPI,,
0a1813c4ab3e91846fb6421c8abf0621,2021-05-17T00:00:00Z,MR JOHN SMITH,137.6,GBP,CREDIT,CREDIT,,,497.26,GBP,,BGC,,
1bd750c8e0702b879d255d527de6ba94,2021-05-17T00:00:00Z,AA INSURANCE,-12.73,GBP,DEBIT,DIRECT_DEBIT,,,484.53,GBP,,DD,,
7895a633ac3317060caef96f5f5d12e4,2021-05-17T00:00:00Z,AXA WEALTH LTD,-40.0,GBP,DEBIT,DIRECT_DEBIT,,,444.53,GBP,,DD,,
566dbcc8ed0fbd7e5bf2f84a95ea39f9,2021-05-17T00:00:00Z,MORRISONS PETROL,-20.0,GBP,DEBIT,PURCHASE,,,424.53,GBP,,DEB,,
c2df33143529fb3701804d44258ef346,2021-05-17T00:00:00Z,SAVE THE CHANGE,-0.63,GBP,DEBIT,BILL_PAYMENT,,,423.9,GBP,,BP,,
05251b70a2398608da01860b18804d21,2021-05-17T00:00:00Z,TAILSCOM,-6.37,GBP,DEBIT,PURCHASE,,,417.53,GBP,,DEB,,
00f0e604ccb7477ff985cd9dc48ace27,2021-05-15T00:00:00Z,ASDA STOES LTD,-32.0,GBP,DEBIT,PURCHASE,,,385.53,GBP,,DEB,,
aa99dbce917ce23a3a35a2b262f641fd,2021-05-15T00:00:00Z,SAVE THE CHANGE,-0.55,GBP,DEBIT,BILL_PAYMENT,,,384.98,GBP,,BP,,
c753202a57ae7382f499deee65de2cbd,2021-05-15T00:00:00Z,AMAZON BLACK FRIDAY,-15.45,GBP,DEBIT,PURCHASE,,,369.53,GBP,,DEB,,
e3c45301f88118cab973c193fefcc4ea,2021-05-15T00:00:00Z,SAVE THE CHANGE,-0.5,GBP,DEBIT,BILL_PAYMENT,,,369.03,GBP,,BP,,
0ece625be1d83d127ad1b1c3d97a62cc,2021-05-15T00:00:00Z,TESCO EXTRA,-3.59,GBP,DEBIT,PURCHASE,,,365.44,GBP,,DEB,,
8cc574ee65dde245f2d9502f11c15506,2021-05-15T00:00:00Z,PAYPAL EBAY,-10.0,GBP,DEBIT,PURCHASE,,,355.44,GBP,,DEB,,
b7836690c8d35241aeb9fed3bc68301d,2021-05-14T00:00:00Z,PAYPAL BETFRED,-2.0,GBP,DEBIT,PURCHASE,,,353.44,GBP,,DEB,,
9f1add95af1c23b52e20664f3559a7bb,2021-05-14T00:00:00Z,MT SECURETRADE LIM,-20.5,GBP,DEBIT,PURCHASE,,,332.94,GBP,,DEB,,
b1898a468bcd7f52861db2ebfaf5c962,2021-05-14T00:00:00Z,MT SECURETRADE LIM,43.5,GBP,CREDIT,PURCHASE,,,376.44,GBP,,DEB,,
cac64862fbf07f998c5ca8ea29737119,2021-05-12T00:00:00Z,SAVE THE CHANGE,-0.41,GBP,DEBIT,BILL_PAYMENT,,,376.03,GBP,,BP,,
7531ab3623010db74b2c20858dbda677,2021-05-12T00:00:00Z,AA MEMBERSHIP,-23.11,GBP,DEBIT,DIRECT_DEBIT,,,352.92,GBP,,DD,,
2316c75c5ffa934f425d8c8f16b910ea,2021-05-11T00:00:00Z,CIRCLE UK TRADING,50.0,GBP,CREDIT,CREDIT,,,402.92,GBP,,FPI,,
0499b457c867cf418398cd2b01be30cc,2021-05-11T00:00:00Z,MS JANE DOE,50.0,GBP,CREDIT,TRANSFER,,,452.92,GBP,,TFR,,
4b53d29c50e067bde983a39937374023,2021-05-11T00:00:00Z,WORKING TAX CREDIT,22.42,GBP,CREDIT,CREDIT,,,475.34,GBP,,BGC,,
78836efb851a8c9f21b833f88b4cb55e,2021-05-11T00:00:00Z,BUTLINS HOLIDAYS,-17.0,GBP,DEBIT,PURCHASE,,,458.34,GBP,,DEB,,
f5a3517a0c4139f301dafa5d1d0d3558,2021-05-10T00:00:00Z,AXA WEALTH LTD,-40.0,GBP,DEBIT,DIRECT_DEBIT,,,418.34,GBP,,DD,,
3199bb7bd27696e9ca3c8feb09bcf0f9,2021-05-10T00:00:00Z,ASDA STORES LTD,-5.0,GBP,DEBIT,PURCHASE,,,413.34,GBP,,DEB,,
d89142dbc95d58b5464642a8ab01f77f,2021-05-10T00:00:00Z,RETURNED DD,40.0,GBP,CREDIT,CREDIT,,,453.34,GBP,,DEP,,
cbe7c4aa6ff210827151c2759f3f8d2d,2021-05-10T00:00:00Z,CIRCLE UK TRADING,50.36,GBP,CREDIT,CREDIT,,,503.7,GBP,,FPI,,
a8e7022fb71efb8d10eefcc0c511a558,2021-05-10T00:00:00Z,OUTGOING DD,-30.0,GBP,DEBIT,DIRECT_DEBIT,,,473.7,GBP,,DD,,
7170eadccbb3fdd3720eb95b57ee19fe,2021-05-10T00:00:00Z,EDF ENERGY,-24.5,GBP,DEBIT,BILL_PAYMENT,,,449.2,GBP,,BP,,
a140b8d9bc6662beaf13540ab0b552b3,2021-05-09T00:00:00Z,DVLA LICENCE,-23.62,GBP,DEBIT,DIRECT_DEBIT,,,425.58,GBP,,DD,,
da787717ad9600529de232353346121c,2021-05-09T00:00:00Z,DVLA TAX,-20.56,GBP,DEBIT,DIRECT_DEBIT,,,405.02,GBP,,DD,,
61a26e4620a259f314f8caa6c714140c,2021-05-09T00:00:00Z,SAVE THE CHANGE,-0.41,GBP,DEBIT,BILL_PAYMENT,,,404.61,GBP,,BP,,
aaa65c5e98ccde39c90d05a64fc176bd,2021-05-09T00:00:00Z,MS JANE DOE,70.0,GBP,CREDIT,TRANSFER,,,474.61,GBP,,TFR,,
0ce6c7773bab4f9b7134dd5fad18ee69,2021-05-08T00:00:00Z,SAVE THE CHANGE,-0.01,GBP,DEBIT,BILL_PAYMENT,,,474.6,GBP,,BP,,
8cdf2ebc54d496d21bdcb8b3067d0f6a,2021-05-08T00:00:00Z,WORKING TAX CREDIT,22.42,GBP,CREDIT,CREDIT,,,497.02,GBP,,BGC,,
07c1e7080570364349ab2430c4471cfe,2021-05-08T00:00:00Z,CREDITREPORTSERVIC,-14.99,GBP,DEBIT,PURCHASE,,,482.03,GBP,,DEB,,
c36c6fec56d6ace976a2403fe8bf4685,2021-05-08T00:00:00Z,REGENDA REDWING RE,-100.0,GBP,DEBIT,PURCHASE,,,382.03,GBP,,DEB,,
24204bf2d6e48941bc5e4e26ca56fb37,2021-05-08T00:00:00Z,BROADWAY GAMING LT CD 0315,-10.0,GBP,DEBIT,PURCHASE,,,372.03,GBP,,DEB,,
2f04b80f9695397c2fc300630109fb40,2021-05-08T00:00:00Z,SAVE THE CHANGE,-0.69,GBP,DEBIT,BILL_PAYMENT,,,371.34,GBP,,BP,,
1bacf6d0b8b5d01553c7c304f4fbfed6,2021-05-08T00:00:00Z,SAVE THE CHANGE,-1.04,GBP,DEBIT,BILL_PAYMENT,,,370.3,GBP,,BP,,
1a61b02e92fb1e30b1b51a886dff6499,2021-05-08T00:00:00Z,BOOKER LIMITED BLA,-24.31,GBP,DEBIT,PURCHASE,,,345.99,GBP,,DEB,,
334e6f0ef22329a2840de7da548858b3,2021-05-07T00:00:00Z,EE & T-MOBILE,-82.37,GBP,DEBIT,PURCHASE,,,263.62,GBP,,DEB,,
389d2cd9f800adeb44cfca06847190f4,2021-05-07T00:00:00Z,SAVE THE CHANGE,-1.15,GBP,DEBIT,BILL_PAYMENT,,,262.47,GBP,,BP,,
d2450921829833f87a5c96ed5bdbbee0,2021-05-07T00:00:00Z,MS JANE DOE,-70.0,GBP,DEBIT,TRANSFER,,,192.47,GBP,,TFR,,
2781a010da86ddb6e41a6aab83259053,2021-05-07T00:00:00Z,18db38 Betropolis LTD LC Betropolis,-10.0,GBP,DEBIT,PURCHASE,,,45.1,GBP,,DEB,,
9d99bfb6e206efe7acef6c27defbb581,2021-05-06T00:00:00Z,TESCO MOBILE LTD,-28.25,GBP,DEBIT,PURCHASE,,,164.22,GBP,,DEB,,
e1c8dde50b45a3f84f5c26486476629f,2021-05-06T00:00:00Z,WORKING TAX CREDIT,22.42,GBP,CREDIT,CREDIT,,,186.64,GBP,,BGC,,
2ff07ed7340187d24ba34956076831b1,2021-05-06T00:00:00Z,W M MORRISONS PLC,-12.89,GBP,DEBIT,PURCHASE,,,173.75,GBP,,DEB,,
dab9cd6046107d2d8aebb7a1e97a629f,2021-05-06T00:00:00Z,TESCO MOBILE LTD,-50.0,GBP,DEBIT,PURCHASE,,,123.75,GBP,,DEB,,
fc4f19a70dfce167b029392dca3c3eb0,2021-05-06T00:00:00Z,HOME BARGAINS FLEE,-9.71,GBP,DEBIT,PURCHASE,,,114.04,GBP,,DEB,,
a346862a616ac1fec78d0ac0baf359ec,2021-05-06T00:00:00Z,CHILD TAX CREDIT,346.35,GBP,CREDIT,CREDIT,,,460.39,GBP,,BGC,,
aaf2daa563954258caa404fe412ff585,2021-05-06T00:00:00Z,MR JOHN SMITH,137.6,GBP,CREDIT,CREDIT,,,597.99,GBP,,BGC,,
417fbbbd305c53ecf350cbf377254a3c,2021-05-06T00:00:00Z,MS JANE DOE,61.89,GBP,CREDIT,TRANSFER,,,659.88,GBP,,TFR,,
1c18935d6404af7cf7c92eb016536b96,2021-05-06T00:00:00Z,SAVE THE CHANGE,-0.01,GBP,DEBIT,BILL_PAYMENT,,,659.87,GBP,,BP,,
259103507c301c30d514fba3f163ee6e,2021-05-06T00:00:00Z,AMAZON PRIME,-5.0,GBP,DEBIT,PURCHASE,,,654.87,GBP,,DEB,,
e4e1d3c86ac56e540b6023987f796380,2021-05-05T00:00:00Z,LNK ATM WITHDRAWAL,-60.0,GBP,DEBIT,ATM,,,594.87,GBP,,CPT,,
d3e5384b4038c742708655c57f9293e3,2021-05-05T00:00:00Z,SAVE THE CHANGE,-1.89,GBP,DEBIT,BILL_PAYMENT,,,592.98,GBP,,BP,,
27ba388d4c004fa992f59b8f25967d3e,2021-05-05T00:00:00Z,THE INSURANCE EMPO,-5.79,GBP,DEBIT,DIRECT_DEBIT,,,587.19,GBP,,DD,,
cbef75ea9045d7e4e5b3affd13914a9a,2021-05-05T00:00:00Z,AMAZON PRIME,-7.99,GBP,DEBIT,PURCHASE,,,579.2,GBP,,DEB,,
f6176e86634d60c9794bea8259aade5d,2021-05-05T00:00:00Z,VANQUIS BANK,-23.15,GBP,DEBIT,PURCHASE,,,556.05,GBP,,DEB,,
0980ac0d2e76732192d8e9f1e8a057d6,2021-05-05T00:00:00Z,AA INSURANCE,-12.73,GBP,DEBIT,DIRECT_DEBIT,,,543.32,GBP,,DD,,
af6e96bbbde019d1a837ba1542de75c7,2021-05-05T00:00:00Z,WWW.TAILS.COM,-6.37,GBP,DEBIT,PURCHASE,,,536.95,GBP,,DEB,,
1de12e6f7eb6e3d4ffb16e99b22c27f3,2021-05-05T00:00:00Z,ANNATAR,-20.0,GBP,DEBIT,PURCHASE,,,516.95,GBP,,DEB,,
3d59fac542f53102e4d40c74b7d36e8f,2021-05-04T00:00:00Z,ANNATAR LIMITED,10.0,GBP,CREDIT,PURCHASE,,,526.95,GBP,,DEB,,
a50e619329b5aa36f298c95e61a725a8,2021-05-04T00:00:00Z,ANYVAN LTD,70.0,GBP,CREDIT,CREDIT,,,596.95,GBP,,FPI,,
2f63d334951959519c07b365e042d083,2021-05-04T00:00:00Z,ANYVAN LTD,59.17,GBP,CREDIT,CREDIT,,,656.12,GBP,,FPI,,
e260a93950643d0724ed9041739e309a,2021-05-04T00:00:00Z,LNK ATM LONDON,-20.0,GBP,DEBIT,ATM,,,636.12,GBP,,CPT,,
42b18c2ad976853da097fb482a2dfb41,2021-05-04T00:00:00Z,LAPTOP DIRECT LTD.,-5.0,GBP,DEBIT,PURCHASE,,,631.12,GBP,,DEB,,
38cc4347f16ecdfb2c113f1aa7542fd8,2021-05-04T00:00:00Z,ANIMAL FRIENDS LTD,-3.07,GBP,DEBIT,DIRECT_DEBIT,,,628.05,GBP,,DD,,
e54df289338d3eb0e817b1610c8b0a0c,2021-05-04T00:00:00Z,LNK ATM WITHDRAWAL,-100.0,GBP,DEBIT,ATM,,,528.05,GBP,,CPT,,
e8cfe1408c7bab14e4d63209c58d0caa,2021-05-04T00:00:00Z,MR JOHN SMITH,100.0,GBP,CREDIT,TRANSFER,,,628.05,GBP,,TFR,,
feffd260898d64102ba3ff33573744a6,2021-05-04T00:00:00Z,INTUIT LIMITED,-3.59,GBP,DEBIT,DIRECT_DEBIT,,,624.46,GBP,,DD,,
92b8f7d084a9639339f16264d835443d,2021-05-04T00:00:00Z,PAYPAL EBAY,25.0,GBP,CREDIT,PURCHASE,,,649.46,GBP,,DEB,,
76ec48fcffe4adfbfa81eaaa0385e5b5,2021-05-04T00:00:00Z,RENT,-130.0,GBP,DEBIT,BILL_PAYMENT,,,519.46,GBP,,BP,,
8819c82dab3350e38eb4a692b82950be,2021-05-03T00:00:00Z,MS JANE DOE,0.89,GBP,CREDIT,TRANSFER,,,520.35,GBP,,TFR,,
c25fedc73443ea625c9134bc95f3e660,2021-05-03T00:00:00Z,SAVE THE CHANGE,-0.41,GBP,DEBIT,BILL_PAYMENT,,,519.94,GBP,,BP,,
e1d7b0506462fb8b03eff7451c3e0fc9,2021-05-03T00:00:00Z,MS JANE DOE,130.0,GBP,CREDIT,TRANSFER,,,649.94,GBP,,TFR,,
5714d8ef057f9f8d6565871d93117619,2021-05-03T00:00:00Z,MR JOHN SMITH,7.0,GBP,CREDIT,TRANSFER,,,656.94,GBP,,TFR,,
fe15be5204350e6e51caed4244b89d6c,2021-05-03T00:00:00Z,AA MEMBERSHIP,-23.11,GBP,DEBIT,DIRECT_DEBIT,,,633.83,GBP,,DD,,
e3857569d02aa4db0a6d2c1b9fa27ddf,2021-05-03T00:00:00Z,VIRGIN GAMES,35.49,GBP,CREDIT,PURCHASE,,,669.32,GBP,,DEB,,
f15e83c968167d603366d211ca375be2,2021-05-03T00:00:00Z,SAVE THE CHANGE,-0.01,GBP,DEBIT,BILL_PAYMENT,,,669.31,GBP,,BP,,
624fbcdee9825145fe68533ad63a2cca,2021-05-03T00:00:00Z,GOOGLE PLAY STORE,-2.99,GBP,DEBIT,PURCHASE,,,666.32,GBP,,DEB,,
9077d176175db2409cba70bc5afbc2e9,2021-05-03T00:00:00Z,TESCO EXTRA,-30.0,GBP,DEBIT,PURCHASE,,,636.32,GBP,,DEB,,
f7cda90d9bc6e5c16bc9bb27e05bd6f5,2021-05-03T00:00:00Z,RETURNED DIRECT DEBIT,40.0,GBP,CREDIT,CREDIT,,,676.32,GBP,,DEP,,
8ea8c7ece1310ab2d5dc432a924270b4,2021-05-03T00:00:00Z,LNK ATM LONDON,-40.0,GBP,DEBIT,ATM,,,636.32,GBP,,CPT,,
cd00efea23b91b64f37d346768840271,2021-05-03T00:00:00Z,WWW.ASDA.COM,-5.0,GBP,DEBIT,PURCHASE,,,631.32,GBP,,DEB,,
0e7f5b148fedf1cba288b9611533ca8b,2021-05-02T00:00:00Z,MR JOHN SMITH,30.0,GBP,CREDIT,TRANSFER,,,661.32,GBP,,TFR,,
b8a4c485200bc54a79029292f3e59f6f,2021-05-02T00:00:00Z,LNK ATM LONDON,-30.0,GBP,DEBIT,ATM,,,631.32,GBP,,CPT,,
64f810fef79838296d02b0d95347ed0f,2021-05-02T00:00:00Z,MR JOHN SMITH,10.0,GBP,CREDIT,TRANSFER,,,641.32,GBP,,TFR,,
1dc7e4c958e2b0f5c93d7c749a792036,2021-05-02T00:00:00Z,SAVE THE CHANGE,-0.59,GBP,DEBIT,BILL_PAYMENT,,,640.73,GBP,,BP,,
d82881a7859118edb210686f4c3a2b87,2021-05-01T00:00:00Z,TALKTALK TELECOM,-46.82,GBP,DEBIT,PURCHASE,,,593.91,GBP,,DEB,,
bc995a9b9cc162c717c2d03899e523c3,2021-05-01T00:00:00Z,ACCOUNT OVERDRAFT FEE,-0.01,GBP,DEBIT,BILL_PAYMENT,,,593.9,GBP,,BP,,
dd70f740c9ef3314bd81774911020f24,2021-05-01T00:00:00Z,MR JOHN SMITH,-227.0,GBP,DEBIT,TRANSFER,,,366.9,GBP,,TFR,,
a1e1b958110dd73ca59ff343570142f7,2021-05-01T00:00:00Z,TESCO,-39.99,GBP,DEBIT,PURCHASE,,,326.91,GBP,,DEB,,
8321ea808bdbbc2eaf66e0a81139daa6,2021-05-01T00:00:00Z,REVOLUT,-0.01,GBP,DEBIT,PURCHASE,,,326.9,GBP,,DEB,,
bde9cd24e8eb0e33cdd348e13ee655c0,2021-05-01T00:00:00Z,CENTRA,-0.01,GBP,DEBIT,PURCHASE,,,326.89,GBP,,DEB,,
a68ce9ab4a5849aa04e5a4f80bf1aee0,2021-05-01T00:00:00Z,DUNNES STORES,-0.01,GBP,DEBIT,PURCHASE,,,326.88,GBP,,DEB,,
e10a2c4ec2d03fcd2d9cc1f795e28f10,2021-05-01T00:00:00Z,SPAR,-0.01,GBP,DEBIT,PURCHASE,,,326.87,GBP,,DEB,,
9753dad10e517b37c4d5df34a97d6f37,2021-05-01T00:00:00Z,SPAR,-0.01,GBP,DEBIT,PURCHASE,,,326.86,GBP,,DEB,,
7114ee22c3794e4187457fa2d82bd7aa,2021-05-01T00:00:00Z,SUPERVALUE,-0.01,GBP,DEBIT,PURCHASE,,,326.85,GBP,,DEB,,
6ff9b78b551f8cb48aa2899306ad7ef3,2021-05-01T00:00:00Z,LIDL,-0.01,GBP,DEBIT,PURCHASE,,,326.84,GBP,,DEB,,
83cdfd94a3308d35a7df9ed5e9e25f5c,2021-05-01T00:00:00Z,APLLEGREEN,-0.01,GBP,DEBIT,PURCHASE,,,326.83,GBP,,DEB,,
539d6bfc49112c1a420bbb8d536c269c,2021-05-01T00:00:00Z,MCDONALD'S,-0.01,GBP,DEBIT,PURCHASE,,,326.82,GBP,,DEB,,
44a8affbca288e74ff6cb1fd7abed78e,2021-05-01T00:00:00Z,HARVEY NORMAN,-0.01,GBP,DEBIT,PURCHASE,,,326.81,GBP,,DEB,,
e52e1b0338e976a7ad6e146170920d4d,2021-05-01T00:00:00Z,ULSTER BANK,-0.01,GBP,DEBIT,PURCHASE,,,326.8,GBP,,DEB,,
04a6544999eb37a26b7ffdeda9117c69,2021-05-01T00:00:00Z,CIRCLE K,-0.01,GBP,DEBIT,PURCHASE,,,326.79,GBP,,DEB,,
986a4dd69ec63638bc35543cbd1ce840,2021-05-01T00:00:00Z,BET365,-0.01,GBP,DEBIT,PURCHASE,,,326.78,GBP,,DEB,,
42e7b1c99ff2e65f61e34942b314fe41,2021-05-01T00:00:00Z,ACCOUNT OVERDRAFT FEE,-0.01,GBP,DEBIT,BILL_PAYMENT,,,326.77,GBP,,BP,,
71957042bebf0ba441121ad4a52b7109,2021-05-01T00:00:00Z,Sainsbury's,-23.99,GBP,DEBIT,PURCHASE,,,302.78,GBP,,DEB,,
c793f6804bcc1208c0b2742736843a5d,2021-05-01T00:00:00Z,MR JOHN SMITH,-20.91,GBP,DEBIT,TRANSFER,,,282.78,GBP,,TFR,,
2f65294ffebf81c1af29d41419b667d4,2021-05-01T00:00:00Z,NUDE FINANCE,-10.0,GBP,DEBIT,PURCHASE,,,272.78,GBP,,DEB,,
3d607f44fd1d671014fb84cd38f93b51,2021-05-01T00:00:00Z,E.ON NEXT,-10.0,GBP,DEBIT,PURCHASE,,,262.78,GBP,,DEB,,
ebca3dcfa12e335e805e96f28e539933,2021-05-01T00:00:00Z,L&G INSURANCE,-10.0,GBP,DEBIT,PURCHASE,,,252.78,GBP,,DEB,,
0bed0746a77eca3896470f40ebc8eb29,2021-05-01T00:00:00Z,HALIFAX,-10.0,GBP,DEBIT,PURCHASE,,,242.78,GBP,,DEB,,
8e122685770c02004bf63e203ec6a306,2021-05-01T00:00:00Z,OVO ENERGY,-10.0,GBP,DEBIT,PURCHASE,,,232.78,GBP,,DEB,,
39e29f1e8de8b2fb8af3789a0d9c48e9,2021-04-28T00:00:00Z,TSB CLEVELEYS,420.0,GBP,CREDIT,CASH,,,-640.42,GBP,,CSH,,
6d744c1ce428e4ed9b168c6f06daa12e,2021-04-28T00:00:00Z,AMAZON INT'L,-36.59,GBP,DEBIT,PURCHASE,,,-677.01,GBP,,DEB,,
fcc09ac3d4bfe923cf674ffc49084793,2021-04-28T00:00:00Z,RETURNED DD,40.0,GBP,CREDIT,CREDIT,,,-637.01,GBP,,DEP,,
46c465ce44689d755fdd415d1569e621,2021-04-28T00:00:00Z,MR JOHN SMITH,-32.72,GBP,DEBIT,TRANSFER,,,-669.73,GBP,,TFR,,
314f687c2377394f22da237e1dc16a5c,2021-04-28T00:00:00Z,WORKING TAX CREDIT,22.42,GBP,CREDIT,CREDIT,,,-647.31,GBP,,BGC,,
e00f1d47a8aa01caaeab0f4581dfc403,2021-04-27T00:00:00Z,MS JANE DOE,-7.93,GBP,DEBIT,TRANSFER,,,-655.24,GBP,,TFR,,
383dd699e798fe16890281b050fa6b2b,2021-04-27T00:00:00Z,CIRCLE UK TRADING REFUND,50.59,GBP,CREDIT,CREDIT,,,-604.65,GBP,,DEP,,
381b36d2e7288520e9f55e0531b23a33,2021-04-27T00:00:00Z,MS JANE DOE,15.86,GBP,CREDIT,TRANSFER,,,-588.79,GBP,,TFR,,
2f7265b23010ac83fc840cc15c3db53d,2021-04-27T00:00:00Z,DVLA LICENSE,-20.56,GBP,DEBIT,DIRECT_DEBIT,,,-609.35,GBP,,DD,,
37f8bfde521a8a35d2b3fec0356215a2,2021-04-27T00:00:00Z,E&L INSURANCE,-2.99,GBP,DEBIT,DIRECT_DEBIT,,,-612.34,GBP,,DD,,
a4a81ec102153cd03fded785de47c6f2,2021-04-27T00:00:00Z,TESCO ONLINE SHOPPING,-23.62,GBP,DEBIT,DIRECT_DEBIT,,,-635.96,GBP,,DD,,
289ea55f2e3f224eac7afd7ce0bfc2da,2021-04-27T00:00:00Z,PAYPAL EBAY,-7.56,GBP,DEBIT,PURCHASE,,,-643.52,GBP,,DEB,,
0c96882adee93f7b7d4ad389b3589120,2021-04-25T00:00:00Z,CASHBACK,70.0,GBP,CREDIT,CASH,,,-573.52,GBP,,CSH,,
74551063f15a1c1e0918bca82bacb1fd,2021-04-25T00:00:00Z,MENS HEALTH SUBSCRIPTION,-24.5,GBP,DEBIT,DIRECT_DEBIT,,,-598.02,GBP,,DD,,
6aaadfe91c6360c40916d9aece0b68e0,2021-04-25T00:00:00Z,OUTGOING DD,-10.0,GBP,DEBIT,DIRECT_DEBIT,,,-608.02,GBP,,DD,,
0a93946ccd79a76b82ad58c1250de6a8,2021-04-25T00:00:00Z,SAVE THE CHANGE,-0.41,GBP,DEBIT,BILL_PAYMENT,,,-608.43,GBP,,BP,,
01f3744024f5f2813f9b4949341e422b,2021-04-25T00:00:00Z,AMAZON PLC,-36.59,GBP,DEBIT,PURCHASE,,,-645.02,GBP,,DEB,,
cb910be6d1a63b8c1604bac3efafa8d9,2021-04-25T00:00:00Z,SAVE THE CHANGE,-0.5,GBP,DEBIT,BILL_PAYMENT,,,-645.52,GBP,,BP,,
89029dc14099d9cee08b01c457b1a7a8,2021-04-25T00:00:00Z,WWW.BINGO.COM,-10.5,GBP,DEBIT,PURCHASE,,,-656.02,GBP,,DEB,,
d1848c9696b338079999a0bebe79bd5c,2021-04-23T00:00:00Z,MORSES CLUB LTD,-30.0,GBP,DEBIT,PURCHASE,,,-626.02,GBP,,DEB,,
49ebbfc94f6b81d7deaa10f282782940,2021-04-23T00:00:00Z,ANYVAN LTD,32.5,GBP,CREDIT,CREDIT,,,-593.52,GBP,,FPI,,
0f0e27639171033f0509dda5c46970ab,2021-04-23T00:00:00Z,LNK ATM WITHDRAWAL,-100.0,GBP,DEBIT,ATM,,,-693.52,GBP,,CPT,,
24a570b5035614f743bdfeb1a9b9dce8,2021-04-23T00:00:00Z,SAVE THE CHANGE,-1.57,GBP,DEBIT,BILL_PAYMENT,,,-695.09,GBP,,BP,,
5aac7971e823808c8534da7df8f7a970,2021-04-23T00:00:00Z,WWW.METROBANK.COM,-20.0,GBP,DEBIT,PURCHASE,,,-715.09,GBP,,DEB,,
aa4d8c631b828fb565309d96b64a28fc,2021-04-22T00:00:00Z,AMAZON INT'L,-5.0,GBP,DEBIT,PURCHASE,,,-720.09,GBP,,DEB,,
5e17cb5fb3aba6446e7fbb7f4d7cec74,2021-04-22T00:00:00Z,SAVE THE CHANGE,-0.01,GBP,DEBIT,BILL_PAYMENT,,,-720.1,GBP,,BP,,
0c46474400c530181fb4c6ac6ffb7d54,2021-04-22T00:00:00Z,TESCO MOBILE LTD,-39.25,GBP,DEBIT,PURCHASE,,,-759.35,GBP,,DEB,,
61ba2f33d32e6fa6ce725b612dd9f335,2021-04-22T00:00:00Z,PAYPAL WWW.EBAY.COM,-36.59,GBP,DEBIT,PURCHASE,,,-795.94,GBP,,DEB,,
a756f2476d72e7d1afc73350eb4512e5,2021-04-22T00:00:00Z,OAKAM LIMITED,-36.59,GBP,DEBIT,PURCHASE,,,-832.53,GBP,,DEB,,
a1421b821a25b2314dc875e186c1f23f,2021-04-20T00:00:00Z,REGENDA REDWING,-150.0,GBP,DEBIT,PURCHASE,,,-982.53,GBP,,DEB,,
22f1af7bc48c9212d3ea11bcca932544,2021-04-20T00:00:00Z,WORKING TAX CREDIT,22.42,GBP,CREDIT,CREDIT,,,-960.11,GBP,,BGC,,
c79954695b4be71a7548e61bb2e8b21a,2021-04-20T00:00:00Z,PARKRETAIL.CO.UK,-550.0,GBP,DEBIT,PURCHASE,,,-1510.11,GBP,,DEB,,
f944bddfeba41533417637d816c1f0a2,2021-04-20T00:00:00Z,CHILD TAX CREDIT,345.13,GBP,CREDIT,CREDIT,,,-1164.98,GBP,,BGC,,
070f63f91e374f7e9ca78e6b76fc4e7b,2021-04-19T00:00:00Z,AMAZON PRIME,-7.99,GBP,DEBIT,PURCHASE,,,-1172.97,GBP,,DEB,,
7016ca1f482e60ed4736f6bcf605be34,2021-04-19T00:00:00Z,CLEVELEYS.COM,1450.42,GBP,CREDIT,CREDIT,,,277.45,GBP,,DEP,,
b219c233affaa1a5a2b487ced02aa4ba,2021-04-18T00:00:00Z,CIRCLE UK TRADING,82.21,GBP,CREDIT,CREDIT,,,359.66,GBP,,FPI,,
5e3c7d2c015b9a06e4411c09bcc7273f,2021-04-17T00:00:00Z,MR JOHN SMITH,137.6,GBP,CREDIT,CREDIT,,,497.26,GBP,,BGC,,
ac9cbdf10ce49aeb99f8bce12fccb205,2021-04-17T00:00:00Z,AA INSURANCE,-12.73,GBP,DEBIT,DIRECT_DEBIT,,,484.53,GBP,,DD,,
d6a34fc40a09aad792ff392c46728c22,2021-04-17T00:00:00Z,AXA WEALTH LTD,-40.0,GBP,DEBIT,DIRECT_DEBIT,,,444.53,GBP,,DD,,
e0588669bc36e5404b1b7a901a867521,2021-04-17T00:00:00Z,MORRISONS PETROL,-20.0,GBP,DEBIT,PURCHASE,,,424.53,GBP,,DEB,,
5e5df674e7bed822cad4cdc7b170bc60,2021-04-17T00:00:00Z,SAVE THE CHANGE,-0.63,GBP,DEBIT,BILL_PAYMENT,,,423.9,GBP,,BP,,
1db768380e68693bb85e85bfb1c4fd15,2021-04-17T00:00:00Z,TAILSCOM,-6.37,GBP,DEBIT,PURCHASE,,,417.53,GBP,,DEB,,
970dbb329c8b5a7c44e3a709b166c208,2021-04-15T00:00:00Z,ASDA STOES LTD,-32.0,GBP,DEBIT,PURCHASE,,,385.53,GBP,,DEB,,
4e9c9da4ea78576f45b75ea9962b391b,2021-04-15T00:00:00Z,SAVE THE CHANGE,-0.55,GBP,DEBIT,BILL_PAYMENT,,,384.98,GBP,,BP,,
cc03093f032c838b22037e1426d11380,2021-04-15T00:00:00Z,AMAZON BLACK FRIDAY,-15.45,GBP,DEBIT,PURCHASE,,,369.53,GBP,,DEB,,
27b422339d5cda321302e4d21f89548c,2021-04-15T00:00:00Z,SAVE THE CHANGE,-0.5,GBP,DEBIT,BILL_PAYMENT,,,369.03,GBP,,BP,,
aea06676171af856610e1ae3e804ae40,2021-04-15T00:00:00Z,TESCO EXTRA,-3.59,GBP,DEBIT,PURCHASE,,,365.44,GBP,,DEB,,
d6d1bcb8466123226b962872e9d934a7,2021-04-15T00:00:00Z,PAYPAL EBAY,-10.0,GBP,DEBIT,PURCHASE,,,355.44,GBP,,DEB,,
7f951064b7c1610a0bdf0b6006037b7c,2021-04-14T00:00:00Z,PAYPAL BETFRED,-2.0,GBP,DEBIT,PURCHASE,,,353.44,GBP,,DEB,,
524ec7c3db7f3f8918981db4c491df62,2021-04-14T00:00:00Z,MT SECURETRADE LIM,-20.5,GBP,DEBIT,PURCHASE,,,332.94,GBP,,DEB,,
747af48c1e35d03570c28fe7313edd09,2021-04-14T00:00:00Z,MT SECURETRADE LIM,43.5,GBP,CREDIT,PURCHASE,,,376.44,GBP,,DEB,,
d8a2949f358da4be8732f35b55b2ada3,2021-04-12T00:00:00Z,SAVE THE CHANGE,-0.41,GBP,DEBIT,BILL_PAYMENT,,,376.03,GBP,,BP,,
9d378770417102484797e6adf4c3c268,2021-04-12T00:00:00Z,AA MEMBERSHIP,-23.11,GBP,DEBIT,DIRECT_DEBIT,,,352.92,GBP,,DD,,
f5b6f0f97f789aa34c21a289d8a50f27,2021-04-11T00:00:00Z,CIRCLE UK TRADING,50.0,GBP,CREDIT,CREDIT,,,402.92,GBP,,FPI,,
74b406fae4502cbccc3454dfa9d8c66a,2021-04-11T00:00:00Z,MS JANE DOE,50.0,GBP,CREDIT,TRANSFER,,,452.92,GBP,,TFR,,
5e519500f28d07ef752d90d16ddca1b6,2021-04-11T00:00:00Z,WORKING TAX CREDIT,22.42,GBP,CREDIT,CREDIT,,,475.34,GBP,,BGC,,
8ee4c082391ee1c882622a4dd71a9e0f,2021-04-11T00:00:00Z,BUTLINS HOLIDAYS,-17.0,GBP,DEBIT,PURCHASE,,,458.34,GBP,,DEB,,
33d1891fdcc3703e45a1d9d411945f56,2021-04-10T00:00:00Z,AXA WEALTH LTD,-40.0,GBP,DEBIT,DIRECT_DEBIT,,,418.34,GBP,,DD,,
64ed136cd5574d49220313229d0e7421,2021-04-10T00:00:00Z,ASDA STORES LTD,-5.0,GBP,DEBIT,PURCHASE,,,413.34,GBP,,DEB,,
a2c258eed6c477105005c6cdef947b9f,2021-04-10T00:00:00Z,RETURNED DD,40.0,GBP,CREDIT,CREDIT,,,453.34,GBP,,DEP,,
1b4d42306bb80c97de805c414c262f38,2021-04-10T00:00:00Z,CIRCLE UK TRADING,50.36,GBP,CREDIT,CREDIT,,,503.7,GBP,,FPI,,
ede7199dc91709cfd10e34df97809464,2021-04-10T00:00:00Z,OUTGOING DD,-30.0,GBP,DEBIT,DIRECT_DEBIT,,,473.7,GBP,,DD,,
31bd884d50357b6d4e04170976dbf707,2021-04-10T00:00:00Z,EDF ENERGY,-24.5,GBP,DEBIT,BILL_PAYMENT,,,449.2,GBP,,BP,,
65e8af889d898ef3895bc9e028ec7ccc,2021-04-09T00:00:00Z,DVLA LICENCE,-23.62,GBP,DEBIT,DIRECT_DEBIT,,,425.58,GBP,,DD,,
421008fc256e6a180542b74381d94f51,2021-04-09T00:00:00Z,DVLA TAX,-20.56,GBP,DEBIT,DIRECT_DEBIT,,,405.02,GBP,,DD,,
2f52db2fca946bc5b81ff003f39c1e88,2021-04-09T00:00:00Z,SAVE THE CHANGE,-0.41,GBP,DEBIT,BILL_PAYMENT,,,404.61,GBP,,BP,,
e49846e705736b9676721944aa2d80ed,2021-04-09T00:00:00Z,MS JANE DOE,70.0,GBP,CREDIT,TRANSFER,,,474.61,GBP,,TFR,,
d4d6bec3135d51719702f28800b003c3,2021-04-08T00:00:00Z,SAVE THE CHANGE,-0.01,GBP,DEBIT,BILL_PAYMENT,,,474.6,GBP,,BP,,
a2364a74d1867ef0757f1a8d438c52ee,2021-04-08T00:00:00Z,WORKING TAX CREDIT,22.42,GBP,CREDIT,CREDIT,,,497.02,GBP,,BGC,,
ea0db0bc26a63c11ac191c32d18b56cf,2021-04-08T00:00:00Z,CREDITREPORTSERVIC,-14.99,GBP,DEBIT,PURCHASE,,,482.03,GBP,,DEB,,
c5ecb7949ec6181835786a9c87be6411,2021-04-08T00:00:00Z,REGENDA REDWING RE,-100.0,GBP,DEBIT,PURCHASE,,,382.03,GBP,,DEB,,
56a443bdde0af01f55d6bcea371090b6,2021-04-08T00:00:00Z,BROADWAY GAMING LT CD 0315,-10.0,GBP,DEBIT,PURCHASE,,,372.03,GBP,,DEB,,
f9164042b149ea7a537f36f5d989ff7f,2021-04-08T00:00:00Z,SAVE THE CHANGE,-0.69,GBP,DEBIT,BILL_PAYMENT,,,371.34,GBP,,BP,,
5862bb612315524b7430a9b12e2b555d,2021-04-08T00:00:00Z,SAVE THE CHANGE,-1.04,GBP,DEBIT,BILL_PAYMENT,,,370.3,GBP,,BP,,
ba4a8d8bfc9a293db3e99cbccf500086,2021-04-08T00:00:00Z,BOOKER LIMITED BLA,-24.31,GBP,DEBIT,PURCHASE,,,345.99,GBP,,DEB,,
84f01e2b51b151a2542c1a22f8de3c6f,2021-04-07T00:00:00Z,EE & T-MOBILE,-82.37,GBP,DEBIT,PURCHASE,,,263.62,GBP,,DEB,,
f0e7185dae135175f483b2e5b06802a1,2021-04-07T00:00:00Z,SAVE THE CHANGE,-1.15,GBP,DEBIT,BILL_PAYMENT,,,262.47,GBP,,BP,,
bdf995f673caa5210e152c7c1f0fc6c7,2021-04-07T00:00:00Z,MS JANE DOE,-70.0,GBP,DEBIT,TRANSFER,,,192.47,GBP,,TFR,,
dd94909a782649057bd22b7c4bf20804,2021-04-07T00:00:00Z,18db38 Betropolis LTD LC Betropolis,-10.0,GBP,DEBIT,PURCHASE,,,45.1,GBP,,DEB,,
6627ac41e703d7fcd8c47972728f92bf,2021-04-06T00:00:00Z,TESCO MOBILE LTD,-28.25,GBP,DEBIT,PURCHASE,,,164.22,GBP,,DEB,,
be5724c881c9ae5b640f3984ccb39f7b,2021-04-06T00:00:00Z,WORKING TAX CREDIT,22.42,GBP,CREDIT,CREDIT,,,186.64,GBP,,BGC,,
46ee8d914612d3a5258499d07cf8b51c,2021-04-06T00:00:00Z,W M MORRISONS PLC,-12.89,GBP,DEBIT,PURCHASE,,,173.75,GBP,,DEB,,
22eb919b6c2da12ca49e0d6174dc03ab,2021-04-06T00:00:00Z,TESCO MOBILE LTD,-50.0,GBP,DEBIT,PURCHASE,,,123.75,GBP,,DEB,,
80b0caf8e888c44b2bf0436427bc3e62,2021-04-06T00:00:00Z,HOME BARGAINS FLEE,-9.71,GBP,DEBIT,PURCHASE,,,114.04,GBP,,DEB,,
448cd4b14476bcc61ea9c8772d9b9aaf,2021-04-06T00:00:00Z,CHILD TAX CREDIT,346.35,GBP,CREDIT,CREDIT,,,460.39,GBP,,BGC,,
11ed5239e59211f7975b5973acd4a41d,2021-04-06T00:00:00Z,MR JOHN SMITH,137.6,GBP,CREDIT,CREDIT,,,597.99,GBP,,BGC,,
26236cf0177243c105dcf494556774cb,2021-04-06T00:00:00Z,MS JANE DOE,61.89,GBP,CREDIT,TRANSFER,,,659.88,GBP,,TFR,,
8168248f2d3b440ca94994ac21f66230,2021-04-06T00:00:00Z,SAVE THE CHANGE,-0.01,GBP,DEBIT,BILL_PAYMENT,,,659.87,GBP,,BP,,
fb2cdc9d926d4f42fc7d564d6651a744,2021-04-06T00:00:00Z,AMAZON PRIME,-5.0,GBP,DEBIT,PURCHASE,,,654.87,GBP,,DEB,,
4ba6baa6e55c0bfe06aeb2b50a8e20d8,2021-04-05T00:00:00Z,LNK ATM WITHDRAWAL,-60.0,GBP,DEBIT,ATM,,,594.87,GBP,,CPT,,
d6537d5a2192ed1808255c7dc0738bd5,2021-04-05T00:00:00Z,SAVE THE CHANGE,-1.89,GBP,DEBIT,BILL_PAYMENT,,,592.98,GBP,,BP,,
35d8c2084d1993b8a337681ab5339d87,2021-04-05T00:00:00Z,THE INSURANCE EMPO,-5.79,GBP,DEBIT,DIRECT_DEBIT,,,587.19,GBP,,DD,,
acf8b57b227f5722344c383d4067cd80,2021-04-05T00:00:00Z,AMAZON PRIME,-7.99,GBP,DEBIT,PURCHASE,,,579.2,GBP,,DEB,,
3b1620d1cfb32711d5bbfacd954418b0,2021-04-05T00:00:00Z,VANQUIS BANK,-23.15,GBP,DEBIT,PURCHASE,,,556.05,GBP,,DEB,,
bc1fd0cbd82f5fc785b9eeefe1a4dd0d,2021-04-05T00:00:00Z,AA INSURANCE,-12.73,GBP,DEBIT,DIRECT_DEBIT,,,543.32,GBP,,DD,,
27eb44538904bc943fffdab1778ec18b,2021-04-05T00:00:00Z,WWW.TAILS.COM,-6.37,GBP,DEBIT,PURCHASE,,,536.95,GBP,,DEB,,
084dd4a7a86d633772153b00e3234669,2021-04-05T00:00:00Z,ANNATAR,-20.0,GBP,DEBIT,PURCHASE,,,516.95,GBP,,DEB,,
859a777cbc715e4e24e5495a427f93f1,2021-04-04T00:00:00Z,ANNATAR LIMITED,10.0,GBP,CREDIT,PURCHASE,,,526.95,GBP,,DEB,,
f98bc4b743c1ead11fd68c1da83c1e56,2021-04-04T00:00:00Z,ANYVAN LTD,70.0,GBP,CREDIT,CREDIT,,,596.95,GBP,,FPI,,
05a27a09f4e134c821f23c8ab728a3a2,2021-04-04T00:00:00Z,ANYVAN LTD,59.17,GBP,CREDIT,CREDIT,,,656.12,GBP,,FPI,,
f1a4a8fd31f8af604bb393ac0840ced8,2021-04-04T00:00:00Z,LNK ATM LONDON,-20.0,GBP,DEBIT,ATM,,,636.12,GBP,,CPT,,
b5b47644caf575f51b5a6216f553ab2d,2021-04-04T00:00:00Z,LAPTOP DIRECT LTD.,-5.0,GBP,DEBIT,PURCHASE,,,631.12,GBP,,DEB,,
7b3d8125a9e5b451cf52f7dd1140c2d3,2021-04-04T00:00:00Z,ANIMAL FRIENDS LTD,-3.07,GBP,DEBIT,DIRECT_DEBIT,,,628.05,GBP,,DD,,
5f35b97ad442d283e3f8be13f23b561d,2021-04-04T00:00:00Z,LNK ATM WITHDRAWAL,-100.0,GBP,DEBIT,ATM,,,528.05,GBP,,CPT,,
a56f791ac3334c5814065380410e5483,2021-04-04T00:00:00Z,MR JOHN SMITH,100.0,GBP,CREDIT,TRANSFER,,,628.05,GBP,,TFR,,
539d47f676da417ca17209131caeaf43,2021-04-04T00:00:00Z,INTUIT LIMITED,-3.59,GBP,DEBIT,DIRECT_DEBIT,,,624.46,GBP,,DD,,
dacdb6b85ec0d9e7be5237b9ebe56578,2021-04-04T00:00:00Z,PAYPAL EBAY,25.0,GBP,CREDIT,PURCHASE,,,649.46,GBP,,DEB,,
661d7c1dfaa3ef52b28bbe4459492259,2021-04-04T00:00:00Z,RENT,-130.0,GBP,DEBIT,BILL_PAYMENT,,,519.46,GBP,,BP,,
552a9f738be3c0c69fdb2310bbcf04ad,2021-04-03T00:00:00Z,MS JANE DOE,0.89,GBP,CREDIT,TRANSFER,,,520.35,GBP,,TFR,,
718d4792965a72ed2f037a4f1430401d,2021-04-03T00:00:00Z,SAVE THE CHANGE,-0.41,GBP,DEBIT,BILL_PAYMENT,,,519.94,GBP,,BP,,
e349e8c2519e1e7ac2ac95597a2d86fd,2021-04-03T00:00:00Z,MS JANE DOE,130.0,GBP,CREDIT,TRANSFER,,,649.94,GBP,,TFR,,
c9eae5a420341bfb7a6ec4cf403d39dd,2021-04-03T00:00:00Z,MR JOHN SMITH,7.0,GBP,CREDIT,TRANSFER,,,656.94,GBP,,TFR,,
fb2e7dcab5d5a014f5dd1ed286911287,2021-04-03T00:00:00Z,AA MEMBERSHIP,-23.11,GBP,DEBIT,DIRECT_DEBIT,,,633.83,GBP,,DD,,
b9060d0671b72e49c24bf52c5a08f2b5,2021-04-03T00:00:00Z,VIRGIN GAMES,35.49,GBP,CREDIT,PURCHASE,,,669.32,GBP,,DEB,,
7049ee782b08b90ed9ea899371443afd,2021-04-03T00:00:00Z,SAVE THE CHANGE,-0.01,GBP,DEBIT,BILL_PAYMENT,,,669.31,GBP,,BP,,
644054225e7b5d38a578797bdb782655,2021-04-03T00:00:00Z,GOOGLE PLAY STORE,-2.99,GBP,DEBIT,PURCHASE,,,666.32,GBP,,DEB,,
0d8ced551bca1398ebf660a48c071302,2021-04-03T00:00:00Z,TESCO EXTRA,-30.0,GBP,DEBIT,PURCHASE,,,636.32,GBP,,DEB,,
5dc3cd2c8a675c6458515058ae0817ed,2021-04-03T00:00:00Z,RETURNED DIRECT DEBIT,40.0,GBP,CREDIT,CREDIT,,,676.32,GBP,,DEP,,
a880030d015808f4c205e610af7c5d8f,2021-04-03T00:00:00Z,LNK ATM LONDON,-40.0,GBP,DEBIT,ATM,,,636.32,GBP,,CPT,,
1ad7cfa1684a570d4d7ff0647555d3fa,2021-04-03T00:00:00Z,WWW.ASDA.COM,-5.0,GBP,DEBIT,PURCHASE,,,631.32,GBP,,DEB,,
688a829ed2bbad374a8fd01331373438,2021-04-02T00:00:00Z,MR JOHN SMITH,30.0,GBP,CREDIT,TRANSFER,,,661.32,GBP,,TFR,,
2804c1f7b001850368867800d24d8f1b,2021-04-02T00:00:00Z,LNK ATM LONDON,-30.0,GBP,DEBIT,ATM,,,631.32,GBP,,CPT,,
32e36dda0f34de489e722b83f6935529,2021-04-02T00:00:00Z,MR JOHN SMITH,10.0,GBP,CREDIT,TRANSFER,,,641.32,GBP,,TFR,,
e1fd56ddbc6791d068b5ddded8f94999,2021-04-02T00:00:00Z,SAVE THE CHANGE,-0.59,GBP,DEBIT,BILL_PAYMENT,,,640.73,GBP,,BP,,
a381fb60f768e93e794734e69a817550,2021-04-01T00:00:00Z,TALKTALK TELECOM,-46.82,GBP,DEBIT,PURCHASE,,,593.91,GBP,,DEB,,
2cd502045b77b2edb24a2dcee0ad07e2,2021-04-01T00:00:00Z,ACCOUNT OVERDRAFT FEE,-0.01,GBP,DEBIT,BILL_PAYMENT,,,593.9,GBP,,BP,,
3852a05fd4b383d4d7773e5e21cbefab,2021-04-01T00:00:00Z,MR JOHN SMITH,-227.0,GBP,DEBIT,TRANSFER,,,366.9,GBP,,TFR,,
bb79c8161ad3c141b4a7999e03b54412,2021-04-01T00:00:00Z,TESCO,-39.99,GBP,DEBIT,PURCHASE,,,326.91,GBP,,DEB,,
37390512f3f458820a442e4a59a7daff,2021-04-01T00:00:00Z,REVOLUT,-0.01,GBP,DEBIT,PURCHASE,,,326.9,GBP,,DEB,,
37d405237d0549f0b7e1b210b49fb0f7,2021-04-01T00:00:00Z,CENTRA,-0.01,GBP,DEBIT,PURCHASE,,,326.89,GBP,,DEB,,
e302eade34eb7794959d623ae0769f3c,2021-04-01T00:00:00Z,DUNNES STORES,-0.01,GBP,DEBIT,PURCHASE,,,326.88,GBP,,DEB,,
f018d1ac2240b450c8d03728121821eb,2021-04-01T00:00:00Z,SPAR,-0.01,GBP,DEBIT,PURCHASE,,,326.87,GBP,,DEB,,
e36718db9db9aede91b16bddd73863c3,2021-04-01T00:00:00Z,SPAR,-0.01,GBP,DEBIT,PURCHASE,,,326.86,GBP,,DEB,,
d4dfb1e1f6bc2e99c81cce8a265848e9,2021-04-01T00:00:00Z,SUPERVALUE,-0.01,GBP,DEBIT,PURCHASE,,,326.85,GBP,,DEB,,
e30b6bf0c5a638927091abb16d703ab1,2021-04-01T00:00:00Z,LIDL,-0.01,GBP,DEBIT,PURCHASE,,,326.84,GBP,,DEB,,
9e654b92c83a01ec0769ed2d38fc66c1,2021-04-01T00:00:00Z,APLLEGREEN,-0.01,GBP,DEBIT,PURCHASE,,,326.83,GBP,,DEB,,
8bb3ebe59271952fb69fc17b75298ceb,2021-04-01T00:00:00Z,MCDONALD'S,-0.01,GBP,DEBIT,PURCHASE,,,326.82,GBP,,DEB,,
72919df4295be41e466691f74798e1f6,2021-04-01T00:00:00Z,HARVEY NORMAN,-0.01,GBP,DEBIT,PURCHASE,,,326.81,GBP,,DEB,,
f00b4b651e25b6dcdc335797722b0dda,2021-04-01T00:00:00Z,ULSTER BANK,-0.01,GBP,DEBIT,PURCHASE,,,326.8,GBP,,DEB,,
54023dfaa508e3048b41a8375fb556ec,2021-04-01T00:00:00Z,CIRCLE K,-0.01,GBP,DEBIT,PURCHASE,,,326.79,GBP,,DEB,,
a575da4d0ef690160cfbd4028632bce3,2021-04-01T00:00:00Z,BET365,-0.01,GBP,DEBIT,PURCHASE,,,326.78,GBP,,DEB,,
4d67849c36d4a3bbf2a009b447cbebd4,2021-04-01T00:00:00Z,ACCOUNT OVERDRAFT FEE,-0.01,GBP,DEBIT,BILL_PAYMENT,,,326.77,GBP,,BP,,
6263f27f590fd24bee5b016e5969118a,2021-04-01T00:00:00Z,Sainsbury's,-23.99,GBP,DEBIT,PURCHASE,,,302.78,GBP,,DEB,,
8eae17e0d73dfe6b40aadafa91fd227e,2021-04-01T00:00:00Z,MR JOHN SMITH,-20.91,GBP,DEBIT,TRANSFER,,,282.78,GBP,,TFR,,
7217a0ce41ea920ff9a836e86e02cd31,2021-04-01T00:00:00Z,NUDE FINANCE,-10.0,GBP,DEBIT,PURCHASE,,,272.78,GBP,,DEB,,
204576f0133edf0d4de5770a5fd8f9e2,2021-04-01T00:00:00Z,E.ON NEXT,-10.0,GBP,DEBIT,PURCHASE,,,262.78,GBP,,DEB,,
b987e863e2fdc42441e936752223d6e7,2021-04-01T00:00:00Z,L&G INSURANCE,-10.0,GBP,DEBIT,PURCHASE,,,252.78,GBP,,DEB,,
ebe54ff81732a2362b5d172f717b0591,2021-04-01T00:00:00Z,HALIFAX,-10.0,GBP,DEBIT,PURCHASE,,,242.78,GBP,,DEB,,
e7b6223fb51a47e1169c807dec513fdc,2021-04-01T00:00:00Z,OVO ENERGY,-10.0,GBP,DEBIT,PURCHASE,,,232.78,GBP,,DEB,,
7dc56d89869d95616e10b4f5c4ccfff9,2021-03-28T00:00:00Z,TSB CLEVELEYS,420.0,GBP,CREDIT,CASH,,,-640.42,GBP,,CSH,,
3a34bd7140dc6ba78e38f91bab912372,2021-03-28T00:00:00Z,AMAZON INT'L,-36.59,GBP,DEBIT,PURCHASE,,,-677.01,GBP,,DEB,,
ad9ec2c746c45289e4a9a0808defd337,2021-03-28T00:00:00Z,RETURNED DD,40.0,GBP,CREDIT,CREDIT,,,-637.01,GBP,,DEP,,
2274c8a8549910b972e47e9bfe51f7ca,2021-03-28T00:00:00Z,MR JOHN SMITH,-32.72,GBP,DEBIT,TRANSFER,,,-669.73,GBP,,TFR,,
fa027ec6a2b58c621bb8e3f4bb362712,2021-03-28T00:00:00Z,WORKING TAX CREDIT,22.42,GBP,CREDIT,CREDIT,,,-647.31,GBP,,BGC,,
76befe34234251f3e545d41dac7d3ec7,2021-03-27T00:00:00Z,MS JANE DOE,-7.93,GBP,DEBIT,TRANSFER,,,-655.24,GBP,,TFR,,
0ce98753f8d4662de4a0c79b51876f85,2021-03-27T00:00:00Z,CIRCLE UK TRADING REFUND,50.59,GBP,CREDIT,CREDIT,,,-604.65,GBP,,DEP,,
00b0b9787c5b2cf087dbc74afdce31be,2021-03-27T00:00:00Z,MS JANE DOE,15.86,GBP,CREDIT,TRANSFER,,,-588.79,GBP,,TFR,,
06ebebead749d59e6d33902801f1cdfb,2021-03-27T00:00:00Z,DVLA LICENSE,-20.56,GBP,DEBIT,DIRECT_DEBIT,,,-609.35,GBP,,DD,,
42af09d5c19dc5b269ea611e403c4aba,2021-03-27T00:00:00Z,E&L INSURANCE,-2.99,GBP,DEBIT,DIRECT_DEBIT,,,-612.34,GBP,,DD,,
fa0b655349e6abd46d83b46a40969bc4,2021-03-27T00:00:00Z,TESCO ONLINE SHOPPING,-23.62,GBP,DEBIT,DIRECT_DEBIT,,,-635.96,GBP,,DD,,
62b3b860ba7cd51d236460d89c1bb4cf,2021-03-27T00:00:00Z,PAYPAL EBAY,-7.56,GBP,DEBIT,PURCHASE,,,-643.52,GBP,,DEB,,
06ec82290051f13110059a9c8fa213c1,2021-03-25T00:00:00Z,CASHBACK,70.0,GBP,CREDIT,CASH,,,-573.52,GBP,,CSH,,
7be61d7ffcc9b14b136293c6ed2748c6,2021-03-25T00:00:00Z,MENS HEALTH SUBSCRIPTION,-24.5,GBP,DEBIT,DIRECT_DEBIT,,,-598.02,GBP,,DD,,
3e78170cdc0d907c1e0c5d62e7235f08,2021-03-25T00:00:00Z,OUTGOING DD,-10.0,GBP,DEBIT,DIRECT_DEBIT,,,-608.02,GBP,,DD,,
fd1f067d2696f98151ad1f76f38ddcfb,2021-03-25T00:00:00Z,SAVE THE CHANGE,-0.41,GBP,DEBIT,BILL_PAYMENT,,,-608.43,GBP,,BP,,
60f0bbf22b19b5d75ef99c9e55f55edf,2021-03-25T00:00:00Z,AMAZON PLC,-36.59,GBP,DEBIT,PURCHASE,,,-645.02,GBP,,DEB,,
5af95e1e6bf883758b386f98c6de230f,2021-03-25T00:00:00Z,SAVE THE CHANGE,-0.5,GBP,DEBIT,BILL_PAYMENT,,,-645.52,GBP,,BP,,
203c9324222f249ea6bd47de75ff1c1d,2021-03-25T00:00:00Z,WWW.BINGO.COM,-10.5,GBP,DEBIT,PURCHASE,,,-656.02,GBP,,DEB,,
ac99c838617f56594ed38b9258fd6fe8,2021-03-23T00:00:00Z,MORSES CLUB LTD,-30.0,GBP,DEBIT,PURCHASE,,,-626.02,GBP,,DEB,,
f1d9c76d3959b77fa123193af5026a20,2021-03-23T00:00:00Z,ANYVAN LTD,32.5,GBP,CREDIT,CREDIT,,,-593.52,GBP,,FPI,,
7376cc68e9a6119f1014ab46e53f8805,2021-03-23T00:00:00Z,LNK ATM WITHDRAWAL,-100.0,GBP,DEBIT,ATM,,,-693.52,GBP,,CPT,,
72a01c05baec8dcdf8181653e7000e6f,2021-03-23T00:00:00Z,SAVE THE CHANGE,-1.57,GBP,DEBIT,BILL_PAYMENT,,,-695.09,GBP,,BP,,
4431f8fefc55a63edc9d25bcfae491a3,2021-03-23T00:00:00Z,WWW.METROBANK.COM,-20.0,GBP,DEBIT,PURCHASE,,,-715.09,GBP,,DEB,,
e74260b05acd3c85d9c33b45c878fc7e,2021-03-22T00:00:00Z,AMAZON INT'L,-5.0,GBP,DEBIT,PURCHASE,,,-720.09,GBP,,DEB,,
b04537c6b1c1d8080e4c3be8a74e5652,2021-03-22T00:00:00Z,SAVE THE CHANGE,-0.01,GBP,DEBIT,BILL_PAYMENT,,,-720.1,GBP,,BP,,
99f2a2a761a32d4ec7fd327bd282d632,2021-03-22T00:00:00Z,TESCO MOBILE LTD,-39.25,GBP,DEBIT,PURCHASE,,,-759.35,GBP,,DEB,,
a5cb7d52b0a2a17954897873e7ea21e7,2021-03-22T00:00:00Z,PAYPAL WWW.EBAY.COM,-36.59,GBP,DEBIT,PURCHASE,,,-795.94,GBP,,DEB,,
6d1df9c421fc3320bdebce2608a1b73b,2021-03-22T00:00:00Z,OAKAM LIMITED,-36.59,GBP,DEBIT,PURCHASE,,,-832.53,GBP,,DEB,,
c5c232c6dfc72a1c7a9ffa5f7a81855a,2021-03-20T00:00:00Z,REGENDA REDWING,-150.0,GBP,DEBIT,PURCHASE,,,-982.53,GBP,,DEB,,
a6f52198456d62013aab41d251b1455b,2021-03-20T00:00:00Z,WORKING TAX CREDIT,22.42,GBP,CREDIT,CREDIT,,,-960.11,GBP,,BGC,,
949fcd0d9707ba88289965ed3015bedf,2021-03-20T00:00:00Z,PARKRETAIL.CO.UK,-550.0,GBP,DEBIT,PURCHASE,,,-1510.11,GBP,,DEB,,
a76ac070c720c9e4e2a3185905111549,2021-03-20T00:00:00Z,CHILD TAX CREDIT,345.13,GBP,CREDIT,CREDIT,,,-1164.98,GBP,,BGC,,
2854d55735be6cb8b5c40c550427c852,2021-03-19T00:00:00Z,AMAZON PRIME,-7.99,GBP,DEBIT,PURCHASE,,,-1172.97,GBP,,DEB,,
cd3aef66fc63318e89790ef852c7237d,2021-03-19T00:00:00Z,CLEVELEYS.COM,1450.42,GBP,CREDIT,CREDIT,,,277.45,GBP,,DEP,,
8672522e83c4e22f3a346b0152bd8c48,2021-03-18T00:00:00Z,CIRCLE UK TRADING,82.21,GBP,CREDIT,CREDIT,,,359.66,GBP,,FPI,,
22b8b962adee5eba0cf3f67962d343b7,2021-03-17T00:00:00Z,MR JOHN SMITH,137.6,GBP,CREDIT,CREDIT,,,497.26,GBP,,BGC,,
c37700f8efee222718323316464b2b62,2021-03-17T00:00:00Z,AA INSURANCE,-12.73,GBP,DEBIT,DIRECT_DEBIT,,,484.53,GBP,,DD,,
3a24575a79cd384646d894fbec935b4d,2021-03-17T00:00:00Z,AXA WEALTH LTD,-40.0,GBP,DEBIT,DIRECT_DEBIT,,,444.53,GBP,,DD,,
bbc903870767cfb3deb12f11f13dc5f6,2021-03-17T00:00:00Z,MORRISONS PETROL,-20.0,GBP,DEBIT,PURCHASE,,,424.53,GBP,,DEB,,
13672dccfc6cc85ef348027263156803,2021-03-17T00:00:00Z,SAVE THE CHANGE,-0.63,GBP,DEBIT,BILL_PAYMENT,,,423.9,GBP,,BP,,
9eea68b2b75a153d21ea7c0b9793c66b,2021-03-17T00:00:00Z,TAILSCOM,-6.37,GBP,DEBIT,PURCHASE,,,417.53,GBP,,DEB,,
70486152ad08c3ff082bf7e8b3c2c088,2021-03-15T00:00:00Z,ASDA STOES LTD,-32.0,GBP,DEBIT,PURCHASE,,,385.53,GBP,,DEB,,
c95389e525e4592da7700785be7742ec,2021-03-15T00:00:00Z,SAVE THE CHANGE,-0.55,GBP,DEBIT,BILL_PAYMENT,,,384.98,GBP,,BP,,
cd0492b5913e3b2fd37940cc54cfc22b,2021-03-15T00:00:00Z,AMAZON BLACK FRIDAY,-15.45,GBP,DEBIT,PURCHASE,,,369.53,GBP,,DEB,,
8272772fedfa8c281b10a6f7a8daaaae,2021-03-15T00:00:00Z,SAVE THE CHANGE,-0.5,GBP,DEBIT,BILL_PAYMENT,,,369.03,GBP,,BP,,
6c1310334c1e4781e4a346fd73c3d42f,2021-03-15T00:00:00Z,TESCO EXTRA,-3.59,GBP,DEBIT,PURCHASE,,,365.44,GBP,,DEB,,
442fef5d71e2164c0322e2fd64ada1c8,2021-03-15T00:00:00Z,PAYPAL EBAY,-10.0,GBP,DEBIT,PURCHASE,,,355.44,GBP,,DEB,,
31beeb906b83e35fe552d125dfd5921c,2021-03-14T00:00:00Z,PAYPAL BETFRED,-2.0,GBP,DEBIT,PURCHASE,,,353.44,GBP,,DEB,,
591eb2bcd283f2f5a767904b0f18f0ae,2021-03-14T00:00:00Z,MT SECURETRADE LIM,-20.5,GBP,DEBIT,PURCHASE,,,332.94,GBP,,DEB,,
62679c84d7c4d59c62cb4e089d56aad0,2021-03-14T00:00:00Z,MT SECURETRADE LIM,43.5,GBP,CREDIT,PURCHASE,,,376.44,GBP,,DEB,,
ae77b60768f76229b162508a730c5fb1,2021-03-12T00:00:00Z,SAVE THE CHANGE,-0.41,GBP,DEBIT,BILL_PAYMENT,,,376.03,GBP,,BP,,
bd523fad67b1cc0e400a2bec9d14c6ae,2021-03-12T00:00:00Z,AA MEMBERSHIP,-23.11,GBP,DEBIT,DIRECT_DEBIT,,,352.92,GBP,,DD,,
0cb052d7dcb01a64f8e2656b5e8bf703,2021-03-11T00:00:00Z,CIRCLE UK TRADING,50.0,GBP,CREDIT,CREDIT,,,402.92,GBP,,FPI,,
52be710ec401d994e3dc0f6dc67f07f0,2021-03-11T00:00:00Z,MS JANE DOE,50.0,GBP,CREDIT,TRANSFER,,,452.92,GBP,,TFR,,
c64d6c3faeccad2b9882ea18802df23b,2021-03-11T00:00:00Z,WORKING TAX CREDIT,22.42,GBP,CREDIT,CREDIT,,,475.34,GBP,,BGC,,
7379576d5f00d8ee79d0e4cb47f54837,2021-03-11T00:00:00Z,BUTLINS HOLIDAYS,-17.0,GBP,DEBIT,PURCHASE,,,458.34,GBP,,DEB,,
0ccea7051f904a67ac74c681bfdb3f65,2021-03-10T00:00:00Z,AXA WEALTH LTD,-40.0,GBP,DEBIT,DIRECT_DEBIT,,,418.34,GBP,,DD,,
a166b121605e099f4aeebe536e221d08,2021-03-10T00:00:00Z,ASDA STORES LTD,-5.0,GBP,DEBIT,PURCHASE,,,413.34,GBP,,DEB,,
0bb8713622c31b3e5c26ca60ca89a32b,2021-03-10T00:00:00Z,RETURNED DD,40.0,GBP,CREDIT,CREDIT,,,453.34,GBP,,DEP,,
1bd712107e6be8e935167187d9286485,2021-03-10T00:00:00Z,CIRCLE UK TRADING,50.36,GBP,CREDIT,CREDIT,,,503.7,GBP,,FPI,,
bc0bd95e27e5f162903b1a22a100fbab,2021-03-10T00:00:00Z,OUTGOING DD,-30.0,GBP,DEBIT,DIRECT_DEBIT,,,473.7,GBP,,DD,,
562c8ca9471a766d396035c1439e2f60,2021-03-10T00:00:00Z,EDF ENERGY,-24.5,GBP,DEBIT,BILL_PAYMENT,,,449.2,GBP,,BP,,
5defe0403b157e07ad7426da234f733f,2021-03-09T00:00:00Z,DVLA LICENCE,-23.62,GBP,DEBIT,DIRECT_DEBIT,,,425.58,GBP,,DD,,
2a6cfb61a9f3576823286f38c2ae7ffd,2021-03-09T00:00:00Z,DVLA TAX,-20.56,GBP,DEBIT,DIRECT_DEBIT,,,405.02,GBP,,DD,,
ba923bb714ae55e22ca526a27ada5045,2021-03-09T00:00:00Z,SAVE THE CHANGE,-0.41,GBP,DEBIT,BILL_PAYMENT,,,404.61,GBP,,BP,,
4d83c518fb45d4ddc384b75f40bcac5b,2021-03-09T00:00:00Z,MS JANE DOE,70.0,GBP,CREDIT,TRANSFER,,,474.61,GBP,,TFR,,
a38f585687859cce2297fa83191d8635,2021-03-08T00:00:00Z,SAVE THE CHANGE,-0.01,GBP,DEBIT,BILL_PAYMENT,,,474.6,GBP,,BP,,
e755ee7b6d50da62a1bf195f80af68a6,2021-03-08T00:00:00Z,WORKING TAX CREDIT,22.42,GBP,CREDIT,CREDIT,,,497.02,GBP,,BGC,,
e33fc291a633bd3a347ceafcf8070f85,2021-03-08T00:00:00Z,CREDITREPORTSERVIC,-14.99,GBP,DEBIT,PURCHASE,,,482.03,GBP,,DEB,,
4ee1c10d69c5763acb2ea1aff84495bb,2021-03-08T00:00:00Z,REGENDA REDWING RE,-100.0,GBP,DEBIT,PURCHASE,,,382.03,GBP,,DEB,,
9d00cbc8da371c7d3f55c301bbb6ac84,2021-03-08T00:00:00Z,BROADWAY GAMING LT CD 0315,-10.0,GBP,DEBIT,PURCHASE,,,372.03,GBP,,DEB,,
7cce4192dfcc78525ea41fdcf06ceb97,2021-03-08T00:00:00Z,SAVE THE CHANGE,-0.69,GBP,DEBIT,BILL_PAYMENT,,,371.34,GBP,,BP,,
2591e8d164a9a71ee53c7a2d1d633bd8,2021-03-08T00:00:00Z,SAVE THE CHANGE,-1.04,GBP,DEBIT,BILL_PAYMENT,,,370.3,GBP,,BP,,
f69f23f6dd63688c25ad9dc1aa427eb3,2021-03-08T00:00:00Z,BOOKER LIMITED BLA,-24.31,GBP,DEBIT,PURCHASE,,,345.99,GBP,,DEB,,
80012ce0dfe4f4645d54747de94e8372,2021-03-07T00:00:00Z,EE & T-MOBILE,-82.37,GBP,DEBIT,PURCHASE,,,263.62,GBP,,DEB,,
5474d3480e20c6ebf841b61294146b9d,2021-03-07T00:00:00Z,SAVE THE CHANGE,-1.15,GBP,DEBIT,BILL_PAYMENT,,,262.47,GBP,,BP,,
7495a1f15e806e77ff0b5c8f5745ac90,2021-03-07T00:00:00Z,MS JANE DOE,-70.0,GBP,DEBIT,TRANSFER,,,192.47,GBP,,TFR,,
03fa3b95b4bcf2b74668efa391baf273,2021-03-07T00:00:00Z,18db38 Betropolis LTD LC Betropolis,-10.0,GBP,DEBIT,PURCHASE,,,45.1,GBP,,DEB,,
56b0111c7f38d7332dc93f5ad6f00533,2021-03-06T00:00:00Z,TESCO MOBILE LTD,-28.25,GBP,DEBIT,PURCHASE,,,164.22,GBP,,DEB,,
4c624709d8471c22cfed40d3688e84b0,2021-03-06T00:00:00Z,WORKING TAX CREDIT,22.42,GBP,CREDIT,CREDIT,,,186.64,GBP,,BGC,,
21827524d657c8c55f4a7fcf05cfcf4d,2021-03-06T00:00:00Z,W M MORRISONS PLC,-12.89,GBP,DEBIT,PURCHASE,,,173.75,GBP,,DEB,,
f6541c992b491264793ad65bcd8166d0,2021-03-06T00:00:00Z,TESCO MOBILE LTD,-50.0,GBP,DEBIT,PURCHASE,,,123.75,GBP,,DEB,,
585d69e71782160ec3a7865167f213c2,2021-03-06T00:00:00Z,HOME BARGAINS FLEE,-9.71,GBP,DEBIT,PURCHASE,,,114.04,GBP,,DEB,,
44d899a735c20f6aacef1cd437328d7d,2021-03-06T00:00:00Z,CHILD TAX CREDIT,346.35,GBP,CREDIT,CREDIT,,,460.39,GBP,,BGC,,
e7ffab13418a81231114143f3177a567,2021-03-06T00:00:00Z,MR JOHN SMITH,137.6,GBP,CREDIT,CREDIT,,,597.99,GBP,,BGC,,
100e14645d6f36dc2b63c9d3cc5aa098,2021-03-06T00:00:00Z,MS JANE DOE,61.89,GBP,CREDIT,TRANSFER,,,659.88,GBP,,TFR,,
e06c455dd311292131221d0d51dca61a,2021-03-06T00:00:00Z,SAVE THE CHANGE,-0.01,GBP,DEBIT,BILL_PAYMENT,,,659.87,GBP,,BP,,
a2fd7fcaeff23d8ade8b337f1b7ad7a4,2021-03-06T00:00:00Z,AMAZON PRIME,-5.0,GBP,DEBIT,PURCHASE,,,654.87,GBP,,DEB,,
869cc98cdd320e8ea83809ea33b418ce,2021-03-05T00:00:00Z,LNK ATM WITHDRAWAL,-60.0,GBP,DEBIT,ATM,,,594.87,GBP,,CPT,,
794d272219fafe3fc423bfac0a545dee,2021-03-05T00:00:00Z,SAVE THE CHANGE,-1.89,GBP,DEBIT,BILL_PAYMENT,,,592.98,GBP,,BP,,
87945ec34202d889c0c70b3cca70d87a,2021-03-05T00:00:00Z,THE INSURANCE EMPO,-5.79,GBP,DEBIT,DIRECT_DEBIT,,,587.19,GBP,,DD,,
a658284e68196739097e303a54ab75c1,2021-03-05T00:00:00Z,AMAZON PRIME,-7.99,GBP,DEBIT,PURCHASE,,,579.2,GBP,,DEB,,
499480f5d7b012d72ff4c6d7584ce428,2021-03-05T00:00:00Z,VANQUIS BANK,-23.15,GBP,DEBIT,PURCHASE,,,556.05,GBP,,DEB,,
97677472906a1f31f54076b5eb251c59,2021-03-05T00:00:00Z,AA INSURANCE,-12.73,GBP,DEBIT,DIRECT_DEBIT,,,543.32,GBP,,DD,,
2fcd5d26b6d4e7076fa4e1b259eec1d3,2021-03-05T00:00:00Z,WWW.TAILS.COM,-6.37,GBP,DEBIT,PURCHASE,,,536.95,GBP,,DEB,,
65363a14f56af2ca5116570dc3132c35,2021-03-05T00:00:00Z,ANNATAR,-20.0,GBP,DEBIT,PURCHASE,,,516.95,GBP,,DEB,,
3179e2ba090621834d43a90b05c53dfa,2021-03-04T00:00:00Z,ANNATAR LIMITED,10.0,GBP,CREDIT,PURCHASE,,,526.95,GBP,,DEB,,
a9c38cd25dd2add959cd67f870a6582d,2021-03-04T00:00:00Z,ANYVAN LTD,70.0,GBP,CREDIT,CREDIT,,,596.95,GBP,,FPI,,
8a862af5c30fc47d77f6cfcc5ad414ff,2021-03-04T00:00:00Z,ANYVAN LTD,59.17,GBP,CREDIT,CREDIT,,,656.12,GBP,,FPI,,
e21810cc9714b4587661b1b8bc5e95d1,2021-03-04T00:00:00Z,LNK ATM LONDON,-20.0,GBP,DEBIT,ATM,,,636.12,GBP,,CPT,,
3f8e5afdb93ba353ad695213eb33a7c0,2021-03-04T00:00:00Z,LAPTOP DIRECT LTD.,-5.0,GBP,DEBIT,PURCHASE,,,631.12,GBP,,DEB,,
863642d2956c437b52775ed545afc8d8,2021-03-04T00:00:00Z,ANIMAL FRIENDS LTD,-3.07,GBP,DEBIT,DIRECT_DEBIT,,,628.05,GBP,,DD,,
db6eac4865863b074ef93a8ada8bda40,2021-03-04T00:00:00Z,LNK ATM WITHDRAWAL,-100.0,GBP,DEBIT,ATM,,,528.05,GBP,,CPT,,
3bde5c06e68da22098271676c21f4304,2021-03-04T00:00:00Z,MR JOHN SMITH,100.0,GBP,CREDIT,TRANSFER,,,628.05,GBP,,TFR,,
b44e5597790908c87da0c5d43c9ae680,2021-03-04T00:00:00Z,INTUIT LIMITED,-3.59,GBP,DEBIT,DIRECT_DEBIT,,,624.46,GBP,,DD,,
b4e6c964911841b80c8af5afcde9e082,2021-03-04T00:00:00Z,PAYPAL EBAY,25.0,GBP,CREDIT,PURCHASE,,,649.46,GBP,,DEB,,
348407f7658580287f6f14e500a28938,2021-03-04T00:00:00Z,RENT,-130.0,GBP,DEBIT,BILL_PAYMENT,,,519.46,GBP,,BP,,
9176d1bb058a280c14f67a1be0321f59,2021-03-03T00:00:00Z,MS JANE DOE,0.89,GBP,CREDIT,TRANSFER,,,520.35,GBP,,TFR,,
2381b5ab051a742e432639bb6cc7937e,2021-03-03T00:00:00Z,SAVE THE CHANGE,-0.41,GBP,DEBIT,BILL_PAYMENT,,,519.94,GBP,,BP,,
d4c0b9721f46f3681db7580b7d8498de,2021-03-03T00:00:00Z,MS JANE DOE,130.0,GBP,CREDIT,TRANSFER,,,649.94,GBP,,TFR,,
1777bc7bbdae28d6fd0ee726deb407ad,2021-03-03T00:00:00Z,MR JOHN SMITH,7.0,GBP,CREDIT,TRANSFER,,,656.94,GBP,,TFR,,
ecafb6337c430a01053bae6e28b0e114,2021-03-03T00:00:00Z,AA MEMBERSHIP,-23.11,GBP,DEBIT,DIRECT_DEBIT,,,633.83,GBP,,DD,,
fcd07298b31ee90d83c43352c5f9f8c7,2021-03-03T00:00:00Z,VIRGIN GAMES,35.49,GBP,CREDIT,PURCHASE,,,669.32,GBP,,DEB,,
a1f95075cdf08f6741063a68d52fc5e2,2021-03-03T00:00:00Z,SAVE THE CHANGE,-0.01,GBP,DEBIT,BILL_PAYMENT,,,669.31,GBP,,BP,,
8b37c08c8ea490899779592b94e6e6c3,2021-03-03T00:00:00Z,GOOGLE PLAY STORE,-2.99,GBP,DEBIT,PURCHASE,,,666.32,GBP,,DEB,,
742a760e2715abf94bed59b8de3f1f03,2021-03-03T00:00:00Z,TESCO EXTRA,-30.0,GBP,DEBIT,PURCHASE,,,636.32,GBP,,DEB,,
e1b0435a9b12e1af1cc8a75266cfe96b,2021-03-03T00:00:00Z,RETURNED DIRECT DEBIT,40.0,GBP,CREDIT,CREDIT,,,676.32,GBP,,DEP,,
91b843b01e22ad3dccc169fddf50eacd,2021-03-03T00:00:00Z,LNK ATM LONDON,-40.0,GBP,DEBIT,ATM,,,636.32,GBP,,CPT,,
b3d31fc7352eea47ddebd83a1e92827e,2021-03-03T00:00:00Z,WWW.ASDA.COM,-5.0,GBP,DEBIT,PURCHASE,,,631.32,GBP,,DEB,,
1a58b0fbf7602a8dd3a22b9c45187f6c,2021-03-02T00:00:00Z,MR JOHN SMITH,30.0,GBP,CREDIT,TRANSFER,,,661.32,GBP,,TFR,,
4599996b5aa67fd6d161561d438406ac,2021-03-02T00:00:00Z,LNK ATM LONDON,-30.0,GBP,DEBIT,ATM,,,631.32,GBP,,CPT,,
1169fb6d89347e9d085ff864721e962c,2021-03-02T00:00:00Z,MR JOHN SMITH,10.0,GBP,CREDIT,TRANSFER,,,641.32,GBP,,TFR,,
ddf6c3bb427bff9f1011c20bc5f5bf10,2021-03-02T00:00:00Z,SAVE THE CHANGE,-0.59,GBP,DEBIT,BILL_PAYMENT,,,640.73,GBP,,BP,,
761081593eb134c88abc908b0f457c27,2021-03-01T00:00:00Z,TALKTALK TELECOM,-46.82,GBP,DEBIT,PURCHASE,,,593.91,GBP,,DEB,,
4f551d9236d701d16963fd64b2fe173b,2021-03-01T00:00:00Z,ACCOUNT OVERDRAFT FEE,-0.01,GBP,DEBIT,BILL_PAYMENT,,,593.9,GBP,,BP,,
f3fc98836a174a5fad845fdc152fb8ec,2021-03-01T00:00:00Z,MR JOHN SMITH,-227.0,GBP,DEBIT,TRANSFER,,,366.9,GBP,,TFR,,
b80d24f00464c6e538ac9e9ae3ae627f,2021-03-01T00:00:00Z,TESCO,-39.99,GBP,DEBIT,PURCHASE,,,326.91,GBP,,DEB,,
60664d41c03ba691acb6b96dba0a9839,2021-03-01T00:00:00Z,REVOLUT,-0.01,GBP,DEBIT,PURCHASE,,,326.9,GBP,,DEB,,
1e2cb7151d2c8e13d8153b8ec0294a94,2021-03-01T00:00:00Z,CENTRA,-0.01,GBP,DEBIT,PURCHASE,,,326.89,GBP,,DEB,,
2c2db134e604a6fb89a48d610bb481ce,2021-03-01T00:00:00Z,DUNNES STORES,-0.01,GBP,DEBIT,PURCHASE,,,326.88,GBP,,DEB,,
02ddb7a7697995106a067bdc87d1e7ba,2021-03-01T00:00:00Z,SPAR,-0.01,GBP,DEBIT,PURCHASE,,,326.87,GBP,,DEB,,
cf9b71cacf8c42762050462f7aa78b1d,2021-03-01T00:00:00Z,SPAR,-0.01,GBP,DEBIT,PURCHASE,,,326.86,GBP,,DEB,,
0719a3d1599b71dba57034d81bb922ae,2021-03-01T00:00:00Z,SUPERVALUE,-0.01,GBP,DEBIT,PURCHASE,,,326.85,GBP,,DEB,,
12233f46ee6fcff4645290e3731a7af5,2021-03-01T00:00:00Z,LIDL,-0.01,GBP,DEBIT,PURCHASE,,,326.84,GBP,,DEB,,
658333f25e770d619bd15b901759d03b,2021-03-01T00:00:00Z,APLLEGREEN,-0.01,GBP,DEBIT,PURCHASE,,,326.83,GBP,,DEB,,
f93d0d82832bdb8aede89377599b3af1,2021-03-01T00:00:00Z,MCDONALD'S,-0.01,GBP,DEBIT,PURCHASE,,,326.82,GBP,,DEB,,
3847212e9b6c6862366690769b8d61bb,2021-03-01T00:00:00Z,HARVEY NORMAN,-0.01,GBP,DEBIT,PURCHASE,,,326.81,GBP,,DEB,,
8c7960312ef5d5d9f83c3a5542e6771d,2021-03-01T00:00:00Z,ULSTER BANK,-0.01,GBP,DEBIT,PURCHASE,,,326.8,GBP,,DEB,,
abb0f117b8bdf0a55a5489b64dbc47b8,2021-03-01T00:00:00Z,CIRCLE K,-0.01,GBP,DEBIT,PURCHASE,,,326.79,GBP,,DEB,,
42ee58394a31e2ee0ee60fefb8888df0,2021-03-01T00:00:00Z,BET365,-0.01,GBP,DEBIT,PURCHASE,,,326.78,GBP,,DEB,,
d6d87923e8c84355a01d1fe5cec5ec3e,2021-03-01T00:00:00Z,ACCOUNT OVERDRAFT FEE,-0.01,GBP,DEBIT,BILL_PAYMENT,,,326.77,GBP,,BP,,
88f2794fbb71742f07bebb3af8fcd728,2021-03-01T00:00:00Z,Sainsbury's,-23.99,GBP,DEBIT,PURCHASE,,,302.78,GBP,,DEB,,
1c246a94a3dfb0e5324486be268b0ca1,2021-03-01T00:00:00Z,MR JOHN SMITH,-20.91,GBP,DEBIT,TRANSFER,,,282.78,GBP,,TFR,,
3a1dd33c3a048c34b01e68e891ed45e1,2021-03-01T00:00:00Z,NUDE FINANCE,-10.0,GBP,DEBIT,PURCHASE,,,272.78,GBP,,DEB,,
8f843a6b6464e27a84b220fd5ce4ca7e,2021-03-01T00:00:00Z,E.ON NEXT,-10.0,GBP,DEBIT,PURCHASE,,,262.78,GBP,,DEB,,
4b24ddb5d0fecd7869d8de70f365e169,2021-03-01T00:00:00Z,L&G INSURANCE,-10.0,GBP,DEBIT,PURCHASE,,,252.78,GBP,,DEB,,
9f460cc91fe17db929b94183c31305b0,2021-03-01T00:00:00Z,HALIFAX,-10.0,GBP,DEBIT,PURCHASE,,,242.78,GBP,,DEB,,
40c8f581403ff6730d52239302000f13,2021-03-01T00:00:00Z,OVO ENERGY,-10.0,GBP,DEBIT,PURCHASE,,,232.78,GBP,,DEB,,
de2429af878ae5403cc0377aef5aa220,2021-02-28T00:00:00Z,TSB CLEVELEYS,420.0,GBP,CREDIT,CASH,,,-640.42,GBP,,CSH,,
8baff759c914e6b4c27768035b8d52dd,2021-02-28T00:00:00Z,AMAZON INT'L,-36.59,GBP,DEBIT,PURCHASE,,,-677.01,GBP,,DEB,,
98b8249e8b680bbf3f3093998d18f266,2021-02-28T00:00:00Z,RETURNED DD,40.0,GBP,CREDIT,CREDIT,,,-637.01,GBP,,DEP,,
bf986c655f5ba77681c8a2f9c80bda73,2021-02-28T00:00:00Z,MR JOHN SMITH,-32.72,GBP,DEBIT,TRANSFER,,,-669.73,GBP,,TFR,,
af8c1d62588f227be1051fd3c0bf3976,2021-02-28T00:00:00Z,WORKING TAX CREDIT,22.42,GBP,CREDIT,CREDIT,,,-647.31,GBP,,BGC,,
55cd2612a8e83f7cbc866dd1c5c438b4,2021-02-27T00:00:00Z,MS JANE DOE,-7.93,GBP,DEBIT,TRANSFER,,,-655.24,GBP,,TFR,,
01d0a79eb0e20ecbb35e6aafacb62e85,2021-02-27T00:00:00Z,CIRCLE UK TRADING REFUND,50.59,GBP,CREDIT,CREDIT,,,-604.65,GBP,,DEP,,
6bc22f04162c85d1a5b69f63110fdade,2021-02-27T00:00:00Z,MS JANE DOE,15.86,GBP,CREDIT,TRANSFER,,,-588.79,GBP,,TFR,,
91452b4afa3e2b3d4722b94af4d2eb51,2021-02-27T00:00:00Z,DVLA LICENSE,-20.56,GBP,DEBIT,DIRECT_DEBIT,,,-609.35,GBP,,DD,,
a5a4271efc385cd7a55703cf007236b3,2021-02-27T00:00:00Z,E&L INSURANCE,-2.99,GBP,DEBIT,DIRECT_DEBIT,,,-612.34,GBP,,DD,,
bb16af992a52868530dbc2d857d78c2d,2021-02-27T00:00:00Z,TESCO ONLINE SHOPPING,-23.62,GBP,DEBIT,DIRECT_DEBIT,,,-635.96,GBP,,DD,,
9bfb360a991888403640cf2fe41a4b08,2021-02-27T00:00:00Z,PAYPAL EBAY,-7.56,GBP,DEBIT,PURCHASE,,,-643.52,GBP,,DEB,,
fc7c1207743b394080cef9d31bed260f,2021-02-25T00:00:00Z,CASHBACK,70.0,GBP,CREDIT,CASH,,,-573.52,GBP,,CSH,,
31adcc11e4f2e414f8b477f6d2bbcc11,2021-02-25T00:00:00Z,MENS HEALTH SUBSCRIPTION,-24.5,GBP,DEBIT,DIRECT_DEBIT,,,-598.02,GBP,,DD,,
bce0bd0e357bb0976a6cf0c449e81c06,2021-02-25T00:00:00Z,OUTGOING DD,-10.0,GBP,DEBIT,DIRECT_DEBIT,,,-608.02,GBP,,DD,,
099187534b6058a840025a8eed4c0f20,2021-02-25T00:00:00Z,SAVE THE CHANGE,-0.41,GBP,DEBIT,BILL_PAYMENT,,,-608.43,GBP,,BP,,
c3e2f8b956b8af8b71eb210cd202ed32,2021-02-25T00:00:00Z,AMAZON PLC,-36.59,GBP,DEBIT,PURCHASE,,,-645.02,GBP,,DEB,,
62df711d0ea0f72c5212e892af174894,2021-02-25T00:00:00Z,SAVE THE CHANGE,-0.5,GBP,DEBIT,BILL_PAYMENT,,,-645.52,GBP,,BP,,
c82352893cad241cff40f51bc19563b2,2021-02-25T00:00:00Z,WWW.BINGO.COM,-10.5,GBP,DEBIT,PURCHASE,,,-656.02,GBP,,DEB,,
88f78145e2740421f0eb5467f8152026,2021-02-23T00:00:00Z,MORSES CLUB LTD,-30.0,GBP,DEBIT,PURCHASE,,,-626.02,GBP,,DEB,,
ec554bd0feceb9fce77d0007855e5dae,2021-02-23T00:00:00Z,ANYVAN LTD,32.5,GBP,CREDIT,CREDIT,,,-593.52,GBP,,FPI,,
c77d7c8933e68934439f3d117265c966,2021-02-23T00:00:00Z,LNK ATM WITHDRAWAL,-100.0,GBP,DEBIT,ATM,,,-693.52,GBP,,CPT,,
4fcc3a46dd557a06dbb0f05279d5a52f,2021-02-23T00:00:00Z,SAVE THE CHANGE,-1.57,GBP,DEBIT,BILL_PAYMENT,,,-695.09,GBP,,BP,,
a6e2de66bb358c8234ac5ad6b9c4da5b,2021-02-23T00:00:00Z,WWW.METROBANK.COM,-20.0,GBP,DEBIT,PURCHASE,,,-715.09,GBP,,DEB,,
63b339b63ab4207273ed01bd4f1da018,2021-02-22T00:00:00Z,AMAZON INT'L,-5.0,GBP,DEBIT,PURCHASE,,,-720.09,GBP,,DEB,,
e74664d1d19e4e796af319e7c0f8b1ab,2021-02-22T00:00:00Z,SAVE THE CHANGE,-0.01,GBP,DEBIT,BILL_PAYMENT,,,-720.1,GBP,,BP,,
3d7bd0c0fb815addbe426a0b3b2b9b8e,2021-02-22T00:00:00Z,TESCO MOBILE LTD,-39.25,GBP,DEBIT,PURCHASE,,,-759.35,GBP,,DEB,,
70d67cba399a3b0d711188ce2051c8dd,2021-02-22T00:00:00Z,PAYPAL WWW.EBAY.COM,-36.59,GBP,DEBIT,PURCHASE,,,-795.94,GBP,,DEB,,
b3f009d8c76383002f205df7c6bc5c62,2021-02-22T00:00:00Z,OAKAM LIMITED,-36.59,GBP,DEBIT,PURCHASE,,,-832.53,GBP,,DEB,,
b623e546288e38095eb9f60d95dff43e,2021-02-20T00:00:00Z,REGENDA REDWING,-150.0,GBP,DEBIT,PURCHASE,,,-982.53,GBP,,DEB,,
e142c8fe989f03816fac3e30e925797e,2021-02-20T00:00:00Z,WORKING TAX CREDIT,22.42,GBP,CREDIT,CREDIT,,,-960.11,GBP,,BGC,,
14721e61d0f0df2dccde3d251769ef14,2021-02-20T00:00:00Z,PARKRETAIL.CO.UK,-550.0,GBP,DEBIT,PURCHASE,,,-1510.11,GBP,,DEB,,
4dbb14e6c6501f9eef31a74cbce0bf67,2021-02-20T00:00:00Z,CHILD TAX CREDIT,345.13,GBP,CREDIT,CREDIT,,,-1164.98,GBP,,BGC,,
d7e9c188c5df13d76c978452b7bda576,2021-02-19T00:00:00Z,AMAZON PRIME,-7.99,GBP,DEBIT,PURCHASE,,,-1172.97,GBP,,DEB,,
792585322f7b25b02f5f886f931747fd,2021-02-19T00:00:00Z,CLEVELEYS.COM,1450.42,GBP,CREDIT,CREDIT,,,277.45,GBP,,DEP,,
c9fca212b78cbef3d05c0059a03b86a3,2021-02-18T00:00:00Z,CIRCLE UK TRADING,82.21,GBP,CREDIT,CREDIT,,,359.66,GBP,,FPI,,
b2f7b473e87599a6c5cd0db0f4987d5b,2021-02-17T00:00:00Z,MR JOHN SMITH,137.6,GBP,CREDIT,CREDIT,,,497.26,GBP,,BGC,,
75211748cdc9164c5122380986613f70,2021-02-17T00:00:00Z,AA INSURANCE,-12.73,GBP,DEBIT,DIRECT_DEBIT,,,484.53,GBP,,DD,,
7da4f5ae357a81a8ff2caff7c39acce9,2021-02-17T00:00:00Z,AXA WEALTH LTD,-40.0,GBP,DEBIT,DIRECT_DEBIT,,,444.53,GBP,,DD,,
7b3a7d0b2520df5021d8d47f2b391554,2021-02-17T00:00:00Z,MORRISONS PETROL,-20.0,GBP,DEBIT,PURCHASE,,,424.53,GBP,,DEB,,
070f29fff3fdfd2b8e08b549a7a6b262,2021-02-17T00:00:00Z,SAVE THE CHANGE,-0.63,GBP,DEBIT,BILL_PAYMENT,,,423.9,GBP,,BP,,
5a94430862404ad3122ea5d37ec8072d,2021-02-17T00:00:00Z,TAILSCOM,-6.37,GBP,DEBIT,PURCHASE,,,417.53,GBP,,DEB,,
5941ec0bbb646db33365bdbd855f3a40,2021-02-15T00:00:00Z,ASDA STOES LTD,-32.0,GBP,DEBIT,PURCHASE,,,385.53,GBP,,DEB,,
04e77bbec91af56cf50dd61ee533aef8,2021-02-15T00:00:00Z,SAVE THE CHANGE,-0.55,GBP,DEBIT,BILL_PAYMENT,,,384.98,GBP,,BP,,
3c17ba269633f9677ece168808dcbbe9,2021-02-15T00:00:00Z,AMAZON BLACK FRIDAY,-15.45,GBP,DEBIT,PURCHASE,,,369.53,GBP,,DEB,,
5d1e4f9a9619c81ce305b00fba8c99f6,2021-02-15T00:00:00Z,SAVE THE CHANGE,-0.5,GBP,DEBIT,BILL_PAYMENT,,,369.03,GBP,,BP,,
f41fea67f659121763ce89e6be6fc2e3,2021-02-15T00:00:00Z,TESCO EXTRA,-3.59,GBP,DEBIT,PURCHASE,,,365.44,GBP,,DEB,,
76a78dac6f106a7676f3d240c1451a68,2021-02-15T00:00:00Z,PAYPAL EBAY,-10.0,GBP,DEBIT,PURCHASE,,,355.44,GBP,,DEB,,
5c11d27eda8acecf0c5bc4ad575344ed,2021-02-14T00:00:00Z,PAYPAL BETFRED,-2.0,GBP,DEBIT,PURCHASE,,,353.44,GBP,,DEB,,
2b5fee86728f07db1df9396029700061,2021-02-14T00:00:00Z,MT SECURETRADE LIM,-20.5,GBP,DEBIT,PURCHASE,,,332.94,GBP,,DEB,,
81bc8816a4f46ea68c4c199eda1a6b52,2021-02-14T00:00:00Z,MT SECURETRADE LIM,43.5,GBP,CREDIT,PURCHASE,,,376.44,GBP,,DEB,,
14d6f75bd980884ef56546d2e86b926f,2021-02-12T00:00:00Z,SAVE THE CHANGE,-0.41,GBP,DEBIT,BILL_PAYMENT,,,376.03,GBP,,BP,,
ceebe098182681585c93fa872bf36e98,2021-02-12T00:00:00Z,AA MEMBERSHIP,-23.11,GBP,DEBIT,DIRECT_DEBIT,,,352.92,GBP,,DD,,
2d8194f4a2ff464529d596426d49b068,2021-02-11T00:00:00Z,CIRCLE UK TRADING,50.0,GBP,CREDIT,CREDIT,,,402.92,GBP,,FPI,,
30bf6196ff6adbea77ff149b215e006b,2021-02-11T00:00:00Z,MS JANE DOE,50.0,GBP,CREDIT,TRANSFER,,,452.92,GBP,,TFR,,
f42a25a571088242d21b3e177b67ab8b,2021-02-11T00:00:00Z,WORKING TAX CREDIT,22.42,GBP,CREDIT,CREDIT,,,475.34,GBP,,BGC,,
299e03d189e4821613194a3706d20326,2021-02-11T00:00:00Z,BUTLINS HOLIDAYS,-17.0,GBP,DEBIT,PURCHASE,,,458.34,GBP,,DEB,,
3dc23b6e07e543734fd301e44d254e0e,2021-02-10T00:00:00Z,AXA WEALTH LTD,-40.0,GBP,DEBIT,DIRECT_DEBIT,,,418.34,GBP,,DD,,
82a34a2dc11a258ed2aebd7e6b479d35,2021-02-10T00:00:00Z,ASDA STORES LTD,-5.0,GBP,DEBIT,PURCHASE,,,413.34,GBP,,DEB,,
37f5040ff61f5bb1ab33c774b9afdbab,2021-02-10T00:00:00Z,RETURNED DD,40.0,GBP,CREDIT,CREDIT,,,453.34,GBP,,DEP,,
ac9b50f168b4a64907947be1365d8a65,2021-02-10T00:00:00Z,CIRCLE UK TRADING,50.36,GBP,CREDIT,CREDIT,,,503.7,GBP,,FPI,,
ef60d3e91bdef05e007b25b701f6a426,2021-02-10T00:00:00Z,OUTGOING DD,-30.0,GBP,DEBIT,DIRECT_DEBIT,,,473.7,GBP,,DD,,
55fbf0171d82b4f9a84f90b416517499,2021-02-10T00:00:00Z,EDF ENERGY,-24.5,GBP,DEBIT,BILL_PAYMENT,,,449.2,GBP,,BP,,
5dd7e2b7e6e14711a4adf672c80e73d2,2021-02-09T00:00:00Z,DVLA LICENCE,-23.62,GBP,DEBIT,DIRECT_DEBIT,,,425.58,GBP,,DD,,
e9f91fbf153c9f4a2408db183f1a3960,2021-02-09T00:00:00Z,DVLA TAX,-20.56,GBP,DEBIT,DIRECT_DEBIT,,,405.02,GBP,,DD,,
865d85398948872d44db40694f35803d,2021-02-09T00:00:00Z,SAVE THE CHANGE,-0.41,GBP,DEBIT,BILL_PAYMENT,,,404.61,GBP,,BP,,
8cd417cc8622b39dd2160a28a804ef29,2021-02-09T00:00:00Z,MS JANE DOE,70.0,GBP,CREDIT,TRANSFER,,,474.61,GBP,,TFR,,
2acfa9380aa04c32ccd0c9644c13b0e9,2021-02-08T00:00:00Z,SAVE THE CHANGE,-0.01,GBP,DEBIT,BILL_PAYMENT,,,474.6,GBP,,BP,,
a55eafe05ceca41ad030d6abb201f2d9,2021-02-08T00:00:00Z,WORKING TAX CREDIT,22.42,GBP,CREDIT,CREDIT,,,497.02,GBP,,BGC,,
6ba8cf3ba64c2e5d74955b0a1729a249,2021-02-08T00:00:00Z,CREDITREPORTSERVIC,-14.99,GBP,DEBIT,PURCHASE,,,482.03,GBP,,DEB,,
5ff3b8ded72cd7f8fc5d54f455d4e61d,2021-02-08T00:00:00Z,REGENDA REDWING RE,-100.0,GBP,DEBIT,PURCHASE,,,382.03,GBP,,DEB,,
23fc1b828c02ee392c73b9fb24a1e71b,2021-02-08T00:00:00Z,BROADWAY GAMING LT CD 0315,-10.0,GBP,DEBIT,PURCHASE,,,372.03,GBP,,DEB,,
0bb822a1909a4eae0038bdcbb6a988fa,2021-02-08T00:00:00Z,SAVE THE CHANGE,-0.69,GBP,DEBIT,BILL_PAYMENT,,,371.34,GBP,,BP,,
005f399a1ea937c50028641bb4c21914,2021-02-08T00:00:00Z,SAVE THE CHANGE,-1.04,GBP,DEBIT,BILL_PAYMENT,,,370.3,GBP,,BP,,
87e1c93e2b2a864c08ae15c951ec9a1b,2021-02-08T00:00:00Z,BOOKER LIMITED BLA,-24.31,GBP,DEBIT,PURCHASE,,,345.99,GBP,,DEB,,
1c06a906e10c3d57b84ed1e0e92613cb,2021-02-07T00:00:00Z,EE & T-MOBILE,-82.37,GBP,DEBIT,PURCHASE,,,263.62,GBP,,DEB,,
5bf435ac22d70da80b3976730215fb5e,2021-02-07T00:00:00Z,SAVE THE CHANGE,-1.15,GBP,DEBIT,BILL_PAYMENT,,,262.47,GBP,,BP,,
5bc35c28b1a1794eeeebb2de57f3ea43,2021-02-07T00:00:00Z,MS JANE DOE,-70.0,GBP,DEBIT,TRANSFER,,,192.47,GBP,,TFR,,
86b1b69771bb023f3eaed8cef3a1c3a8,2021-02-07T00:00:00Z,18db38 Betropolis LTD LC Betropolis,-10.0,GBP,DEBIT,PURCHASE,,,45.1,GBP,,DEB,,
5d8cdb35bb50f14ba700c07eb425066a,2021-02-06T00:00:00Z,TESCO MOBILE LTD,-28.25,GBP,DEBIT,PURCHASE,,,164.22,GBP,,DEB,,
553f98d1c4e24bb41622c50e7fdf9ae8,2021-02-06T00:00:00Z,WORKING TAX CREDIT,22.42,GBP,CREDIT,CREDIT,,,186.64,GBP,,BGC,,
487d7ca470dacb22762723f6098863b0,2021-02-06T00:00:00Z,W M MORRISONS PLC,-12.89,GBP,DEBIT,PURCHASE,,,173.75,GBP,,DEB,,
76f09b09d51453343ef2036909464c82,2021-02-06T00:00:00Z,TESCO MOBILE LTD,-50.0,GBP,DEBIT,PURCHASE,,,123.75,GBP,,DEB,,
3ac8353753050aed1e45a941f5e2feb5,2021-02-06T00:00:00Z,HOME BARGAINS FLEE,-9.71,GBP,DEBIT,PURCHASE,,,114.04,GBP,,DEB,,
460635f050d836b120340c9f807f1324,2021-02-06T00:00:00Z,CHILD TAX CREDIT,346.35,GBP,CREDIT,CREDIT,,,460.39,GBP,,BGC,,
bd28fb7b3e807e678a77d77c1f0b971e,2021-02-06T00:00:00Z,MR JOHN SMITH,137.6,GBP,CREDIT,CREDIT,,,597.99,GBP,,BGC,,
e5bf42c976c7fd503b9d149a51231e05,2021-02-06T00:00:00Z,MS JANE DOE,61.89,GBP,CREDIT,TRANSFER,,,659.88,GBP,,TFR,,
297af7c091646cfbfb2e790b6ac25760,2021-02-06T00:00:00Z,SAVE THE CHANGE,-0.01,GBP,DEBIT,BILL_PAYMENT,,,659.87,GBP,,BP,,
8d30e57566f1ad43e3b9340f0bafe37d,2021-02-06T00:00:00Z,AMAZON PRIME,-5.0,GBP,DEBIT,PURCHASE,,,654.87,GBP,,DEB,,
8d19b339bfe60763345baceab0576828,2021-02-05T00:00:00Z,LNK ATM WITHDRAWAL,-60.0,GBP,DEBIT,ATM,,,594.87,GBP,,CPT,,
ceebeff533fb86f76fc73a108e7aaebb,2021-02-05T00:00:00Z,SAVE THE CHANGE,-1.89,GBP,DEBIT,BILL_PAYMENT,,,592.98,GBP,,BP,,
3d12765996ae5b1c02ce477c41d409b3,2021-02-05T00:00:00Z,THE INSURANCE EMPO,-5.79,GBP,DEBIT,DIRECT_DEBIT,,,587.19,GBP,,DD,,
fc54017e89b79ee57baa5c197dc08d79,2021-02-05T00:00:00Z,AMAZON PRIME,-7.99,GBP,DEBIT,PURCHASE,,,579.2,GBP,,DEB,,
043a7dfc0157941768bc2af06972054e,2021-02-05T00:00:00Z,VANQUIS BANK,-23.15,GBP,DEBIT,PURCHASE,,,556.05,GBP,,DEB,,
e639cd262519214d86ceb673e6c2a22b,2021-02-05T00:00:00Z,AA INSURANCE,-12.73,GBP,DEBIT,DIRECT_DEBIT,,,543.32,GBP,,DD,,
2bd6d7fd090d6d4424169bb8b7d1412c,2021-02-05T00:00:00Z,WWW.TAILS.COM,-6.37,GBP,DEBIT,PURCHASE,,,536.95,GBP,,DEB,,
4eb358ac62f112eda0281eb578d719b6,2021-02-05T00:00:00Z,ANNATAR,-20.0,GBP,DEBIT,PURCHASE,,,516.95,GBP,,DEB,,
52007f09b85038458bff7d7464651204,2021-02-04T00:00:00Z,ANNATAR LIMITED,10.0,GBP,CREDIT,PURCHASE,,,526.95,GBP,,DEB,,
cdd717834510eb0dda6e7a072725ec8e,2021-02-04T00:00:00Z,ANYVAN LTD,70.0,GBP,CREDIT,CREDIT,,,596.95,GBP,,FPI,,
b5839356a40383671162aacc4bb776a0,2021-02-04T00:00:00Z,ANYVAN LTD,59.17,GBP,CREDIT,CREDIT,,,656.12,GBP,,FPI,,
2b1eb69b376be7abe92bff22b6691b3a,2021-02-04T00:00:00Z,LNK ATM LONDON,-20.0,GBP,DEBIT,ATM,,,636.12,GBP,,CPT,,
388c76e378d1473cac3b28d8cb9ff931,2021-02-04T00:00:00Z,LAPTOP DIRECT LTD.,-5.0,GBP,DEBIT,PURCHASE,,,631.12,GBP,,DEB,,
b7031d902c7f4e0a0c0b3a0bfd6fc9f6,2021-02-04T00:00:00Z,ANIMAL FRIENDS LTD,-3.07,GBP,DEBIT,DIRECT_DEBIT,,,628.05,GBP,,DD,,
64c446e4754351dc3f8b2d8e9c39625b,2021-02-04T00:00:00Z,LNK ATM WITHDRAWAL,-100.0,GBP,DEBIT,ATM,,,528.05,GBP,,CPT,,
97e578a8631176df2c6829f5bce8957d,2021-02-04T00:00:00Z,MR JOHN SMITH,100.0,GBP,CREDIT,TRANSFER,,,628.05,GBP,,TFR,,
5b445518212e7f7c2495761e8a795775,2021-02-04T00:00:00Z,INTUIT LIMITED,-3.59,GBP,DEBIT,DIRECT_DEBIT,,,624.46,GBP,,DD,,
cdd2237e5df596a323000ca37b73ff45,2021-02-04T00:00:00Z,PAYPAL EBAY,25.0,GBP,CREDIT,PURCHASE,,,649.46,GBP,,DEB,,
7021258068885c291ec3494798e4010f,2021-02-04T00:00:00Z,RENT,-130.0,GBP,DEBIT,BILL_PAYMENT,,,519.46,GBP,,BP,,
cb6f404a94a7db317152d9fa4f5da6be,2021-02-03T00:00:00Z,MS JANE DOE,0.89,GBP,CREDIT,TRANSFER,,,520.35,GBP,,TFR,,
906f3f231fe7a0abd28499cd28caf09e,2021-02-03T00:00:00Z,SAVE THE CHANGE,-0.41,GBP,DEBIT,BILL_PAYMENT,,,519.94,GBP,,BP,,
58cf82c9fad590cdab0df9df1e797a29,2021-02-03T00:00:00Z,MS JANE DOE,130.0,GBP,CREDIT,TRANSFER,,,649.94,GBP,,TFR,,
751aa749b4cfda1ebf888e5ab7c95006,2021-02-03T00:00:00Z,MR JOHN SMITH,7.0,GBP,CREDIT,TRANSFER,,,656.94,GBP,,TFR,,
f5b1239db77e24b7f0b11e7e15f1ee2b,2021-02-03T00:00:00Z,AA MEMBERSHIP,-23.11,GBP,DEBIT,DIRECT_DEBIT,,,633.83,GBP,,DD,,
ea82cde23a5fbda6a4bea54cd213eb6c,2021-02-03T00:00:00Z,VIRGIN GAMES,35.49,GBP,CREDIT,PURCHASE,,,669.32,GBP,,DEB,,
d2b866cc00b7c2b8d7909c8d3aedf66c,2021-02-03T00:00:00Z,SAVE THE CHANGE,-0.01,GBP,DEBIT,BILL_PAYMENT,,,669.31,GBP,,BP,,
2c69695ceabc2d19aa5592b4ed87e014,2021-02-03T00:00:00Z,GOOGLE PLAY STORE,-2.99,GBP,DEBIT,PURCHASE,,,666.32,GBP,,DEB,,
c8a2071a720311963854e5188a823788,2021-02-03T00:00:00Z,TESCO EXTRA,-30.0,GBP,DEBIT,PURCHASE,,,636.32,GBP,,DEB,,
e77711f15de54788334f85e2caa9da39,2021-02-03T00:00:00Z,RETURNED DIRECT DEBIT,40.0,GBP,CREDIT,CREDIT,,,676.32,GBP,,DEP,,
1e47d344274f85bbfefe27a9285e5421,2021-02-03T00:00:00Z,LNK ATM LONDON,-40.0,GBP,DEBIT,ATM,,,636.32,GBP,,CPT,,
34c712c2da6e346f19c27799e75f0fa7,2021-02-03T00:00:00Z,WWW.ASDA.COM,-5.0,GBP,DEBIT,PURCHASE,,,631.32,GBP,,DEB,,
ae4abf1d01470c7f268324452749040c,2021-02-02T00:00:00Z,MR JOHN SMITH,30.0,GBP,CREDIT,TRANSFER,,,661.32,GBP,,TFR,,
67afa51ffb52c5ecce724a3683ab3ddf,2021-02-02T00:00:00Z,LNK ATM LONDON,-30.0,GBP,DEBIT,ATM,,,631.32,GBP,,CPT,,
c42fbf2c6c4b3993c96db46a24a709ca,2021-02-02T00:00:00Z,MR JOHN SMITH,10.0,GBP,CREDIT,TRANSFER,,,641.32,GBP,,TFR,,
4cf5cf1ca5611d354628dc05dc1f9f3b,2021-02-02T00:00:00Z,SAVE THE CHANGE,-0.59,GBP,DEBIT,BILL_PAYMENT,,,640.73,GBP,,BP,,
6ca4b5c306686634ffe5e2f0ffcde1ff,2021-02-01T00:00:00Z,TALKTALK TELECOM,-46.82,GBP,DEBIT,PURCHASE,,,593.91,GBP,,DEB,,
114495b735f13fc34cba177feafb1e22,2021-02-01T00:00:00Z,ACCOUNT OVERDRAFT FEE,-0.01,GBP,DEBIT,BILL_PAYMENT,,,593.9,GBP,,BP,,
7b7bc42151a229aab7787b6fd833a5d9,2021-02-01T00:00:00Z,MR JOHN SMITH,-227.0,GBP,DEBIT,TRANSFER,,,366.9,GBP,,TFR,,
2bc2e8b2186c5975bfac7bac35bb5370,2021-02-01T00:00:00Z,TESCO,-39.99,GBP,DEBIT,PURCHASE,,,326.91,GBP,,DEB,,
6951839b5543964471d9b28b173f72cf,2021-02-01T00:00:00Z,REVOLUT,-0.01,GBP,DEBIT,PURCHASE,,,326.9,GBP,,DEB,,
b7f0282cf6d61d708f36ff9e17a1ba2f,2021-02-01T00:00:00Z,CENTRA,-0.01,GBP,DEBIT,PURCHASE,,,326.89,GBP,,DEB,,
82e2cf332184e7cc0f050936b2235c89,2021-02-01T00:00:00Z,DUNNES STORES,-0.01,GBP,DEBIT,PURCHASE,,,326.88,GBP,,DEB,,
a3719adabc320d9a27da36d9c18c25be,2021-02-01T00:00:00Z,SPAR,-0.01,GBP,DEBIT,PURCHASE,,,326.87,GBP,,DEB,,
7eda109dd56da6fb7e740544cb51b493,2021-02-01T00:00:00Z,SPAR,-0.01,GBP,DEBIT,PURCHASE,,,326.86,GBP,,DEB,,
449ba8851a588c4f1f04156b0904fb57,2021-02-01T00:00:00Z,SUPERVALUE,-0.01,GBP,DEBIT,PURCHASE,,,326.85,GBP,,DEB,,
fac0619cb937cd37de5c28f319316492,2021-02-01T00:00:00Z,LIDL,-0.01,GBP,DEBIT,PURCHASE,,,326.84,GBP,,DEB,,
63c5d7a2c26f1ef284b5394488e051d2,2021-02-01T00:00:00Z,APLLEGREEN,-0.01,GBP,DEBIT,PURCHASE,,,326.83,GBP,,DEB,,
706bfb5fdf03874b5620a4d0cfe0c12f,2021-02-01T00:00:00Z,MCDONALD'S,-0.01,GBP,DEBIT,PURCHASE,,,326.82,GBP,,DEB,,
34b1578d3514072455f02033cbc7f96a,2021-02-01T00:00:00Z,HARVEY NORMAN,-0.01,GBP,DEBIT,PURCHASE,,,326.81,GBP,,DEB,,
e64d6b97340058c24d32b16ed93cb6d9,2021-02-01T00:00:00Z,ULSTER BANK,-0.01,GBP,DEBIT,PURCHASE,,,326.8,GBP,,DEB,,
8a6339e03c1f1518e0cb9c770f956a15,2021-02-01T00:00:00Z,CIRCLE K,-0.01,GBP,DEBIT,PURCHASE,,,326.79,GBP,,DEB,,
49c1054a78d63107636748a33841132d,2021-02-01T00:00:00Z,BET365,-0.01,GBP,DEBIT,PURCHASE,,,326.78,GBP,,DEB,,
ddb7d207f0976a8ed35c78c134a19b65,2021-02-01T00:00:00Z,ACCOUNT OVERDRAFT FEE,-0.01,GBP,DEBIT,BILL_PAYMENT,,,326.77,GBP,,BP,,
72cf88a20914530ada1443f8802d34a5,2021-02-01T00:00:00Z,Sainsbury's,-23.99,GBP,DEBIT,PURCHASE,,,302.78,GBP,,DEB,,
2ce9782d574926ade1a0d46383b7149f,2021-02-01T00:00:00Z,MR JOHN SMITH,-20.91,GBP,DEBIT,TRANSFER,,,282.78,GBP,,TFR,,
71ad53f0200b3846fd865dd1c4ffad12,2021-02-01T00:00:00Z,NUDE FINANCE,-10.0,GBP,DEBIT,PURCHASE,,,272.78,GBP,,DEB,,
1ec17738266a1b94cf57f333d9ee5fe0,2021-02-01T00:00:00Z,E.ON NEXT,-10.0,GBP,DEBIT,PURCHASE,,,262.78,GBP,,DEB,,
a7040feafcbcc7c021ec1eb617e71ceb,2021-02-01T00:00:00Z,L&G INSURANCE,-10.0,GBP,DEBIT,PURCHASE,,,252.78,GBP,,DEB,,
7bc70d6950b0a99e46d3bdf0fa29a857,2021-02-01T00:00:00Z,HALIFAX,-10.0,GBP,DEBIT,PURCHASE,,,242.78,GBP,,DEB,,
a4b6a783612ebdd1bbd9d07a3b57e9c0,2021-02-01T00:00:00Z,OVO ENERGY,-10.0,GBP,DEBIT,PURCHASE,,,232.78,GBP,,DEB,,
32b1392dc5c6211c396bbe944e853e27,2021-01-28T00:00:00Z,TSB CLEVELEYS,420.0,GBP,CREDIT,CASH,,,-640.42,GBP,,CSH,,
cd47fbe8493459a456e0d4f2b355f8e8,2021-01-28T00:00:00Z,AMAZON INT'L,-36.59,GBP,DEBIT,PURCHASE,,,-677.01,GBP,,DEB,,
a11529368fabf731b80e27125cd1bbb2,2021-01-28T00:00:00Z,RETURNED DD,40.0,GBP,CREDIT,CREDIT,,,-637.01,GBP,,DEP,,
7bd040e1616c11773b09d70df4904c18,2021-01-28T00:00:00Z,MR JOHN SMITH,-32.72,GBP,DEBIT,TRANSFER,,,-669.73,GBP,,TFR,,
c79f3ec177f13638e55973354d2c3c72,2021-01-28T00:00:00Z,WORKING TAX CREDIT,22.42,GBP,CREDIT,CREDIT,,,-647.31,GBP,,BGC,,
2b2460e49b26facf0faafd8d0da1e715,2021-01-27T00:00:00Z,MS JANE DOE,-7.93,GBP,DEBIT,TRANSFER,,,-655.24,GBP,,TFR,,
09d5733acb38b157d44801983b7a2670,2021-01-27T00:00:00Z,CIRCLE UK TRADING REFUND,50.59,GBP,CREDIT,CREDIT,,,-604.65,GBP,,DEP,,
6f453b7dcd80d9af3599fdce3610bbd8,2021-01-27T00:00:00Z,MS JANE DOE,15.86,GBP,CREDIT,TRANSFER,,,-588.79,GBP,,TFR,,
b09ade6dc107a5a08d9bb33314ff3290,2021-01-27T00:00:00Z,DVLA LICENSE,-20.56,GBP,DEBIT,DIRECT_DEBIT,,,-609.35,GBP,,DD,,
6b4cc44fb358096309093f7cd6effcc0,2021-01-27T00:00:00Z,E&L INSURANCE,-2.99,GBP,DEBIT,DIRECT_DEBIT,,,-612.34,GBP,,DD,,
f1fe9fddc7c9dec91475930b89ef52c5,2021-01-27T00:00:00Z,TESCO ONLINE SHOPPING,-23.62,GBP,DEBIT,DIRECT_DEBIT,,,-635.96,GBP,,DD,,
2d8b4c92ed300879ba6bb53f377c9c20,2021-01-27T00:00:00Z,PAYPAL EBAY,-7.56,GBP,DEBIT,PURCHASE,,,-643.52,GBP,,DEB,,
9bc7335179c9298f8ca8e56db441986e,2021-01-25T00:00:00Z,CASHBACK,70.0,GBP,CREDIT,CASH,,,-573.52,GBP,,CSH,,
21821ac196181535bf5636cbb9128ddd,2021-01-25T00:00:00Z,MENS HEALTH SUBSCRIPTION,-24.5,GBP,DEBIT,DIRECT_DEBIT,,,-598.02,GBP,,DD,,
e897d82f83cf33823dc101c7627ed5d5,2021-01-25T00:00:00Z,OUTGOING DD,-10.0,GBP,DEBIT,DIRECT_DEBIT,,,-608.02,GBP,,DD,,
7bde3ebacc1f404e28a34fa3c35cd3ae,2021-01-25T00:00:00Z,SAVE THE CHANGE,-0.41,GBP,DEBIT,BILL_PAYMENT,,,-608.43,GBP,,BP,,
527b3e4f3dca27da121f29c29536ac2e,2021-01-25T00:00:00Z,AMAZON PLC,-36.59,GBP,DEBIT,PURCHASE,,,-645.02,GBP,,DEB,,
544035c6ca81fe75457baa21c796755d,2021-01-25T00:00:00Z,SAVE THE CHANGE,-0.5,GBP,DEBIT,BILL_PAYMENT,,,-645.52,GBP,,BP,,
6c8e081d4036ecfdd12177ef4a4e6df5,2021-01-25T00:00:00Z,WWW.BINGO.COM,-10.5,GBP,DEBIT,PURCHASE,,,-656.02,GBP,,DEB,,
1a1c1bf6e4bb21ff78d71c639cf6c3f5,2021-01-23T00:00:00Z,MORSES CLUB LTD,-30.0,GBP,DEBIT,PURCHASE,,,-626.02,GBP,,DEB,,
7ef02926911695c8835298dac24663d5,2021-01-23T00:00:00Z,ANYVAN LTD,32.5,GBP,CREDIT,CREDIT,,,-593.52,GBP,,FPI,,
b4adb6c805552c1a1160e068c388ffee,2021-01-23T00:00:00Z,LNK ATM WITHDRAWAL,-100.0,GBP,DEBIT,ATM,,,-693.52,GBP,,CPT,,
915eb595410bec730c5242dda1e4605c,2021-01-23T00:00:00Z,SAVE THE CHANGE,-1.57,GBP,DEBIT,BILL_PAYMENT,,,-695.09,GBP,,BP,,
22205e712699072a3453fa72f96462f1,2021-01-23T00:00:00Z,WWW.METROBANK.COM,-20.0,GBP,DEBIT,PURCHASE,,,-715.09,GBP,,DEB,,
931d4860e53730ce8304e44ddc53bd6b,2021-01-22T00:00:00Z,AMAZON INT'L,-5.0,GBP,DEBIT,PURCHASE,,,-720.09,GBP,,DEB,,
60e194a35b9f2f1140e5c1bdb32ba516,2021-01-22T00:00:00Z,SAVE THE CHANGE,-0.01,GBP,DEBIT,BILL_PAYMENT,,,-720.1,GBP,,BP,,
eccaef67dd6bd2ca7132bf71ec396008,2021-01-22T00:00:00Z,TESCO MOBILE LTD,-39.25,GBP,DEBIT,PURCHASE,,,-759.35,GBP,,DEB,,
f3778ae8eeb11409d7e50aeabb1a2c5b,2021-01-22T00:00:00Z,PAYPAL WWW.EBAY.COM,-36.59,GBP,DEBIT,PURCHASE,,,-795.94,GBP,,DEB,,
c0d2ec87f0f610fee046bf0089c871da,2021-01-22T00:00:00Z,OAKAM LIMITED,-36.59,GBP,DEBIT,PURCHASE,,,-832.53,GBP,,DEB,,
82647d989884d4b25f9e7799c52b7872,2021-01-20T00:00:00Z,REGENDA REDWING,-150.0,GBP,DEBIT,PURCHASE,,,-982.53,GBP,,DEB,,
d5a422b34d173e5ad0001280aac5a58e,2021-01-20T00:00:00Z,WORKING TAX CREDIT,22.42,GBP,CREDIT,CREDIT,,,-960.11,GBP,,BGC,,
d44af6a4de010150976f12b0f00f6a85,2021-01-20T00:00:00Z,PARKRETAIL.CO.UK,-550.0,GBP,DEBIT,PURCHASE,,,-1510.11,GBP,,DEB,,
417edff06696e92630f93465916d463b,2021-01-20T00:00:00Z,CHILD TAX CREDIT,345.13,GBP,CREDIT,CREDIT,,,-1164.98,GBP,,BGC,,
9fdbad5a6bf371d9e5ba9f2483c34fd6,2021-01-19T00:00:00Z,AMAZON PRIME,-7.99,GBP,DEBIT,PURCHASE,,,-1172.97,GBP,,DEB,,
7d9f46436251e368990cfb01dfaee9c7,2021-01-19T00:00:00Z,CLEVELEYS.COM,1450.42,GBP,CREDIT,CREDIT,,,277.45,GBP,,DEP,,
bd1beb9cc31f3878164ad739577b0930,2021-01-18T00:00:00Z,CIRCLE UK TRADING,82.21,GBP,CREDIT,CREDIT,,,359.66,GBP,,FPI,,
7b90e5469e75fca7a826ba53349567e9,2021-01-17T00:00:00Z,MR JOHN SMITH,137.6,GBP,CREDIT,CREDIT,,,497.26,GBP,,BGC,,
6a056c5e32beecc6ff4b0d1856d72c38,2021-01-17T00:00:00Z,AA INSURANCE,-12.73,GBP,DEBIT,DIRECT_DEBIT,,,484.53,GBP,,DD,,
e4e0b15c49e683353510ba51be879adf,2021-01-17T00:00:00Z,AXA WEALTH LTD,-40.0,GBP,DEBIT,DIRECT_DEBIT,,,444.53,GBP,,DD,,
78dcf4c007e65170f22bec5b47fecd02,2021-01-17T00:00:00Z,MORRISONS PETROL,-20.0,GBP,DEBIT,PURCHASE,,,424.53,GBP,,DEB,,
881cc1021a1d5dd46ff976b21727888d,2021-01-17T00:00:00Z,SAVE THE CHANGE,-0.63,GBP,DEBIT,BILL_PAYMENT,,,423.9,GBP,,BP,,
5b348dd3e26a1453a71c5d524dc4059e,2021-01-17T00:00:00Z,TAILSCOM,-6.37,GBP,DEBIT,PURCHASE,,,417.53,GBP,,DEB,,
14ffdab6b0b0100fc5259f5d861bcf03,2021-01-15T00:00:00Z,ASDA STOES LTD,-32.0,GBP,DEBIT,PURCHASE,,,385.53,GBP,,DEB,,
71f6b99fbefbc313e18f0eed5097f605,2021-01-15T00:00:00Z,SAVE THE CHANGE,-0.55,GBP,DEBIT,BILL_PAYMENT,,,384.98,GBP,,BP,,
add45f35d4736bc2ea8cf37c42b19fb8,2021-01-15T00:00:00Z,AMAZON BLACK FRIDAY,-15.45,GBP,DEBIT,PURCHASE,,,369.53,GBP,,DEB,,
589c3e2b5ff68a494fc0e7a1af5b05c8,2021-01-15T00:00:00Z,SAVE THE CHANGE,-0.5,GBP,DEBIT,BILL_PAYMENT,,,369.03,GBP,,BP,,
85102de59392f86135f70c4c20ce009e,2021-01-15T00:00:00Z,TESCO EXTRA,-3.59,GBP,DEBIT,PURCHASE,,,365.44,GBP,,DEB,,
0b088e2f4b6fe6cd613c9b368c6240f6,2021-01-15T00:00:00Z,PAYPAL EBAY,-10.0,GBP,DEBIT,PURCHASE,,,355.44,GBP,,DEB,,
fcc25647eb29a5b3595d5186a792d449,2021-01-14T00:00:00Z,PAYPAL BETFRED,-2.0,GBP,DEBIT,PURCHASE,,,353.44,GBP,,DEB,,
4797ab79b8ee099226f9a7f387a6dd23,2021-01-14T00:00:00Z,MT SECURETRADE LIM,-20.5,GBP,DEBIT,PURCHASE,,,332.94,GBP,,DEB,,
25656acc0df5c9dbe98cdb38acba1b7c,2021-01-14T00:00:00Z,MT SECURETRADE LIM,43.5,GBP,CREDIT,PURCHASE,,,376.44,GBP,,DEB,,
74f0b66cc6c00044db8b67033d711fce,2021-01-12T00:00:00Z,SAVE THE CHANGE,-0.41,GBP,DEBIT,BILL_PAYMENT,,,376.03,GBP,,BP,,
9f558ae183606e2a2f75290318d83a48,2021-01-12T00:00:00Z,AA MEMBERSHIP,-23.11,GBP,DEBIT,DIRECT_DEBIT,,,352.92,GBP,,DD,,
b7e03f97233812aaa29b069761757154,2021-01-11T00:00:00Z,CIRCLE UK TRADING,50.0,GBP,CREDIT,CREDIT,,,402.92,GBP,,FPI,,
f6e28a9817a51fb01efc7501490692e0,2021-01-11T00:00:00Z,MS JANE DOE,50.0,GBP,CREDIT,TRANSFER,,,452.92,GBP,,TFR,,
d3f8d08601890b3073d35dacbe018234,2021-01-11T00:00:00Z,WORKING TAX CREDIT,22.42,GBP,CREDIT,CREDIT,,,475.34,GBP,,BGC,,
8a8536adb275cce7add22bc8357562ba,2021-01-11T00:00:00Z,BUTLINS HOLIDAYS,-17.0,GBP,DEBIT,PURCHASE,,,458.34,GBP,,DEB,,
3dacc94662eec2d19276524fa0543e66,2021-01-10T00:00:00Z,AXA WEALTH LTD,-40.0,GBP,DEBIT,DIRECT_DEBIT,,,418.34,GBP,,DD,,
2a502288640be42e7494246549d9ebef,2021-01-10T00:00:00Z,ASDA STORES LTD,-5.0,GBP,DEBIT,PURCHASE,,,413.34,GBP,,DEB,,
83917dc963403778abb67d6577784cc3,2021-01-10T00:00:00Z,RETURNED DD,40.0,GBP,CREDIT,CREDIT,,,453.34,GBP,,DEP,,
0858546aa9abe174bb8b4bd453f31dc1,2021-01-10T00:00:00Z,CIRCLE UK TRADING,50.36,GBP,CREDIT,CREDIT,,,503.7,GBP,,FPI,,
2d1ecc9b3110f9bf69a6aca0fa3dffdc,2021-01-10T00:00:00Z,OUTGOING DD,-30.0,GBP,DEBIT,DIRECT_DEBIT,,,473.7,GBP,,DD,,
fcfa928e77f301630703eac52ee51492,2021-01-10T00:00:00Z,EDF ENERGY,-24.5,GBP,DEBIT,BILL_PAYMENT,,,449.2,GBP,,BP,,
0ffec0503c9ad57e5a1b922e320335bd,2021-01-09T00:00:00Z,DVLA LICENCE,-23.62,GBP,DEBIT,DIRECT_DEBIT,,,425.58,GBP,,DD,,
c60bb78116e664016eec65d988ba639c,2021-01-09T00:00:00Z,DVLA TAX,-20.56,GBP,DEBIT,DIRECT_DEBIT,,,405.02,GBP,,DD,,
dee4be85d22a0348ebdda50fbbb40f4c,2021-01-09T00:00:00Z,SAVE THE CHANGE,-0.41,GBP,DEBIT,BILL_PAYMENT,,,404.61,GBP,,BP,,
ab420f6dc3bdeea84e1d613f5f859276,2021-01-09T00:00:00Z,MS JANE DOE,70.0,GBP,CREDIT,TRANSFER,,,474.61,GBP,,TFR,,
e44f2c6857eb0e41d397c30f23b7b2d2,2021-01-08T00:00:00Z,SAVE THE CHANGE,-0.01,GBP,DEBIT,BILL_PAYMENT,,,474.6,GBP,,BP,,
6df3f4d09e86260aecda16e47c3bba9b,2021-01-08T00:00:00Z,WORKING TAX CREDIT,22.42,GBP,CREDIT,CREDIT,,,497.02,GBP,,BGC,,
4da28118e57246392f59ddd6e9a14e9f,2021-01-08T00:00:00Z,CREDITREPORTSERVIC,-14.99,GBP,DEBIT,PURCHASE,,,482.03,GBP,,DEB,,
c4a19a61a300d4838a35f539ceeee309,2021-01-08T00:00:00Z,REGENDA REDWING RE,-100.0,GBP,DEBIT,PURCHASE,,,382.03,GBP,,DEB,,
b8080bc00129a6eb9513a669a5c2057a,2021-01-08T00:00:00Z,BROADWAY GAMING LT CD 0315,-10.0,GBP,DEBIT,PURCHASE,,,372.03,GBP,,DEB,,
2a3bffb80d36e83f92d92c8e2095bec3,2021-01-08T00:00:00Z,SAVE THE CHANGE,-0.69,GBP,DEBIT,BILL_PAYMENT,,,371.34,GBP,,BP,,
7cb769a820ce7e4dc243430dab0e4693,2021-01-08T00:00:00Z,SAVE THE CHANGE,-1.04,GBP,DEBIT,BILL_PAYMENT,,,370.3,GBP,,BP,,
4a5ad52de39cfd5dddd373fa3c218067,2021-01-08T00:00:00Z,BOOKER LIMITED BLA,-24.31,GBP,DEBIT,PURCHASE,,,345.99,GBP,,DEB,,
3f061181e5fbf3f51dc92b7a73d8f9d6,2021-01-07T00:00:00Z,EE & T-MOBILE,-82.37,GBP,DEBIT,PURCHASE,,,263.62,GBP,,DEB,,
3ccbc4409982ad1541731c9836f3a45f,2021-01-07T00:00:00Z,SAVE THE CHANGE,-1.15,GBP,DEBIT,BILL_PAYMENT,,,262.47,GBP,,BP,,
600553577ed4489d3f58a6a61bf87f40,2021-01-07T00:00:00Z,MS JANE DOE,-70.0,GBP,DEBIT,TRANSFER,,,192.47,GBP,,TFR,,
a50a5c96a8326f5d8c5b1dda256dfa6a,2021-01-07T00:00:00Z,18db38 Betropolis LTD LC Betropolis,-10.0,GBP,DEBIT,PURCHASE,,,45.1,GBP,,DEB,,
ecd7d7ca6e54195864eccb0160756010,2021-01-06T00:00:00Z,TESCO MOBILE LTD,-28.25,GBP,DEBIT,PURCHASE,,,164.22,GBP,,DEB,,
19652ea536e4f1330fadb7f610a17b79,2021-01-06T00:00:00Z,WORKING TAX CREDIT,22.42,GBP,CREDIT,CREDIT,,,186.64,GBP,,BGC,,
fd5e611ddbf7fe5bdfd6c3384c9d4810,2021-01-06T00:00:00Z,W M MORRISONS PLC,-12.89,GBP,DEBIT,PURCHASE,,,173.75,GBP,,DEB,,
e992aebce4fa1ea089f73d3d37ef19de,2021-01-06T00:00:00Z,TESCO MOBILE LTD,-50.0,GBP,DEBIT,PURCHASE,,,123.75,GBP,,DEB,,
94325f24c8b95d3c7d61b6d3a3b55820,2021-01-06T00:00:00Z,HOME BARGAINS FLEE,-9.71,GBP,DEBIT,PURCHASE,,,114.04,GBP,,DEB,,
349289f127ad04d752a3be1b8907129a,2021-01-06T00:00:00Z,CHILD TAX CREDIT,346.35,GBP,CREDIT,CREDIT,,,460.39,GBP,,BGC,,
9d7ee2ad72bf55a1c32471446fb1350c,2021-01-06T00:00:00Z,MR JOHN SMITH,137.6,GBP,CREDIT,CREDIT,,,597.99,GBP,,BGC,,
7c3bbc6268bd0c5a3c64a811d639fdb1,2021-01-06T00:00:00Z,MS JANE DOE,61.89,GBP,CREDIT,TRANSFER,,,659.88,GBP,,TFR,,
28187172076bb0f1204036313df130ae,2021-01-06T00:00:00Z,SAVE THE CHANGE,-0.01,GBP,DEBIT,BILL_PAYMENT,,,659.87,GBP,,BP,,
dd1a343748dbbc86bae66623fe8d5c1d,2021-01-06T00:00:00Z,AMAZON PRIME,-5.0,GBP,DEBIT,PURCHASE,,,654.87,GBP,,DEB,,
b57111114e31589480f505fcc9b46995,2021-01-05T00:00:00Z,LNK ATM WITHDRAWAL,-60.0,GBP,DEBIT,ATM,,,594.87,GBP,,CPT,,
50176a884ab0c39aea129577a460bf97,2021-01-05T00:00:00Z,SAVE THE CHANGE,-1.89,GBP,DEBIT,BILL_PAYMENT,,,592.98,GBP,,BP,,
d3170fb1114007aff6acccc994793567,2021-01-05T00:00:00Z,THE INSURANCE EMPO,-5.79,GBP,DEBIT,DIRECT_DEBIT,,,587.19,GBP,,DD,,
512f5c26b0aeb580a9128543d4f1d975,2021-01-05T00:00:00Z,AMAZON PRIME,-7.99,GBP,DEBIT,PURCHASE,,,579.2,GBP,,DEB,,
8ceaedd3634f620cf8e579be8c839067,2021-01-05T00:00:00Z,VANQUIS BANK,-23.15,GBP,DEBIT,PURCHASE,,,556.05,GBP,,DEB,,
2bdaec714ee6879ad6936ced6b5f6cbd,2021-01-05T00:00:00Z,AA INSURANCE,-12.73,GBP,DEBIT,DIRECT_DEBIT,,,543.32,GBP,,DD,,
c9544e4c876c88564fda27c528b47fb5,2021-01-05T00:00:00Z,WWW.TAILS.COM,-6.37,GBP,DEBIT,PURCHASE,,,536.95,GBP,,DEB,,
1969f444707a47f056fd11c71030f97b,2021-01-05T00:00:00Z,ANNATAR,-20.0,GBP,DEBIT,PURCHASE,,,516.95,GBP,,DEB,,
aa6f569a343d6ea867148cf9be23fcd5,2021-01-04T00:00:00Z,ANNATAR LIMITED,10.0,GBP,CREDIT,PURCHASE,,,526.95,GBP,,DEB,,
d2728b3df5ce5f7bcfde2c2eeab28f4c,2021-01-04T00:00:00Z,ANYVAN LTD,70.0,GBP,CREDIT,CREDIT,,,596.95,GBP,,FPI,,
84b358e128f0a058e6b85c8264c644c4,2021-01-04T00:00:00Z,ANYVAN LTD,59.17,GBP,CREDIT,CREDIT,,,656.12,GBP,,FPI,,
26c428f85412eda22ddb78db1d102793,2021-01-04T00:00:00Z,LNK ATM LONDON,-20.0,GBP,DEBIT,ATM,,,636.12,GBP,,CPT,,
f02134bdf25729cb688b0a3e80014afe,2021-01-04T00:00:00Z,LAPTOP DIRECT LTD.,-5.0,GBP,DEBIT,PURCHASE,,,631.12,GBP,,DEB,,
fb89469295c3ececce8123b90b1c3d9c,2021-01-04T00:00:00Z,ANIMAL FRIENDS LTD,-3.07,GBP,DEBIT,DIRECT_DEBIT,,,628.05,GBP,,DD,,
b1fa5d069a2e45be3e34d947a9e3bc86,2021-01-04T00:00:00Z,LNK ATM WITHDRAWAL,-100.0,GBP,DEBIT,ATM,,,528.05,GBP,,CPT,,
3e72316da4ec2ad4d51b4045de1c48e6,2021-01-04T00:00:00Z,MR JOHN SMITH,100.0,GBP,CREDIT,TRANSFER,,,628.05,GBP,,TFR,,
ad40ae5403dfb7d853a7117d335217d9,2021-01-04T00:00:00Z,INTUIT LIMITED,-3.59,GBP,DEBIT,DIRECT_DEBIT,,,624.46,GBP,,DD,,
e954e3640274786ae8a1642ee8e59e66,2021-01-04T00:00:00Z,PAYPAL EBAY,25.0,GBP,CREDIT,PURCHASE,,,649.46,GBP,,DEB,,
77669c4e1d7c4829c6d8061727983e38,2021-01-04T00:00:00Z,RENT,-130.0,GBP,DEBIT,BILL_PAYMENT,,,519.46,GBP,,BP,,
57421610dd95f3899321efea074d5fbc,2021-01-03T00:00:00Z,MS JANE DOE,0.89,GBP,CREDIT,TRANSFER,,,520.35,GBP,,TFR,,
61661787cc09f95d910dbbae6c49b377,2021-01-03T00:00:00Z,SAVE THE CHANGE,-0.41,GBP,DEBIT,BILL_PAYMENT,,,519.94,GBP,,BP,,
b8b5ea43e3d35bf1f27790969657268e,2021-01-03T00:00:00Z,MS JANE DOE,130.0,GBP,CREDIT,TRANSFER,,,649.94,GBP,,TFR,,
dcd59efdd534333e9766385210041462,2021-01-03T00:00:00Z,MR JOHN SMITH,7.0,GBP,CREDIT,TRANSFER,,,656.94,GBP,,TFR,,
4398ffdf7db291de770fbcbdf7fb266e,2021-01-03T00:00:00Z,AA MEMBERSHIP,-23.11,GBP,DEBIT,DIRECT_DEBIT,,,633.83,GBP,,DD,,
d282110fbebf7306ac8b21b785c9e23c,2021-01-03T00:00:00Z,VIRGIN GAMES,35.49,GBP,CREDIT,PURCHASE,,,669.32,GBP,,DEB,,
3b13eccbc0b77bbeb61f955dab691db2,2021-01-03T00:00:00Z,SAVE THE CHANGE,-0.01,GBP,DEBIT,BILL_PAYMENT,,,669.31,GBP,,BP,,
b88a75fbf38173b8dc123b87f84db9f0,2021-01-03T00:00:00Z,GOOGLE PLAY STORE,-2.99,GBP,DEBIT,PURCHASE,,,666.32,GBP,,DEB,,
ddde996c3fd9b980d63dd1b4477a83c0,2021-01-03T00:00:00Z,TESCO EXTRA,-30.0,GBP,DEBIT,PURCHASE,,,636.32,GBP,,DEB,,
ba0e356509179061461db9ce4d1d5d20,2021-01-03T00:00:00Z,RETURNED DIRECT DEBIT,40.0,GBP,CREDIT,CREDIT,,,676.32,GBP,,DEP,,
8e3ba09cf36d9ce009074d89a4b4036b,2021-01-03T00:00:00Z,LNK ATM LONDON,-40.0,GBP,DEBIT,ATM,,,636.32,GBP,,CPT,,
676096a5cd450769ff3764d4b6f57ad0,2021-01-03T00:00:00Z,WWW.ASDA.COM,-5.0,GBP,DEBIT,PURCHASE,,,631.32,GBP,,DEB,,
2c8959a252ff9a30b11217ef789b3796,2021-01-02T00:00:00Z,MR JOHN SMITH,30.0,GBP,CREDIT,TRANSFER,,,661.32,GBP,,TFR,,
1fdea203305d6bf804b04d14d8f6922d,2021-01-02T00:00:00Z,LNK ATM LONDON,-30.0,GBP,DEBIT,ATM,,,631.32,GBP,,CPT,,
db73b12aa5a68f5eacc8691ab145fe2a,2021-01-02T00:00:00Z,MR JOHN SMITH,10.0,GBP,CREDIT,TRANSFER,,,641.32,GBP,,TFR,,
3ff691aecabefcda2b74be57dd40208b,2021-01-02T00:00:00Z,SAVE THE CHANGE,-0.59,GBP,DEBIT,BILL_PAYMENT,,,640.73,GBP,,BP,,
496b8048708fb3db17af261e86b20379,2021-01-01T00:00:00Z,TALKTALK TELECOM,-46.82,GBP,DEBIT,PURCHASE,,,593.91,GBP,,DEB,,
8ad167bde2bec8fa0244a142a2c9ec3b,2021-01-01T00:00:00Z,ACCOUNT OVERDRAFT FEE,-0.01,GBP,DEBIT,BILL_PAYMENT,,,593.9,GBP,,BP,,
c51489907c8d58d73191c0e8b6db6e44,2021-01-01T00:00:00Z,MR JOHN SMITH,-227.0,GBP,DEBIT,TRANSFER,,,366.9,GBP,,TFR,,
cdb76a69a980bd9ba2e802c07c911c0c,2021-01-01T00:00:00Z,TESCO,-39.99,GBP,DEBIT,PURCHASE,,,326.91,GBP,,DEB,,
1e2b6885d04de283a043ca822fe31ade,2021-01-01T00:00:00Z,REVOLUT,-0.01,GBP,DEBIT,PURCHASE,,,326.9,GBP,,DEB,,
5326732540a0a893911f2a9b613011ff,2021-01-01T00:00:00Z,CENTRA,-0.01,GBP,DEBIT,PURCHASE,,,326.89,GBP,,DEB,,
445417e24ce7dcd504bf62075148e8ea,2021-01-01T00:00:00Z,DUNNES STORES,-0.01,GBP,DEBIT,PURCHASE,,,326.88,GBP,,DEB,,
3e11e165bf06d79e581cd181cb7bb3cf,2021-01-01T00:00:00Z,SPAR,-0.01,GBP,DEBIT,PURCHASE,,,326.87,GBP,,DEB,,
c866125a432cc15eaa973d3011b859b5,2021-01-01T00:00:00Z,SPAR,-0.01,GBP,DEBIT,PURCHASE,,,326.86,GBP,,DEB,,
cb9ebced0ff4d2a8d39d2eccf2ffe560,2021-01-01T00:00:00Z,SUPERVALUE,-0.01,GBP,DEBIT,PURCHASE,,,326.85,GBP,,DEB,,
0ef4ea59e62897801922a3f2dc69e9e7,2021-01-01T00:00:00Z,LIDL,-0.01,GBP,DEBIT,PURCHASE,,,326.84,GBP,,DEB,,
0c927306403c20ca58a2cc4580af76c3,2021-01-01T00:00:00Z,APLLEGREEN,-0.01,GBP,DEBIT,PURCHASE,,,326.83,GBP,,DEB,,
e4dda3a356c9a0cb3199c7879a62f5e1,2021-01-01T00:00:00Z,MCDONALD'S,-0.01,GBP,DEBIT,PURCHASE,,,326.82,GBP,,DEB,,
4e3cd784a47bea5e3fb5148c09b48e26,2021-01-01T00:00:00Z,HARVEY NORMAN,-0.01,GBP,DEBIT,PURCHASE,,,326.81,GBP,,DEB,,
8be7768dc179749db3273457996387aa,2021-01-01T00:00:00Z,ULSTER BANK,-0.01,GBP,DEBIT,PURCHASE,,,326.8,GBP,,DEB,,
534696c7b101b1f7a0bd8c1639746669,2021-01-01T00:00:00Z,CIRCLE K,-0.01,GBP,DEBIT,PURCHASE,,,326.79,GBP,,DEB,,
9eed134b24f4aa43b9b0a417735bc5e6,2021-01-01T00:00:00Z,BET365,-0.01,GBP,DEBIT,PURCHASE,,,326.78,GBP,,DEB,,
deae7b1236a96b11b119ab78748ff62c,2021-01-01T00:00:00Z,ACCOUNT OVERDRAFT FEE,-0.01,GBP,DEBIT,BILL_PAYMENT,,,326.77,GBP,,BP,,
39edecf3fa5b5222abfc46e2207c66d4,2021-01-01T00:00:00Z,Sainsbury's,-23.99,GBP,DEBIT,PURCHASE,,,302.78,GBP,,DEB,,
59184f880cf8a90079f84f6e2bda4d5e,2021-01-01T00:00:00Z,MR JOHN SMITH,-20.91,GBP,DEBIT,TRANSFER,,,282.78,GBP,,TFR,,
74f556a9cf31bbda3b4786dc3856ae39,2021-01-01T00:00:00Z,NUDE FINANCE,-10.0,GBP,DEBIT,PURCHASE,,,272.78,GBP,,DEB,,
b303a04e3d25be620bf5c63a2a017366,2021-01-01T00:00:00Z,E.ON NEXT,-10.0,GBP,DEBIT,PURCHASE,,,262.78,GBP,,DEB,,
c6a1cfaf9ad33f34a57fa1169c754672,2021-01-01T00:00:00Z,L&G INSURANCE,-10.0,GBP,DEBIT,PURCHASE,,,252.78,GBP,,DEB,,
e42519bea6c2ca571fc4694123b22558,2021-01-01T00:00:00Z,HALIFAX,-10.0,GBP,DEBIT,PURCHASE,,,242.78,GBP,,DEB,,
bd0f2e9f53a3b431542f759bd2622fbc,2021-01-01T00:00:00Z,OVO ENERGY,-10.0,GBP,DEBIT,PURCHASE,,,232.78,GBP,,DEB,,
